type,start,end
TC1,1946-07-16 15:10,1946-07-17 11:15
TC8,1946-07-17 11:15,1946-07-18 10:30
TC9,1946-07-18 10:30,1946-07-18 14:15
TC10,1946-07-18 14:15,1946-07-18 19:00
TC8,1946-07-18 19:00,1946-07-18 21:00
TC1,1946-08-29 00:00,1946-08-29 11:40
TC1,1946-09-06 16:30,1946-09-07 06:00
TC8,1946-09-07 06:00,1946-09-07 10:40
TC1,1946-09-11 08:20,1946-09-12 13:05
TC1,1946-09-25 11:35,1946-09-26 04:40
TC1,1946-10-13 08:40,1946-10-13 17:15
TC8,1946-10-13 17:15,1946-10-14 05:00
TC1,1946-10-14 05:00,1946-10-14 09:20
TC1,1947-06-21 19:20,1947-06-22 06:40
TC1,1947-07-18 14:35,1947-07-19 09:30
TC1,1947-08-29 08:45,1947-08-30 07:30
TC1,1947-09-25 03:10,1947-09-25 10:40
TC1,1947-10-02 06:10,1947-10-03 09:20
TC1,1947-10-06 15:30,1947-10-06 23:15
TC8,1947-10-06 23:15,1947-10-07 15:00
TC8,1947-10-07 15:00,1947-10-08 04:00
TC1,1948-07-22 14:45,1948-07-22 21:40
TC8,1948-07-22 21:40,1948-07-23 05:00
TC1,1948-07-23 05:00,1948-07-23 11:15
TC1,1948-07-27 03:50,1948-07-27 08:00
TC8,1948-07-27 08:00,1948-07-27 14:20
TC8,1948-07-27 14:20,1948-07-27 17:20
TC8,1948-07-27 17:20,1948-07-28 04:30
TC1,1948-09-02 14:20,1948-09-02 21:20
TC8,1948-09-02 21:20,1948-09-03 04:00
TC8,1948-09-03 04:00,1948-09-03 15:20
TC1,1948-09-25 11:15,1948-09-26 11:15
TC8,1948-09-26 11:15,1948-09-27 04:35
TC1,1949-07-27 12:30,1949-07-28 06:30
TC1,1949-09-07 11:30,1949-09-07 18:40
TC8,1949-09-07 18:40,1949-09-08 00:45
TC9,1949-09-08 00:45,1949-09-08 04:10
TC8,1949-09-08 04:10,1949-09-08 08:00
TC1,1949-10-03 14:20,1949-10-04 11:25
TC1,1949-10-22 03:00,1949-10-22 10:30
TC3,1950-06-28 22:45,1950-06-29 10:30
TC1,1950-07-26 11:15,1950-07-27 10:10
TC3,1950-09-30 09:00,1950-10-01 08:50
TC1,1950-10-02 15:00,1950-10-03 23:00
TC8,1950-10-03 23:00,1950-10-05 06:00
TC9,1950-10-05 06:00,1950-10-05 12:00
TC8,1950-10-05 12:00,1950-10-05 22:15
TC3,1950-11-24 14:40,1950-11-25 06:40
TC3,1951-05-12 10:00,1951-05-13 09:40
TC8,1951-05-13 09:40,1951-05-13 16:15
TC3,1951-06-18 21:45,1951-06-19 15:05
TC8,1951-06-19 15:05,1951-06-19 22:00
TC1,1951-07-31 09:00,1951-07-31 23:00
TC8,1951-07-31 23:00,1951-08-01 16:45
TC9,1951-08-01 16:45,1951-08-01 22:15
TC8,1951-08-01 22:15,1951-08-02 07:10
TC3,1951-08-17 00:20,1951-08-17 09:20
TC1,1951-09-02 06:00,1951-09-02 20:05
TC1,1951-09-19 16:00,1951-09-21 09:00
TC1,1951-09-25 10:30,1951-09-25 16:30
TC8,1951-09-25 16:30,1951-09-26 04:30
WMSGNL,1951-12-04 21:00,1951-12-05 20:15
WMSGNL,1951-12-27 08:40,1951-12-27 16:30
TC3,1952-06-10 15:05,1952-06-11 13:10
TC8,1952-06-11 13:10,1952-06-12 06:20
TC8,1952-06-12 06:20,1952-06-12 10:00
TC1,1952-07-05 04:30,1952-07-06 09:00
TC3,1952-07-30 02:30,1952-07-30 08:00
TC3,1952-08-11 05:00,1952-08-11 21:45
TC3,1952-08-19 17:40,1952-08-19 22:30
TC3,1952-08-26 21:00,1952-08-28 10:15
TC1,1952-09-05 08:20,1952-09-06 08:45
TC3,1952-09-13 05:15,1952-09-14 14:00
TC3,1952-09-17 09:00,1952-09-18 04:45
TC3,1953-06-29 01:30,1953-07-01 06:05
TC1,1953-08-12 14:15,1953-08-12 23:15
TC8,1953-08-12 23:15,1953-08-14 04:50
TC3,1953-09-01 14:30,1953-09-02 01:30
TC8,1953-09-02 01:30,1953-09-02 07:10
TC8,1953-09-02 07:10,1953-09-02 11:20
TC1,1953-09-16 11:40,1953-09-17 05:50
TC8,1953-09-17 05:50,1953-09-18 14:00
TC9,1953-09-18 14:00,1953-09-18 20:10
TC8,1953-09-18 20:10,1953-09-19 07:00
TC3,1953-09-26 17:15,1953-09-28 04:50
TC3,1953-10-31 09:40,1953-11-01 21:55
WMSGNL,1953-11-11 10:30,1953-11-12 09:40
WMSGNL,1954-02-14 19:00,1954-02-15 09:20
WMSGNL,1954-02-19 07:10,1954-02-20 04:45
WMSGNL,1954-03-29 10:30,1954-03-29 21:00
WMSGNL,1954-04-27 09:30,1954-04-28 09:15
TC3,1954-05-11 15:00,1954-05-12 11:00
TC1,1954-08-05 08:00,1954-08-05 15:00
TC3,1954-08-05 15:00,1954-08-06 07:00
TC1,1954-08-28 11:00,1954-08-29 08:15
TC8,1954-08-29 08:15,1954-08-29 10:30
TC9,1954-08-29 10:30,1954-08-29 16:45
TC8,1954-08-29 16:45,1954-08-30 04:00
TC3,1954-09-03 05:20,1954-09-03 22:00
TC1,1954-10-09 04:15,1954-10-09 20:20
TC8,1954-10-09 20:20,1954-10-10 06:30
TC1,1954-11-05 11:30,1954-11-05 20:20
TC8,1954-11-05 20:20,1954-11-06 10:15
TC9,1954-11-06 10:15,1954-11-06 15:00
TC8,1954-11-06 15:00,1954-11-06 17:00
TC1,1954-11-09 16:00,1954-11-10 21:00
TC3,1954-11-10 21:00,1954-11-11 22:15
TC3,1955-06-02 21:30,1955-06-04 09:30
TC3,1955-06-26 07:45,1955-06-27 05:15
TC3,1955-09-24 09:50,1955-09-26 05:05
WMSGNL,1956-04-05 07:15,1956-04-06 17:30
WMSGNL,1956-04-21 05:15,1956-04-21 16:30
WMSGNL,1956-04-28 08:20,1956-05-01 06:10
WMSGNL,1956-05-06 06:00,1956-05-07 06:40
WMSGNL,1956-05-11 13:10,1956-05-13 13:30
WMSGNL,1956-05-14 07:50,1956-05-16 06:15
TC1,1956-06-05 11:50,1956-06-05 13:10
TC3,1956-06-05 13:10,1956-06-06 12:20
WMSGNL,1956-06-13 11:00,1956-06-13 23:00
WMSGNL,1956-06-16 06:15,1956-06-16 15:10
TC1,1956-07-07 09:10,1956-07-07 11:50
TC3,1956-07-07 11:50,1956-07-08 06:40
TC1,1956-08-11 09:45,1956-08-12 06:30
TC1,1956-08-29 10:40,1956-08-29 21:55
TC3,1956-08-29 21:55,1956-08-31 00:55
WMSGNL,1956-09-27 11:15,1956-09-28 13:30
WMSGNL,1956-09-29 06:30,1956-09-30 15:00
WMSGNL,1956-10-11 15:35,1956-10-12 06:30
TC1,1956-10-21 16:30,1956-10-23 10:15
TC3,1956-10-23 10:15,1956-10-25 06:55
WMSGNL,1956-10-25 06:55,1956-10-25 15:40
WMSGNL,1956-10-25 21:20,1956-10-26 06:00
WMSGNL,1956-11-18 05:50,1956-11-18 11:50
WMSGNL,1956-12-04 07:30,1956-12-04 12:00
WMSGNL,1956-12-09 23:15,1956-12-10 12:00
WMSGNL,1957-01-08 09:20,1957-01-08 15:50
WMSGNL,1957-01-12 17:30,1957-01-14 06:00
WMSGNL,1957-01-31 06:45,1957-02-01 12:15
WMSGNL,1957-02-03 19:15,1957-02-04 18:15
WMSGNL,1957-02-17 08:00,1957-02-17 17:10
WMSGNL,1957-02-20 08:30,1957-02-20 18:00
WMSGNL,1957-02-28 06:25,1957-02-28 15:05
WMSGNL,1957-03-06 02:00,1957-03-06 17:15
WMSGNL,1957-03-12 09:15,1957-03-13 07:15
WMSGNL,1957-03-22 00:05,1957-03-22 16:20
WMSGNL,1957-03-26 07:30,1957-03-26 13:20
WMSGNL,1957-04-02 13:30,1957-04-03 04:15
WMSGNL,1957-04-14 21:10,1957-04-15 06:20
WMSGNL,1957-04-29 06:30,1957-04-29 11:00
WMSGNL,1957-06-05 06:30,1957-06-05 13:20
TC3,1957-07-03 15:40,1957-07-04 09:25
TC1,1957-07-15 11:20,1957-07-15 18:35
TC3,1957-07-15 18:35,1957-07-16 15:00
TC8,1957-07-16 15:00,1957-07-17 00:30
TC8,1957-07-17 00:30,1957-07-17 09:20
TC3,1957-07-17 09:20,1957-07-17 13:30
TC3,1957-08-16 06:30,1957-08-18 21:20
TC3,1957-08-20 13:45,1957-08-21 05:30
TC1,1957-09-13 09:25,1957-09-15 08:50
TC1,1957-09-21 09:20,1957-09-21 12:10
TC3,1957-09-21 12:10,1957-09-22 03:00
TC8,1957-09-22 03:00,1957-09-22 11:30
TC8,1957-09-22 11:30,1957-09-22 11:50
TC10,1957-09-22 11:50,1957-09-22 19:45
TC8,1957-09-22 19:45,1957-09-23 05:00
TC3,1957-09-23 05:00,1957-09-23 22:15
WMSGNL,1957-09-25 20:00,1957-09-26 16:18
WMSGNL,1957-09-28 10:45,1957-09-28 19:45
WMSGNL,1957-10-10 23:20,1957-10-11 10:15
WMSGNL,1957-10-13 08:50,1957-10-13 16:30
WMSGNL,1957-10-14 00:45,1957-10-14 10:05
TC1,1957-10-14 11:40,1957-10-14 15:30
TC3,1957-10-14 15:30,1957-10-15 01:10
TC8,1957-10-15 01:10,1957-10-15 13:00
TC3,1957-10-15 13:00,1957-10-16 04:35
WMSGNL,1957-10-17 05:10,1957-10-18 05:45
WMSGNL,1957-10-29 02:15,1957-10-29 11:25
WMSGNL,1957-11-22 10:15,1957-11-23 10:20
WMSGNL,1957-11-28 04:05,1957-11-29 09:18
WMSGNL,1957-12-18 11:40,1957-12-19 06:25
WMSGNL,1958-01-22 05:20,1958-01-22 11:00
WMSGNL,1958-02-28 09:15,1958-03-01 06:30
WMSGNL,1958-03-03 19:10,1958-03-04 09:10
WMSGNL,1958-03-27 09:15,1958-03-28 06:00
WMSGNL,1958-03-30 06:30,1958-03-30 11:30
WMSGNL,1958-04-28 05:40,1958-04-28 17:00
WMSGNL,1958-05-12 15:10,1958-05-13 17:35
WMSGNL,1958-05-17 05:45,1958-05-17 23:10
WMSGNL,1958-05-27 18:00,1958-05-28 15:20
WMSGNL,1958-05-28 20:00,1958-05-29 13:50
TC3,1958-05-29 13:50,1958-05-30 15:20
TC8,1958-05-30 15:20,1958-05-31 02:45
TC3,1958-05-31 02:45,1958-05-31 11:55
TC1,1958-08-05 21:30,1958-08-06 08:45
TC3,1958-08-06 08:45,1958-08-09 04:30
TC1,1958-09-01 15:25,1958-09-02 01:00
WMSGNL,1958-09-07 10:30,1958-09-07 22:50
TC1,1958-09-08 21:20,1958-09-09 09:25
TC3,1958-09-09 09:25,1958-09-11 07:20
TC1,1958-09-29 09:05,1958-09-29 21:15
TC3,1958-09-29 21:15,1958-09-30 06:30
WMSGNL,1958-10-22 19:00,1958-10-23 06:00
WMSGNL,1958-10-25 22:45,1958-10-27 09:00
WMSGNL,1958-12-28 20:15,1958-12-29 08:10
WMSGNL,1959-01-06 08:15,1959-01-07 10:00
WMSGNL,1959-01-10 07:00,1959-01-10 13:00
WMSGNL,1959-01-10 20:25,1959-01-11 06:25
WMSGNL,1959-01-29 22:10,1959-01-30 07:00
WMSGNL,1959-01-31 07:00,1959-01-31 17:45
WMSGNL,1959-03-11 21:25,1959-03-12 18:15
WMSGNL,1959-03-13 11:30,1959-03-14 06:00
TC1,1959-07-05 21:20,1959-07-06 10:00
TC3,1959-09-10 10:05,1959-09-11 10:00
WMSGNL,1959-11-09 08:30,1959-11-09 11:00
WMSGNL,1959-11-12 16:10,1959-11-13 07:20
WMSGNL,1959-12-07 05:20,1959-12-07 11:30
WMSGNL,1959-12-18 00:15,1959-12-18 09:00
WMSGNL,1960-01-01 05:15,1960-01-02 06:45
WMSGNL,1960-01-17 09:25,1960-01-17 18:05
WMSGNL,1960-02-10 20:20,1960-02-11 07:00
WMSGNL,1960-02-15 07:00,1960-02-15 10:30
WMSGNL,1960-03-13 03:45,1960-03-13 18:30
WMSGNL,1960-03-31 17:45,1960-04-01 06:00
TC1,1960-06-04 14:55,1960-06-04 18:05
TC3,1960-06-04 18:05,1960-06-06 20:40
TC8,1960-06-06 20:40,1960-06-08 08:15
TC8,1960-06-08 08:15,1960-06-09 00:07
TC9,1960-06-09 00:07,1960-06-09 02:30
TC10,1960-06-09 02:30,1960-06-09 11:40
TC8,1960-06-09 11:40,1960-06-09 15:30
TC3,1960-06-09 15:30,1960-06-09 22:20
TC1,1960-06-28 08:50,1960-06-28 10:45
TC3,1960-06-28 10:45,1960-06-29 05:45
TC8,1960-06-29 05:45,1960-06-29 08:30
TC8,1960-06-29 08:30,1960-06-29 21:30
TC8,1960-06-29 21:30,1960-06-30 04:30
TC3,1960-06-30 04:30,1960-06-30 08:15
TC1,1960-08-02 14:25,1960-08-03 05:45
TC1,1960-08-08 22:00,1960-08-09 17:50
TC1,1960-08-14 21:15,1960-08-15 08:45
TC3,1960-08-15 08:45,1960-08-15 21:15
TC1,1960-08-15 21:15,1960-08-16 08:40
WMSGNL,1960-08-18 22:10,1960-08-19 06:55
TC1,1960-08-20 10:30,1960-08-22 05:00
TC1,1960-08-24 15:45,1960-08-25 10:30
WMSGNL,1960-08-26 00:30,1960-08-26 13:05
TC1,1960-09-18 22:20,1960-09-19 11:20
TC3,1960-09-19 11:20,1960-09-20 07:00
TC1,1960-10-09 06:25,1960-10-09 22:30
TC3,1960-10-09 22:30,1960-10-12 05:00
TC1,1960-10-15 09:30,1960-10-16 08:10
WMSGNL,1961-01-16 06:05,1961-01-16 10:10
WMSGNL,1961-02-26 18:20,1961-02-27 09:30
WMSGNL,1961-04-09 11:00,1961-04-09 18:10
WMSGNL,1961-04-16 00:00,1961-04-16 13:00
TC1,1961-05-18 15:00,1961-05-18 17:40
TC3,1961-05-18 17:40,1961-05-19 04:50
TC8,1961-05-19 04:50,1961-05-19 07:35
TC9,1961-05-19 07:35,1961-05-19 09:30
TC10,1961-05-19 09:30,1961-05-19 12:00
TC8,1961-05-19 12:00,1961-05-19 18:30
TC3,1961-05-19 18:30,1961-05-20 01:00
TC1,1961-07-01 12:10,1961-07-01 18:30
TC3,1961-07-01 18:30,1961-07-02 21:40
TC1,1961-07-14 11:15,1961-07-15 10:15
TC1,1961-07-19 05:40,1961-07-19 14:45
TC3,1961-07-19 14:45,1961-07-19 21:40
TC1,1961-09-08 11:45,1961-09-08 16:15
TC3,1961-09-08 16:15,1961-09-09 16:45
TC8,1961-09-09 16:45,1961-09-10 01:35
TC8,1961-09-10 01:35,1961-09-10 07:10
TC3,1961-09-10 07:10,1961-09-10 12:10
TC1,1961-09-28 15:30,1961-09-28 22:30
TC3,1961-09-28 22:30,1961-09-30 05:30
WMSGNL,1961-12-15 03:40,1961-12-15 08:00
WMSGNL,1961-12-29 23:15,1961-12-30 10:20
WMSGNL,1962-02-13 02:30,1962-02-13 17:30
WMSGNL,1962-03-21 18:40,1962-03-22 05:40
WMSGNL,1962-04-03 07:00,1962-04-03 10:40
TC1,1962-07-10 21:45,1962-07-11 15:30
TC1,1962-07-20 09:45,1962-07-22 22:10
TC1,1962-08-30 18:45,1962-08-31 15:10
TC3,1962-08-31 15:10,1962-08-31 21:50
TC8,1962-08-31 21:50,1962-09-01 03:15
TC9,1962-09-01 03:15,1962-09-01 05:15
TC10,1962-09-01 05:15,1962-09-01 13:15
TC8,1962-09-01 13:15,1962-09-01 18:05
TC3,1962-09-01 18:05,1962-09-01 23:45
WMSGNL,1962-09-26 11:15,1962-09-28 05:40
TC1,1962-10-03 07:00,1962-10-03 09:30
TC3,1962-10-03 09:30,1962-10-04 10:00
WMSGNL,1962-10-14 18:50,1962-10-15 06:00
TC1,1963-06-28 22:30,1963-06-29 21:30
TC3,1963-06-29 21:30,1963-07-01 06:35
TC1,1963-07-21 09:55,1963-07-21 17:55
TC3,1963-07-21 17:55,1963-07-22 15:10
TC1,1963-08-15 05:45,1963-08-15 11:10
TC3,1963-08-15 11:10,1963-08-16 12:00
TC1,1963-09-05 10:00,1963-09-06 04:00
TC3,1963-09-06 04:00,1963-09-06 11:15
TC8,1963-09-06 11:15,1963-09-07 04:30
TC3,1963-09-07 04:30,1963-09-07 22:15
WMSGNL,1963-12-08 21:30,1963-12-09 15:10
WMSGNL,1964-02-04 12:10,1964-02-04 16:20
TC1,1964-05-26 06:00,1964-05-27 01:30
TC3,1964-05-27 01:30,1964-05-27 14:15
TC8,1964-05-27 14:15,1964-05-28 03:55
TC8,1964-05-28 03:55,1964-05-28 14:05
TC3,1964-05-28 14:05,1964-05-29 06:00
TC1,1964-06-30 21:50,1964-07-01 07:15
TC3,1964-07-01 07:15,1964-07-03 13:10
TC1,1964-08-07 15:45,1964-08-08 10:30
TC3,1964-08-08 10:30,1964-08-08 15:15
TC8,1964-08-08 15:15,1964-08-08 19:55
TC9,1964-08-08 19:55,1964-08-08 23:30
TC8,1964-08-08 23:30,1964-08-09 02:40
TC8,1964-08-09 02:40,1964-08-09 10:35
TC3,1964-08-09 10:35,1964-08-09 13:00
TC1,1964-09-04 05:15,1964-09-05 01:35
TC3,1964-09-05 01:35,1964-09-05 06:00
TC8,1964-09-05 06:00,1964-09-05 09:30
TC9,1964-09-05 09:30,1964-09-05 10:40
TC10,1964-09-05 10:40,1964-09-05 14:35
TC8,1964-09-05 14:35,1964-09-05 20:50
TC3,1964-09-05 20:50,1964-09-05 23:50
TC1,1964-09-09 10:00,1964-09-10 01:00
TC3,1964-09-10 01:00,1964-09-10 09:30
TC8,1964-09-10 09:30,1964-09-10 15:40
TC8,1964-09-10 15:40,1964-09-10 22:30
TC8,1964-09-10 22:30,1964-09-11 02:20
TC3,1964-09-11 02:20,1964-09-11 04:10
TC1,1964-09-15 03:40,1964-09-16 14:45
TC3,1964-09-16 14:45,1964-09-17 14:30
TC1,1964-09-17 14:30,1964-09-21 20:40
TC1,1964-09-30 09:55,1964-09-30 14:15
TC3,1964-09-30 14:15,1964-10-01 11:10
TC1,1964-10-06 15:00,1964-10-06 18:15
TC3,1964-10-06 18:15,1964-10-07 17:00
TC1,1964-10-10 10:15,1964-10-11 18:10
TC3,1964-10-11 18:10,1964-10-12 12:10
TC8,1964-10-12 12:10,1964-10-13 00:30
TC9,1964-10-13 00:30,1964-10-13 03:00
TC10,1964-10-13 03:00,1964-10-13 11:15
TC8,1964-10-13 11:15,1964-10-13 14:15
TC3,1964-10-13 14:15,1964-10-13 17:25
TC1,1964-10-22 21:30,1964-10-23 11:00
WMSGNL,1964-10-23 22:10,1964-10-25 11:10
WMSGNL,1964-12-17 08:00,1964-12-18 06:45
WMSGNL,1965-04-11 00:40,1965-04-11 17:45
TC1,1965-06-03 15:00,1965-06-04 16:05
TC1,1965-07-14 06:35,1965-07-14 14:45
TC3,1965-07-14 14:45,1965-07-14 21:10
TC8,1965-07-14 21:10,1965-07-15 02:20
TC8,1965-07-15 02:20,1965-07-15 05:30
TC3,1965-07-15 05:30,1965-07-15 13:05
TC1,1965-07-26 09:15,1965-07-27 03:15
TC1,1965-09-03 10:00,1965-09-04 13:40
TC3,1965-09-04 13:40,1965-09-05 05:30
TC1,1965-09-26 09:45,1965-09-26 15:30
TC3,1965-09-26 15:30,1965-09-28 05:25
TC1,1965-11-09 23:45,1965-11-10 11:35
TC3,1965-11-10 11:35,1965-11-11 06:45
TC1,1965-11-11 06:45,1965-11-11 19:30
TC3,1965-11-11 19:30,1965-11-13 06:40
WMSGNL,1965-12-16 19:55,1965-12-17 12:00
WMSGNL,1966-02-23 04:20,1966-02-23 09:50
WMSGNL,1966-03-18 18:35,1966-03-19 01:10
TC1,1966-05-28 05:00,1966-05-28 16:00
TC3,1966-05-28 16:00,1966-05-30 05:00
TC1,1966-07-12 13:50,1966-07-12 22:30
TC3,1966-07-12 22:30,1966-07-13 18:05
TC8,1966-07-13 18:05,1966-07-13 20:40
TC8,1966-07-13 20:40,1966-07-14 02:30
TC3,1966-07-14 02:30,1966-07-14 07:15
TC1,1966-07-16 18:00,1966-07-17 05:00
TC3,1966-07-17 05:00,1966-07-17 06:00
TC8,1966-07-17 06:00,1966-07-17 17:20
TC8,1966-07-17 17:20,1966-07-17 19:15
TC1,1966-07-24 15:50,1966-07-24 19:10
TC3,1966-07-24 19:10,1966-07-26 20:15
TC1,1966-08-14 12:10,1966-08-15 19:30
TC1,1966-09-12 15:15,1966-09-16 05:30
WMSGNL,1966-11-20 23:00,1966-11-21 11:15
WMSGNL,1966-11-25 15:15,1966-11-26 08:00
WMSGNL,1966-11-30 18:30,1966-12-02 07:30
WMSGNL,1967-01-15 12:30,1967-01-16 11:00
WMSGNL,1967-02-06 20:00,1967-02-07 14:45
WMSGNL,1967-02-14 11:10,1967-02-14 16:00
TC1,1967-04-09 12:00,1967-04-10 09:00
TC1,1967-06-29 15:10,1967-06-30 10:05
TC1,1967-07-30 15:30,1967-07-31 09:30
TC1,1967-08-02 06:25,1967-08-02 18:25
TC1,1967-08-15 07:00,1967-08-15 09:15
TC3,1967-08-15 09:15,1967-08-17 05:45
TC1,1967-08-20 03:20,1967-08-20 06:30
TC3,1967-08-20 06:30,1967-08-21 10:40
TC8,1967-08-21 10:40,1967-08-21 16:25
TC8,1967-08-21 16:25,1967-08-22 01:25
TC3,1967-08-22 01:25,1967-08-22 08:45
TC1,1967-08-29 09:50,1967-08-30 18:30
WMSGNL,1967-10-17 02:30,1967-10-17 08:45
TC3,1967-10-17 08:45,1967-10-18 22:15
TC8,1967-10-18 22:15,1967-10-19 11:20
TC3,1967-10-19 11:20,1967-10-20 05:10
TC1,1967-11-05 10:10,1967-11-07 06:10
TC3,1967-11-07 06:10,1967-11-08 06:10
WMSGNL,1967-11-30 02:30,1967-11-30 10:20
WMSGNL,1967-12-10 23:20,1967-12-11 07:40
WMSGNL,1968-01-09 02:30,1968-01-09 08:02
WMSGNL,1968-01-15 06:00,1968-01-15 10:00
WMSGNL,1968-02-15 01:10,1968-02-15 06:30
TC1,1968-07-26 08:40,1968-07-26 15:15
TC3,1968-07-26 15:15,1968-07-27 10:00
TC1,1968-07-27 10:00,1968-07-28 16:30
TC1,1968-08-11 06:45,1968-08-11 15:45
TC3,1968-08-11 15:45,1968-08-12 07:50
TC1,1968-08-20 05:10,1968-08-20 17:15
TC3,1968-08-20 17:15,1968-08-21 05:00
TC8,1968-08-21 05:00,1968-08-21 13:40
TC9,1968-08-21 13:40,1968-08-21 15:10
TC10,1968-08-21 15:10,1968-08-21 22:45
TC8,1968-08-21 22:45,1968-08-22 04:25
TC3,1968-08-22 04:25,1968-08-22 11:10
TC1,1968-08-31 17:00,1968-08-31 21:30
TC3,1968-08-31 21:30,1968-09-03 21:15
TC1,1968-09-07 14:00,1968-09-07 21:50
TC3,1968-09-07 21:50,1968-09-08 14:25
TC1,1968-09-29 06:25,1968-09-29 18:45
TC3,1968-09-29 18:45,1968-10-01 13:00
WMSGNL,1968-12-22 00:15,1968-12-22 13:00
WMSGNL,1969-01-11 22:30,1969-01-12 10:15
WMSGNL,1969-02-04 00:10,1969-02-04 06:45
WMSGNL,1969-02-04 20:30,1969-02-05 06:10
WMSGNL,1969-03-22 00:30,1969-03-22 09:00
WMSGNL,1969-04-04 15:15,1969-04-05 10:30
TC1,1969-07-27 12:45,1969-07-27 20:50
TC3,1969-07-27 20:50,1969-07-28 11:00
TC3,1969-07-28 17:25,1969-07-29 14:10
WMSGNL,1969-08-11 05:25,1969-08-11 18:05
TC1,1969-09-08 15:25,1969-09-09 21:30
TC1,1969-09-27 11:00,1969-09-28 05:25
TC1,1969-10-01 15:15,1969-10-02 10:00
WMSGNL,1969-11-25 00:10,1969-11-25 06:25
WMSGNL,1969-11-29 07:25,1969-11-29 15:10
WMSGNL,1969-11-29 21:15,1969-11-30 06:40
WMSGNL,1969-12-02 16:00,1969-12-03 11:20
WMSGNL,1969-12-08 10:30,1969-12-09 07:25
WMSGNL,1969-12-13 06:45,1969-12-13 11:00
WMSGNL,1970-01-30 08:15,1970-01-30 14:15
WMSGNL,1970-03-17 08:05,1970-03-17 17:15
WMSGNL,1970-03-20 02:15,1970-03-20 11:30
WMSGNL,1970-06-28 07:05,1970-06-28 14:30
TC1,1970-07-14 14:30,1970-07-15 21:40
TC3,1970-07-15 21:40,1970-07-16 04:45
TC8,1970-07-16 04:45,1970-07-16 09:30
TC8,1970-07-16 09:30,1970-07-16 11:00
TC8,1970-07-16 11:00,1970-07-16 13:30
TC3,1970-07-16 13:30,1970-07-16 21:15
TC1,1970-08-02 11:00,1970-08-02 16:30
TC3,1970-08-02 16:30,1970-08-03 15:15
TC1,1970-08-07 17:45,1970-08-08 11:00
TC3,1970-08-08 11:00,1970-08-09 10:30
TC1,1970-09-11 19:00,1970-09-12 19:00
TC3,1970-09-12 19:00,1970-09-13 21:20
TC8,1970-09-13 21:20,1970-09-14 03:00
TC8,1970-09-14 03:00,1970-09-14 10:10
TC3,1970-09-14 10:10,1970-09-14 16:30
WMSGNL,1970-09-27 02:30,1970-09-27 17:05
WMSGNL,1970-09-29 15:15,1970-09-30 11:00
TC1,1970-10-05 13:30,1970-10-06 05:45
TC3,1970-10-06 05:45,1970-10-07 16:15
TC1,1970-10-07 16:15,1970-10-08 09:15
WMSGNL,1970-10-15 15:30,1970-10-16 14:15
TC3,1970-10-16 14:15,1970-10-17 16:00
WMSGNL,1970-11-11 05:20,1970-11-11 11:45
WMSGNL,1970-11-15 06:00,1970-11-16 06:30
WMSGNL,1970-11-23 03:40,1970-11-23 12:00
WMSGNL,1971-01-03 03:40,1971-01-03 10:15
WMSGNL,1971-01-03 20:07,1971-01-05 06:30
WMSGNL,1971-02-05 11:15,1971-02-06 06:15
WMSGNL,1971-05-05 21:45,1971-05-06 11:00
TC1,1971-05-28 05:00,1971-05-29 07:20
TC1,1971-06-16 11:15,1971-06-16 22:10
TC3,1971-06-16 22:10,1971-06-17 09:20
TC8,1971-06-17 09:20,1971-06-18 01:10
TC8,1971-06-18 01:10,1971-06-18 05:15
TC8,1971-06-18 05:15,1971-06-18 13:10
TC3,1971-06-18 13:10,1971-06-18 15:10
TC1,1971-06-26 19:30,1971-06-27 04:30
TC3,1971-06-27 04:30,1971-06-27 22:45
TC1,1971-07-05 04:40,1971-07-05 16:10
TC1,1971-07-20 23:30,1971-07-21 14:45
TC3,1971-07-21 14:45,1971-07-22 02:00
TC8,1971-07-22 02:00,1971-07-22 11:30
TC8,1971-07-22 11:30,1971-07-22 15:10
TC3,1971-07-22 15:10,1971-07-23 01:35
TC1,1971-07-26 10:45,1971-07-26 18:00
TC3,1971-07-26 18:00,1971-07-27 08:35
TC1,1971-08-14 16:00,1971-08-16 04:05
TC3,1971-08-16 04:05,1971-08-16 08:50
TC8,1971-08-16 08:50,1971-08-16 11:25
TC8,1971-08-16 11:25,1971-08-16 20:10
TC9,1971-08-16 20:10,1971-08-16 21:50
TC10,1971-08-16 21:50,1971-08-17 03:40
TC8,1971-08-17 03:40,1971-08-17 08:15
TC3,1971-08-17 08:15,1971-08-17 11:00
WMSGNL,1971-09-19 02:15,1971-09-20 09:20
TC1,1971-09-28 06:20,1971-09-28 11:10
TC3,1971-09-28 11:10,1971-09-29 14:10
WMSGNL,1971-10-05 21:10,1971-10-07 05:40
TC1,1971-10-07 05:50,1971-10-07 20:30
TC3,1971-10-07 20:30,1971-10-08 17:30
WMSGNL,1971-10-08 21:55,1971-10-09 05:35
WMSGNL,1971-10-10 23:10,1971-10-12 09:10
WMSGNL,1971-11-13 22:30,1971-11-15 15:10
WMSGNL,1971-11-29 07:15,1971-11-30 11:10
WMSGNL,1971-12-23 23:05,1971-12-24 06:25
WMSGNL,1972-01-01 02:25,1972-01-01 10:15
WMSGNL,1972-04-01 22:00,1972-04-02 14:10
WMSGNL,1972-05-16 20:15,1972-05-17 11:00
TC1,1972-06-10 13:30,1972-06-11 08:40
WMSGNL,1972-06-16 04:20,1972-06-16 16:30
TC1,1972-06-26 05:15,1972-06-26 08:45
TC3,1972-06-26 08:45,1972-06-27 08:25
TC1,1972-07-08 10:15,1972-07-09 21:15
TC3,1972-07-09 21:15,1972-07-11 09:30
TC1,1972-07-11 09:30,1972-07-11 20:35
TC3,1972-07-11 20:35,1972-07-12 05:40
TC1,1972-07-13 04:20,1972-07-13 06:10
TC3,1972-07-13 06:10,1972-07-14 09:10
TC1,1972-07-14 09:10,1972-07-15 05:20
TC1,1972-08-25 22:00,1972-08-28 12:30
WMSGNL,1972-10-03 20:00,1972-10-04 05:30
WMSGNL,1972-10-21 18:15,1972-10-22 13:30
TC1,1972-11-07 16:00,1972-11-07 20:10
TC3,1972-11-07 20:10,1972-11-08 15:15
TC8,1972-11-08 15:15,1972-11-08 22:00
TC8,1972-11-08 22:00,1972-11-09 05:15
TC3,1972-11-09 05:15,1972-11-09 07:05
WMSGNL,1972-11-30 19:45,1972-12-01 06:30
WMSGNL,1972-12-12 04:30,1972-12-13 11:10
WMSGNL,1972-12-29 03:10,1972-12-30 06:00
WMSGNL,1973-01-01 22:05,1973-01-02 14:10
WMSGNL,1973-01-07 01:30,1973-01-07 06:20
WMSGNL,1973-01-25 03:45,1973-01-25 07:30
WMSGNL,1973-02-20 01:15,1973-02-20 10:15
WMSGNL,1973-03-05 16:10,1973-03-06 06:30
WMSGNL,1973-03-13 19:20,1973-03-14 06:30
WMSGNL,1973-04-03 20:10,1973-04-04 10:10
WMSGNL,1973-04-08 11:30,1973-04-08 20:20
WMSGNL,1973-04-13 04:10,1973-04-13 06:30
WMSGNL,1973-04-27 23:05,1973-04-28 03:10
TC1,1973-07-01 09:30,1973-07-03 05:15
TC1,1973-07-14 18:50,1973-07-15 05:15
TC3,1973-07-15 05:15,1973-07-16 14:00
TC8,1973-07-16 14:00,1973-07-16 21:40
TC9,1973-07-16 21:40,1973-07-17 04:10
TC8,1973-07-17 04:10,1973-07-17 10:10
TC8,1973-07-17 10:10,1973-07-17 12:45
TC3,1973-07-17 12:45,1973-07-17 15:15
TC1,1973-08-09 15:00,1973-08-09 22:10
TC3,1973-08-09 22:10,1973-08-11 08:10
TC1,1973-08-20 18:50,1973-08-21 18:10
TC1,1973-08-22 21:20,1973-08-25 05:55
WMSGNL,1973-08-30 13:30,1973-08-30 17:30
TC1,1973-09-03 15:00,1973-09-05 09:15
TC3,1973-09-05 09:15,1973-09-06 11:50
TC1,1973-09-12 16:30,1973-09-14 06:00
WMSGNL,1973-09-24 09:15,1973-09-24 15:10
WMSGNL,1973-09-27 08:50,1973-09-28 04:40
WMSGNL,1973-10-06 17:30,1973-10-07 08:30
WMSGNL,1973-10-08 03:00,1973-10-08 15:15
TC3,1973-10-08 15:15,1973-10-10 04:50
WMSGNL,1973-10-13 21:45,1973-10-14 07:00
TC1,1973-10-16 17:00,1973-10-17 06:15
TC3,1973-10-17 06:15,1973-10-18 08:40
WMSGNL,1973-10-18 19:00,1973-10-20 05:15
WMSGNL,1973-10-25 01:20,1973-10-25 06:15
WMSGNL,1973-12-21 16:15,1973-12-22 11:15
WMSGNL,1973-12-24 06:10,1973-12-25 10:00
WMSGNL,1973-12-28 06:10,1973-12-29 06:45
WMSGNL,1974-02-06 23:15,1974-02-07 11:00
WMSGNL,1974-02-07 22:15,1974-02-08 10:45
WMSGNL,1974-02-23 17:15,1974-02-26 11:00
WMSGNL,1974-03-26 15:10,1974-03-27 19:00
WMSGNL,1974-04-01 18:30,1974-04-02 05:30
WMSGNL,1974-06-05 19:30,1974-06-06 16:30
TC1,1974-06-06 17:00,1974-06-07 18:30
TC3,1974-06-07 18:30,1974-06-08 07:15
TC1,1974-06-11 06:00,1974-06-11 17:45
TC3,1974-06-11 17:45,1974-06-13 17:15
TC1,1974-07-21 06:10,1974-07-21 12:15
TC3,1974-07-21 12:15,1974-07-23 04:45
TC1,1974-09-05 10:15,1974-09-05 21:30
TC3,1974-09-05 21:30,1974-09-06 09:15
TC1,1974-09-25 18:15,1974-09-27 09:15
WMSGNL,1974-10-11 08:20,1974-10-11 15:40
TC1,1974-10-11 21:20,1974-10-11 23:20
TC3,1974-10-11 23:20,1974-10-14 08:05
TC1,1974-10-17 09:55,1974-10-17 15:30
TC3,1974-10-17 15:30,1974-10-18 09:10
TC8,1974-10-18 09:10,1974-10-19 03:30
TC9,1974-10-19 03:30,1974-10-19 10:00
TC8,1974-10-19 10:00,1974-10-19 14:00
TC3,1974-10-19 14:00,1974-10-20 10:00
WMSGNL,1974-10-20 18:20,1974-10-21 09:40
WMSGNL,1974-10-22 16:45,1974-10-23 12:30
TC1,1974-10-24 18:30,1974-10-26 09:15
TC1,1974-10-28 17:00,1974-10-28 23:05
TC3,1974-10-28 23:05,1974-10-30 10:10
TC8,1974-10-30 10:10,1974-10-30 20:10
TC3,1974-10-30 20:10,1974-10-31 04:55
TC1,1974-10-31 04:55,1974-10-31 15:30
TC1,1974-11-07 15:15,1974-11-09 19:10
WMSGNL,1974-11-09 23:35,1974-11-10 21:50
WMSGNL,1974-11-17 21:20,1974-11-18 06:15
TC1,1974-12-01 12:45,1974-12-01 23:00
TC3,1974-12-01 23:00,1974-12-02 16:00
WMSGNL,1974-12-17 23:00,1974-12-19 08:00
WMSGNL,1974-12-30 19:45,1974-12-31 06:05
WMSGNL,1975-01-21 22:10,1975-01-22 06:40
WMSGNL,1975-01-29 02:15,1975-01-29 17:15
WMSGNL,1975-02-13 03:20,1975-02-13 16:00
WMSGNL,1975-03-26 23:50,1975-03-27 12:05
WMSGNL,1975-04-03 05:30,1975-04-03 10:05
WMSGNL,1975-05-06 17:10,1975-05-07 13:30
TC1,1975-06-16 19:45,1975-06-17 22:00
TC1,1975-08-10 04:00,1975-08-11 03:50
TC1,1975-08-13 15:45,1975-08-13 22:00
TC3,1975-08-13 22:00,1975-08-14 07:10
WMSGNL,1975-08-14 14:50,1975-08-14 20:50
WMSGNL,1975-08-24 19:00,1975-08-25 15:15
TC1,1975-09-18 15:00,1975-09-19 10:30
TC3,1975-09-19 10:30,1975-09-20 04:15
TC1,1975-09-22 16:45,1975-09-24 09:20
TC1,1975-10-04 05:40,1975-10-05 10:45
TC3,1975-10-05 10:45,1975-10-06 15:20
WMSGNL,1975-10-08 12:10,1975-10-09 08:50
TC1,1975-10-12 21:45,1975-10-13 19:00
TC3,1975-10-13 19:00,1975-10-14 03:30
TC8,1975-10-14 03:30,1975-10-14 10:00
TC9,1975-10-14 10:00,1975-10-14 13:15
TC10,1975-10-14 13:15,1975-10-14 16:05
TC8,1975-10-14 16:05,1975-10-14 19:10
TC3,1975-10-14 19:10,1975-10-15 01:00
WMSGNL,1975-10-15 03:10,1975-10-16 04:10
TC1,1975-10-21 23:05,1975-10-22 07:00
TC3,1975-10-22 07:00,1975-10-23 15:10
WMSGNL,1975-10-29 18:00,1975-10-30 08:00
WMSGNL,1975-11-22 18:00,1975-11-24 06:00
WMSGNL,1975-12-07 14:10,1975-12-08 17:15
WMSGNL,1975-12-13 19:35,1975-12-15 13:00
WMSGNL,1975-12-27 11:35,1975-12-29 10:10
WMSGNL,1976-01-27 05:50,1976-01-27 17:15
WMSGNL,1976-02-11 15:15,1976-02-12 06:00
WMSGNL,1976-02-20 23:30,1976-02-21 12:20
WMSGNL,1976-02-24 07:25,1976-02-24 14:45
WMSGNL,1976-02-26 06:10,1976-02-27 06:10
WMSGNL,1976-02-29 02:15,1976-03-01 17:10
WMSGNL,1976-03-13 10:15,1976-03-14 05:00
WMSGNL,1976-03-19 03:00,1976-03-20 20:30
WMSGNL,1976-03-23 23:00,1976-03-24 11:30
WMSGNL,1976-03-31 07:05,1976-03-31 11:40
WMSGNL,1976-04-04 05:15,1976-04-04 09:15
WMSGNL,1976-04-23 21:15,1976-04-24 05:00
WMSGNL,1976-06-02 00:20,1976-06-02 09:00
WMSGNL,1976-06-03 08:20,1976-06-03 22:15
WMSGNL,1976-06-09 15:25,1976-06-10 04:15
TC1,1976-06-26 09:30,1976-06-26 20:30
TC3,1976-06-26 20:30,1976-06-28 08:40
TC1,1976-06-28 08:40,1976-06-29 06:15
WMSGNL,1976-07-07 13:30,1976-07-07 19:00
TC1,1976-07-21 22:30,1976-07-24 22:00
TC3,1976-07-24 22:00,1976-07-26 08:30
TC1,1976-08-05 10:00,1976-08-05 22:30
TC3,1976-08-05 22:30,1976-08-06 15:20
TC8,1976-08-06 15:20,1976-08-07 03:00
TC1,1976-08-23 09:25,1976-08-23 21:45
TC3,1976-08-23 21:45,1976-08-24 16:40
TC1,1976-09-15 22:15,1976-09-17 21:45
TC3,1976-09-17 21:45,1976-09-18 20:15
TC8,1976-09-18 20:15,1976-09-19 05:10
TC8,1976-09-19 05:10,1976-09-19 16:30
TC3,1976-09-19 16:30,1976-09-20 06:45
WMSGNL,1976-09-22 09:30,1976-09-24 10:15
WMSGNL,1976-09-24 21:55,1976-09-26 07:00
WMSGNL,1976-09-27 14:30,1976-09-30 08:55
WMSGNL,1976-10-04 15:15,1976-10-06 05:10
WMSGNL,1976-10-10 11:40,1976-10-10 17:10
WMSGNL,1976-10-27 06:00,1976-10-27 14:10
WMSGNL,1976-10-29 10:45,1976-10-30 06:15
WMSGNL,1976-10-31 17:15,1976-11-02 06:10
WMSGNL,1976-11-13 21:30,1976-11-15 09:00
WMSGNL,1976-11-17 04:50,1976-11-18 07:00
WMSGNL,1976-11-20 10:15,1976-11-21 09:45
WMSGNL,1976-12-08 11:30,1976-12-09 11:45
WMSGNL,1976-12-25 18:00,1976-12-27 06:00
WMSGNL,1976-12-28 05:15,1976-12-29 06:00
WMSGNL,1977-01-30 05:10,1977-01-30 16:45
WMSGNL,1977-02-10 04:00,1977-02-10 11:30
WMSGNL,1977-02-21 01:30,1977-02-21 14:45
WMSGNL,1977-03-03 23:05,1977-03-04 09:50
WMSGNL,1977-03-23 16:10,1977-03-24 16:00
TC1,1977-06-14 22:30,1977-06-16 10:00
TC1,1977-07-04 22:35,1977-07-05 12:00
TC3,1977-07-05 12:00,1977-07-06 11:10
TC1,1977-07-19 07:30,1977-07-19 11:15
TC3,1977-07-19 11:15,1977-07-21 06:30
TC1,1977-07-24 09:00,1977-07-25 14:15
TC1,1977-08-20 10:00,1977-08-22 12:00
TC1,1977-09-03 10:15,1977-09-03 16:45
TC3,1977-09-03 16:45,1977-09-04 12:50
TC1,1977-09-16 16:30,1977-09-21 21:10
TC3,1977-09-21 21:10,1977-09-22 11:40
TC1,1977-09-23 22:05,1977-09-24 05:20
TC3,1977-09-24 05:20,1977-09-24 15:05
TC8,1977-09-24 15:05,1977-09-24 23:15
TC3,1977-09-24 23:15,1977-09-25 05:10
WMSGNL,1977-10-11 07:05,1977-10-11 15:55
WMSGNL,1978-01-02 01:30,1978-01-02 10:05
WMSGNL,1978-01-09 20:15,1978-01-10 07:30
WMSGNL,1978-01-16 08:15,1978-01-17 08:15
WMSGNL,1978-01-18 06:00,1978-01-18 10:10
WMSGNL,1978-01-28 19:30,1978-01-29 06:10
WMSGNL,1978-02-15 04:15,1978-02-15 10:00
WMSGNL,1978-02-16 02:00,1978-02-16 12:00
WMSGNL,1978-03-01 08:10,1978-03-01 19:10
WMSGNL,1978-03-12 17:00,1978-03-13 11:25
TC1,1978-04-23 11:40,1978-04-25 05:10
WMSGNL,1978-06-26 18:50,1978-06-28 05:00
TC1,1978-07-25 07:30,1978-07-25 22:50
TC3,1978-07-25 22:50,1978-07-26 09:15
TC8,1978-07-26 09:15,1978-07-26 15:45
TC8,1978-07-26 15:45,1978-07-27 13:30
TC3,1978-07-27 13:30,1978-07-29 17:25
TC8,1978-07-29 17:25,1978-07-30 02:30
TC8,1978-07-30 02:30,1978-07-30 04:40
TC8,1978-07-30 04:40,1978-07-30 07:10
TC3,1978-07-30 07:10,1978-07-30 15:10
TC1,1978-08-09 16:30,1978-08-10 12:15
TC3,1978-08-10 12:15,1978-08-11 10:10
TC1,1978-08-25 16:00,1978-08-26 13:20
TC3,1978-08-26 13:20,1978-08-26 21:15
TC8,1978-08-26 21:15,1978-08-27 07:10
TC8,1978-08-27 07:10,1978-08-27 16:40
TC3,1978-08-27 16:40,1978-08-27 23:00
WMSGNL,1978-09-24 05:15,1978-09-24 15:05
TC1,1978-09-24 17:20,1978-09-25 23:35
TC1,1978-09-28 16:45,1978-09-29 12:10
TC3,1978-09-29 12:10,1978-10-02 06:50
WMSGNL,1978-10-13 05:35,1978-10-13 11:30
TC1,1978-10-15 09:30,1978-10-16 06:20
TC3,1978-10-16 06:20,1978-10-16 22:35
WMSGNL,1978-10-21 05:05,1978-10-22 07:40
TC1,1978-10-27 11:45,1978-10-27 16:30
TC3,1978-10-27 16:30,1978-10-29 06:40
WMSGNL,1978-10-29 06:40,1978-10-29 12:00
WMSGNL,1978-12-10 18:45,1978-12-11 09:45
WMSGNL,1978-12-14 12:10,1978-12-15 06:10
WMSGNL,1978-12-19 23:30,1978-12-21 09:25
WMSGNL,1978-12-30 01:05,1978-12-30 15:00
WMSGNL,1979-01-14 01:10,1979-01-14 09:50
WMSGNL,1979-01-14 20:15,1979-01-16 06:00
WMSGNL,1979-01-30 07:30,1979-02-01 10:00
WMSGNL,1979-03-02 06:20,1979-03-02 14:50
WMSGNL,1979-03-13 08:30,1979-03-13 15:40
WMSGNL,1979-03-22 03:00,1979-03-22 09:45
WMSGNL,1979-04-04 00:10,1979-04-04 06:00
WMSGNL,1979-04-05 01:05,1979-04-06 11:00
WMSGNL,1979-04-14 01:10,1979-04-14 09:50
WMSGNL,1979-04-20 03:10,1979-04-20 07:45
WMSGNL,1979-05-02 23:05,1979-05-03 09:40
TC1,1979-07-04 15:30,1979-07-05 09:00
TC3,1979-07-05 09:00,1979-07-06 10:15
TC1,1979-07-28 12:10,1979-07-30 05:55
TC1,1979-08-01 14:30,1979-08-01 21:00
TC3,1979-08-01 21:00,1979-08-02 06:00
TC8,1979-08-02 06:00,1979-08-02 10:00
TC8,1979-08-02 10:00,1979-08-02 11:35
TC9,1979-08-02 11:35,1979-08-02 12:00
TC10,1979-08-02 12:00,1979-08-02 15:45
TC8,1979-08-02 15:45,1979-08-02 19:05
TC3,1979-08-02 19:05,1979-08-03 04:30
TC1,1979-08-07 15:15,1979-08-09 14:45
TC1,1979-09-19 15:00,1979-09-22 11:45
TC3,1979-09-22 11:45,1979-09-23 09:10
TC8,1979-09-23 09:10,1979-09-23 14:15
TC8,1979-09-23 14:15,1979-09-23 23:45
TC3,1979-09-23 23:45,1979-09-24 06:15
WMSGNL,1979-10-13 07:05,1979-10-14 05:15
WMSGNL,1979-10-17 23:00,1979-10-18 15:15
WMSGNL,1979-11-13 00:05,1979-11-13 10:10
WMSGNL,1979-11-17 20:00,1979-11-19 10:00
WMSGNL,1979-11-22 11:20,1979-11-23 11:30
WMSGNL,1979-11-25 06:50,1979-11-26 09:00
WMSGNL,1979-11-28 20:00,1979-11-29 05:45
WMSGNL,1979-12-02 04:15,1979-12-02 07:45
WMSGNL,1979-12-11 01:05,1979-12-11 06:00
WMSGNL,1979-12-23 17:30,1979-12-24 06:15
WMSGNL,1980-01-04 16:30,1980-01-05 11:15
WMSGNL,1980-01-07 03:15,1980-01-07 09:15
WMSGNL,1980-01-18 07:30,1980-01-18 17:00
WMSGNL,1980-01-29 14:30,1980-01-31 16:30
WMSGNL,1980-02-04 11:30,1980-02-05 11:30
WMSGNL,1980-02-07 17:00,1980-02-08 10:05
WMSGNL,1980-02-17 00:10,1980-02-17 08:15
WMSGNL,1980-02-25 06:15,1980-02-25 11:30
WMSGNL,1980-03-23 06:00,1980-03-25 05:15
WMSGNL,1980-04-01 08:15,1980-04-01 14:45
WMSGNL,1980-04-10 06:10,1980-04-11 07:30
WMSGNL,1980-04-13 19:30,1980-04-14 15:10
WMSGNL,1980-04-24 01:45,1980-04-24 14:15
WMSGNL,1980-04-25 03:10,1980-04-26 11:30
WMSGNL,1980-05-07 05:10,1980-05-07 13:30
WMSGNL,1980-05-09 22:15,1980-05-10 06:00
WMSGNL,1980-05-16 17:30,1980-05-17 10:00
WMSGNL,1980-05-18 01:30,1980-05-18 10:00
TC1,1980-05-22 11:45,1980-05-23 11:45
TC3,1980-05-23 11:45,1980-05-24 05:45
TC1,1980-06-26 07:35,1980-06-28 11:30
TC1,1980-07-10 06:00,1980-07-12 06:10
TC1,1980-07-18 10:30,1980-07-18 14:10
TC3,1980-07-18 14:10,1980-07-19 09:10
TC1,1980-07-21 12:00,1980-07-21 16:15
TC3,1980-07-21 16:15,1980-07-22 04:40
TC8,1980-07-22 04:40,1980-07-22 10:45
TC8,1980-07-22 10:45,1980-07-22 18:05
TC3,1980-07-22 18:05,1980-07-23 01:30
TC1,1980-07-26 00:45,1980-07-26 23:10
TC3,1980-07-26 23:10,1980-07-28 07:15
WMSGNL,1980-07-28 11:00,1980-07-28 16:00
TC1,1980-08-16 21:10,1980-08-18 14:35
TC3,1980-08-18 14:35,1980-08-19 06:50
TC1,1980-09-12 22:00,1980-09-13 17:15
TC3,1980-09-13 17:15,1980-09-15 06:30
TC1,1980-09-18 09:15,1980-09-18 12:00
TC3,1980-09-18 12:00,1980-09-19 06:00
WMSGNL,1980-10-04 06:10,1980-10-05 07:15
WMSGNL,1980-10-25 06:15,1980-10-26 08:10
TC1,1980-10-30 16:30,1980-10-31 14:55
WMSGNL,1980-11-13 23:20,1980-11-14 07:10
WMSGNL,1980-12-12 05:10,1980-12-12 16:15
WMSGNL,1981-01-07 04:05,1981-01-07 11:30
WMSGNL,1981-01-10 20:10,1981-01-11 11:00
WMSGNL,1981-01-22 10:00,1981-01-23 17:40
WMSGNL,1981-03-10 21:30,1981-03-11 16:00
WMSGNL,1981-03-26 20:05,1981-03-27 06:10
WMSGNL,1981-04-19 23:45,1981-04-21 06:00
WMSGNL,1981-04-25 21:45,1981-04-26 09:15
WMSGNL,1981-05-20 21:00,1981-05-21 11:40
WMSGNL,1981-06-07 20:00,1981-06-08 14:10
TC1,1981-06-11 09:00,1981-06-13 08:30
TC1,1981-07-03 04:00,1981-07-03 11:45
TC3,1981-07-03 11:45,1981-07-04 06:10
TC1,1981-07-05 10:45,1981-07-05 19:45
TC3,1981-07-05 19:45,1981-07-06 05:30
TC8,1981-07-06 05:30,1981-07-06 22:00
TC8,1981-07-06 22:00,1981-07-07 10:15
TC3,1981-07-07 10:15,1981-07-07 14:10
WMSGNL,1981-07-24 12:15,1981-07-25 19:00
TC1,1981-08-06 08:30,1981-08-07 23:15
TC1,1981-09-20 21:00,1981-09-21 13:00
TC3,1981-09-21 13:00,1981-09-22 11:30
WMSGNL,1981-09-30 13:10,1981-10-01 12:20
WMSGNL,1981-10-03 11:15,1981-10-05 08:00
WMSGNL,1981-10-06 14:30,1981-10-06 19:00
WMSGNL,1981-10-09 08:55,1981-10-10 05:45
WMSGNL,1981-10-23 00:15,1981-10-24 02:15
WMSGNL,1981-11-03 14:15,1981-11-04 05:55
WMSGNL,1981-11-08 10:15,1981-11-09 20:15
WMSGNL,1981-11-22 09:15,1981-11-23 05:30
WMSGNL,1981-11-26 23:00,1981-11-27 09:45
WMSGNL,1981-12-01 05:05,1981-12-02 10:15
WMSGNL,1981-12-18 12:00,1981-12-20 07:00
WMSGNL,1981-12-29 23:40,1981-12-30 08:30
WMSGNL,1982-01-29 00:05,1982-01-29 06:00
WMSGNL,1982-02-25 06:30,1982-02-26 07:30
WMSGNL,1982-03-25 05:00,1982-03-25 16:25
WMSGNL,1982-06-02 12:05,1982-06-02 14:20
WMSGNL,1982-06-25 22:10,1982-06-26 07:00
WMSGNL,1982-06-27 21:10,1982-06-28 08:45
TC1,1982-06-28 12:00,1982-06-28 19:10
TC3,1982-06-28 19:10,1982-07-01 06:10
TC1,1982-07-01 06:10,1982-07-01 18:40
TC1,1982-07-16 05:00,1982-07-16 16:30
TC3,1982-07-16 16:30,1982-07-17 09:15
TC1,1982-07-29 10:00,1982-07-29 16:00
TC3,1982-07-29 16:00,1982-07-30 06:30
WMSGNL,1982-07-30 14:10,1982-07-31 06:10
WMSGNL,1982-09-05 03:45,1982-09-08 05:45
TC1,1982-09-11 16:00,1982-09-12 18:00
TC3,1982-09-12 18:00,1982-09-14 12:50
TC1,1982-09-14 12:50,1982-09-15 07:10
WMSGNL,1982-09-28 07:00,1982-09-29 07:00
WMSGNL,1982-09-29 10:20,1982-09-29 15:45
TC1,1982-10-15 12:00,1982-10-16 21:00
WMSGNL,1982-10-17 04:00,1982-10-17 23:00
WMSGNL,1982-10-22 05:35,1982-10-22 16:15
WMSGNL,1982-10-25 19:45,1982-10-26 21:15
WMSGNL,1982-11-01 23:10,1982-11-02 11:00
WMSGNL,1982-11-09 22:30,1982-11-10 15:05
WMSGNL,1982-11-18 06:15,1982-11-18 10:15
WMSGNL,1982-11-26 00:05,1982-11-26 09:00
WMSGNL,1982-11-28 20:15,1982-11-29 14:15
WMSGNL,1982-11-29 23:00,1982-11-30 06:10
WMSGNL,1982-12-05 17:10,1982-12-07 06:30
WMSGNL,1982-12-11 21:15,1982-12-12 13:00
WMSGNL,1982-12-16 23:10,1982-12-17 12:50
WMSGNL,1982-12-25 19:00,1982-12-26 13:00
WMSGNL,1983-01-03 23:10,1983-01-04 05:40
WMSGNL,1983-01-04 09:45,1983-01-04 19:05
WMSGNL,1983-01-19 09:30,1983-01-20 07:30
WMSGNL,1983-01-31 10:30,1983-02-01 06:10
WMSGNL,1983-02-02 14:10,1983-02-03 05:35
WMSGNL,1983-02-09 23:55,1983-02-10 10:00
WMSGNL,1983-02-12 22:00,1983-02-13 07:00
WMSGNL,1983-02-14 01:00,1983-02-14 14:00
WMSGNL,1983-02-15 00:15,1983-02-15 11:45
WMSGNL,1983-02-15 16:00,1983-02-16 06:30
WMSGNL,1983-02-20 22:15,1983-02-21 07:00
WMSGNL,1983-03-04 20:05,1983-03-05 08:00
WMSGNL,1983-03-14 03:45,1983-03-15 06:15
WMSGNL,1983-04-06 04:15,1983-04-06 10:10
WMSGNL,1983-04-30 03:15,1983-04-30 13:00
TC1,1983-07-12 06:00,1983-07-13 14:00
TC1,1983-07-16 06:30,1983-07-16 16:00
TC3,1983-07-16 16:00,1983-07-17 16:05
TC1,1983-07-24 21:50,1983-07-25 16:10
TC1,1983-09-07 05:00,1983-09-08 07:45
TC3,1983-09-08 07:45,1983-09-08 16:45
TC8,1983-09-08 16:45,1983-09-09 01:00
TC9,1983-09-09 01:00,1983-09-09 02:00
TC10,1983-09-09 02:00,1983-09-09 10:00
TC8,1983-09-09 10:00,1983-09-09 14:00
TC8,1983-09-09 14:00,1983-09-09 17:37
TC3,1983-09-09 17:37,1983-09-09 21:20
TC1,1983-09-29 06:08,1983-09-29 19:20
TC3,1983-09-29 19:20,1983-09-30 13:40
WMSGNL,1983-10-01 11:10,1983-10-02 10:05
WMSGNL,1983-10-02 17:00,1983-10-04 08:00
WMSGNL,1983-10-09 07:10,1983-10-10 11:40
TC1,1983-10-11 22:40,1983-10-12 16:15
TC3,1983-10-12 16:15,1983-10-13 11:45
TC8,1983-10-13 11:45,1983-10-13 17:45
TC8,1983-10-13 17:45,1983-10-13 22:15
TC3,1983-10-13 22:15,1983-10-14 05:15
TC1,1983-10-23 07:10,1983-10-23 19:00
TC3,1983-10-23 19:00,1983-10-24 06:15
TC1,1983-10-24 06:15,1983-10-25 14:30
WMSGNL,1983-10-26 01:15,1983-10-26 07:30
WMSGNL,1983-11-25 23:15,1983-11-26 16:00
WMSGNL,1983-11-26 23:15,1983-11-27 06:10
WMSGNL,1983-12-23 00:10,1983-12-23 10:05
WMSGNL,1983-12-28 10:00,1983-12-30 10:00
WMSGNL,1984-01-20 02:00,1984-01-20 12:00
WMSGNL,1984-01-21 11:30,1984-01-22 11:05
WMSGNL,1984-01-25 04:10,1984-01-25 08:30
WMSGNL,1984-01-31 03:10,1984-01-31 09:05
WMSGNL,1984-02-05 23:00,1984-02-06 13:40
WMSGNL,1984-02-06 21:30,1984-02-07 09:05
WMSGNL,1984-02-17 21:05,1984-02-18 05:30
WMSGNL,1984-02-28 02:00,1984-02-28 10:05
WMSGNL,1984-02-28 20:15,1984-02-29 06:00
WMSGNL,1984-03-04 03:20,1984-03-04 08:00
WMSGNL,1984-03-06 19:00,1984-03-07 06:00
WMSGNL,1984-03-20 09:15,1984-03-20 14:25
WMSGNL,1984-03-21 06:30,1984-03-22 08:40
WMSGNL,1984-04-19 23:45,1984-04-20 04:45
WMSGNL,1984-04-23 23:05,1984-04-24 08:30
WMSGNL,1984-04-29 22:05,1984-04-30 05:00
WMSGNL,1984-05-05 04:15,1984-05-05 11:00
WMSGNL,1984-05-19 20:05,1984-05-20 07:15
TC1,1984-06-24 03:20,1984-06-24 15:30
TC3,1984-06-24 15:30,1984-06-25 04:30
TC8,1984-06-25 04:30,1984-06-25 07:10
TC3,1984-06-25 07:10,1984-06-25 13:32
TC1,1984-07-07 11:15,1984-07-08 09:40
TC3,1984-07-08 09:40,1984-07-09 15:40
TC1,1984-08-16 15:45,1984-08-18 16:15
TC3,1984-08-18 16:15,1984-08-19 07:30
TC1,1984-08-19 07:30,1984-08-20 14:00
TC3,1984-08-20 14:00,1984-08-21 16:00
TC1,1984-08-29 15:10,1984-08-31 09:30
TC1,1984-09-04 16:10,1984-09-05 11:10
TC3,1984-09-05 11:10,1984-09-05 23:00
WMSGNL,1984-09-27 06:10,1984-09-27 15:45
WMSGNL,1984-10-31 00:05,1984-10-31 06:00
WMSGNL,1984-11-19 04:15,1984-11-20 06:00
WMSGNL,1984-11-25 23:50,1984-11-26 06:00
WMSGNL,1984-12-21 17:30,1984-12-22 08:00
WMSGNL,1984-12-23 05:10,1984-12-23 09:05
WMSGNL,1984-12-28 23:15,1984-12-29 10:35
WMSGNL,1985-01-10 02:00,1985-01-10 06:00
WMSGNL,1985-02-10 23:15,1985-02-11 10:15
WMSGNL,1985-02-16 19:40,1985-02-17 09:05
WMSGNL,1985-02-25 01:00,1985-02-25 09:10
WMSGNL,1985-03-05 08:30,1985-03-05 11:30
WMSGNL,1985-03-29 08:10,1985-03-29 14:40
WMSGNL,1985-03-29 18:35,1985-03-30 01:40
WMSGNL,1985-03-31 23:00,1985-04-01 08:10
WMSGNL,1985-04-12 05:00,1985-04-12 16:40
WMSGNL,1985-04-26 21:05,1985-04-27 02:10
WMSGNL,1985-06-14 01:00,1985-06-15 08:15
WMSGNL,1985-06-15 23:00,1985-06-16 16:20
WMSGNL,1985-06-18 13:05,1985-06-20 08:10
TC1,1985-06-22 10:00,1985-06-23 00:40
TC3,1985-06-23 00:40,1985-06-24 04:15
TC8,1985-06-24 04:15,1985-06-24 20:00
TC3,1985-06-24 20:00,1985-06-25 10:45
WMSGNL,1985-06-29 21:45,1985-06-30 05:00
TC1,1985-07-08 01:30,1985-07-08 23:00
WMSGNL,1985-07-09 06:15,1985-07-09 09:10
TC1,1985-09-04 09:00,1985-09-04 21:10
TC3,1985-09-04 21:10,1985-09-06 01:10
TC8,1985-09-06 01:10,1985-09-06 06:10
TC3,1985-09-06 06:10,1985-09-06 14:00
WMSGNL,1985-09-09 17:00,1985-09-10 03:00
TC1,1985-09-17 05:00,1985-09-18 08:10
WMSGNL,1985-09-29 15:10,1985-09-30 10:05
TC1,1985-10-20 09:50,1985-10-21 05:00
WMSGNL,1985-10-21 05:00,1985-10-22 05:00
WMSGNL,1985-11-24 07:00,1985-11-25 01:00
WMSGNL,1985-12-10 08:00,1985-12-10 14:05
WMSGNL,1985-12-11 04:00,1985-12-11 17:05
WMSGNL,1985-12-14 18:05,1985-12-15 15:00
WMSGNL,1985-12-22 09:05,1985-12-22 12:00
WMSGNL,1986-01-01 05:30,1986-01-01 12:00
WMSGNL,1986-01-04 04:10,1986-01-04 10:05
WMSGNL,1986-01-04 21:50,1986-01-05 10:10
WMSGNL,1986-02-03 23:00,1986-02-04 08:45
WMSGNL,1986-02-05 03:15,1986-02-05 10:30
WMSGNL,1986-02-15 16:30,1986-02-17 04:30
WMSGNL,1986-02-27 11:20,1986-02-27 23:10
WMSGNL,1986-02-28 15:35,1986-03-02 11:00
WMSGNL,1986-03-16 19:45,1986-03-17 11:30
WMSGNL,1986-03-23 23:15,1986-03-24 08:15
WMSGNL,1986-03-24 21:15,1986-03-25 06:00
WMSGNL,1986-03-31 23:30,1986-04-01 08:40
WMSGNL,1986-04-11 19:55,1986-04-12 15:00
WMSGNL,1986-05-14 22:00,1986-05-15 02:30
WMSGNL,1986-05-18 01:10,1986-05-18 23:00
WMSGNL,1986-05-21 15:20,1986-05-23 06:10
WMSGNL,1986-06-25 17:30,1986-06-26 05:00
TC1,1986-07-09 23:10,1986-07-11 02:10
TC3,1986-07-11 02:10,1986-07-11 15:30
TC8,1986-07-11 15:30,1986-07-12 02:15
TC3,1986-07-12 02:15,1986-07-12 18:40
TC1,1986-08-09 21:45,1986-08-10 10:30
TC3,1986-08-10 10:30,1986-08-11 15:15
TC1,1986-08-19 11:30,1986-08-20 11:00
TC3,1986-08-20 11:00,1986-08-20 22:00
TC8,1986-08-20 22:00,1986-08-21 02:00
TC3,1986-08-21 02:00,1986-08-21 05:00
TC1,1986-08-25 11:45,1986-08-26 14:35
TC1,1986-09-04 01:30,1986-09-04 15:00
TC3,1986-09-04 15:00,1986-09-05 14:10
WMSGNL,1986-09-19 03:00,1986-09-20 05:00
TC1,1986-10-15 14:15,1986-10-16 23:10
TC3,1986-10-16 23:10,1986-10-19 09:15
WMSGNL,1986-10-19 09:15,1986-10-20 08:00
WMSGNL,1986-10-22 20:15,1986-10-23 14:20
WMSGNL,1986-10-29 05:15,1986-10-29 14:15
WMSGNL,1986-11-08 15:00,1986-11-09 11:00
WMSGNL,1986-11-15 17:15,1986-11-16 14:20
WMSGNL,1986-11-29 03:30,1986-11-29 11:30
WMSGNL,1986-12-15 11:15,1986-12-16 10:00
WMSGNL,1986-12-18 17:45,1986-12-19 10:00
WMSGNL,1986-12-26 02:15,1986-12-26 16:15
WMSGNL,1987-01-01 08:30,1987-01-01 12:05
WMSGNL,1987-01-12 06:40,1987-01-12 10:00
WMSGNL,1987-01-20 21:15,1987-01-21 10:00
WMSGNL,1987-01-23 22:35,1987-01-24 10:00
WMSGNL,1987-02-18 23:00,1987-02-19 12:40
WMSGNL,1987-02-25 08:00,1987-02-26 12:15
WMSGNL,1987-02-27 08:35,1987-02-28 07:00
WMSGNL,1987-03-25 05:05,1987-03-26 07:00
WMSGNL,1987-03-26 17:00,1987-03-27 14:55
WMSGNL,1987-03-31 23:00,1987-04-01 06:05
WMSGNL,1987-04-11 23:00,1987-04-13 18:00
WMSGNL,1987-04-27 05:00,1987-04-27 12:00
WMSGNL,1987-05-03 15:15,1987-05-04 12:05
WMSGNL,1987-05-04 17:00,1987-05-05 04:00
TC1,1987-06-18 15:45,1987-06-19 11:15
WMSGNL,1987-07-29 08:30,1987-07-29 19:00
WMSGNL,1987-07-31 11:20,1987-07-31 18:30
TC1,1987-08-14 14:45,1987-08-15 12:00
TC1,1987-08-19 23:00,1987-08-21 12:00
TC1,1987-09-09 12:00,1987-09-10 11:00
TC1,1987-10-23 23:00,1987-10-24 05:00
TC3,1987-10-24 05:00,1987-10-25 15:00
TC1,1987-10-25 15:00,1987-10-26 16:00
WMSGNL,1987-10-28 04:47,1987-10-28 12:00
WMSGNL,1987-11-27 15:00,1987-11-30 13:00
WMSGNL,1987-11-30 21:15,1987-12-01 10:05
WMSGNL,1987-12-01 22:05,1987-12-02 09:05
WMSGNL,1987-12-05 07:15,1987-12-05 15:00
WMSGNL,1987-12-05 19:40,1987-12-06 14:05
WMSGNL,1987-12-30 19:00,1987-12-31 23:00
WMSGNL,1988-01-10 00:15,1988-01-10 08:00
WMSGNL,1988-01-24 10:00,1988-01-25 05:00
WMSGNL,1988-02-03 01:00,1988-02-03 10:00
WMSGNL,1988-02-06 18:00,1988-02-07 10:00
WMSGNL,1988-04-08 22:15,1988-04-11 07:00
WMSGNL,1988-05-12 20:00,1988-05-13 10:00
TC1,1988-05-31 16:30,1988-06-01 21:00
TC1,1988-06-28 23:20,1988-06-29 16:50
TC1,1988-07-18 11:00,1988-07-19 04:10
TC3,1988-07-19 04:10,1988-07-20 05:00
TC1,1988-09-21 08:45,1988-09-21 21:00
TC3,1988-09-21 21:00,1988-09-22 09:10
WMSGNL,1988-10-01 00:20,1988-10-02 10:00
WMSGNL,1988-10-02 20:00,1988-10-03 07:00
WMSGNL,1988-10-09 23:20,1988-10-10 07:00
WMSGNL,1988-10-10 23:00,1988-10-11 09:00
WMSGNL,1988-10-13 06:35,1988-10-14 07:00
TC1,1988-10-21 08:50,1988-10-21 22:45
TC3,1988-10-21 22:45,1988-10-22 15:45
TC1,1988-10-25 16:10,1988-10-26 22:45
TC3,1988-10-26 22:45,1988-10-28 05:00
WMSGNL,1988-10-28 10:15,1988-10-29 07:00
WMSGNL,1988-11-09 19:30,1988-11-11 07:00
WMSGNL,1988-12-08 23:30,1988-12-09 12:05
WMSGNL,1988-12-17 23:00,1988-12-18 07:05
WMSGNL,1989-01-04 06:20,1989-01-06 06:30
WMSGNL,1989-01-14 02:00,1989-01-14 14:00
WMSGNL,1989-01-22 21:10,1989-01-23 07:45
WMSGNL,1989-01-28 20:50,1989-01-29 08:00
WMSGNL,1989-02-22 04:00,1989-02-23 08:00
WMSGNL,1989-02-25 02:45,1989-02-25 08:40
WMSGNL,1989-02-26 23:00,1989-02-27 07:00
WMSGNL,1989-03-04 14:45,1989-03-05 07:50
WMSGNL,1989-03-17 10:00,1989-03-18 05:00
WMSGNL,1989-03-21 06:00,1989-03-23 07:00
WMSGNL,1989-03-25 23:00,1989-03-26 06:00
WMSGNL,1989-04-03 17:30,1989-04-04 08:00
WMSGNL,1989-04-10 23:00,1989-04-11 10:00
WMSGNL,1989-04-11 22:00,1989-04-12 09:30
WMSGNL,1989-05-14 23:30,1989-05-15 05:10
TC1,1989-05-19 08:45,1989-05-19 21:45
TC3,1989-05-19 21:45,1989-05-20 05:15
TC8,1989-05-20 05:15,1989-05-20 16:00
TC8,1989-05-20 16:00,1989-05-20 23:15
TC3,1989-05-20 23:15,1989-05-21 07:15
WMSGNL,1989-05-26 14:50,1989-05-27 08:30
TC1,1989-06-08 15:00,1989-06-09 19:00
TC3,1989-06-09 19:00,1989-06-10 12:15
TC1,1989-07-09 15:50,1989-07-10 16:00
TC1,1989-07-16 10:00,1989-07-17 04:45
TC3,1989-07-17 04:45,1989-07-17 17:30
TC8,1989-07-17 17:30,1989-07-18 03:00
TC8,1989-07-18 03:00,1989-07-18 09:10
TC3,1989-07-18 09:10,1989-07-18 14:00
TC1,1989-09-30 17:10,1989-10-01 15:45
TC3,1989-10-01 15:45,1989-10-02 12:00
WMSGNL,1989-10-02 12:00,1989-10-04 09:45
TC1,1989-10-06 20:50,1989-10-07 21:00
TC3,1989-10-07 21:00,1989-10-09 09:45
WMSGNL,1989-10-09 09:45,1989-10-10 10:05
TC1,1989-10-11 20:00,1989-10-12 05:00
TC3,1989-10-12 05:00,1989-10-13 06:30
WMSGNL,1989-10-13 06:30,1989-10-14 12:00
WMSGNL,1989-10-19 20:30,1989-10-20 09:45
WMSGNL,1989-11-10 22:00,1989-11-11 07:40
WMSGNL,1989-11-18 10:00,1989-11-18 13:00
WMSGNL,1989-11-18 22:10,1989-11-19 07:30
WMSGNL,1989-11-27 21:40,1989-11-29 08:00
WMSGNL,1989-12-10 00:00,1989-12-10 09:00
WMSGNL,1989-12-18 11:00,1989-12-19 09:00
WMSGNL,1989-12-19 22:40,1989-12-20 07:00
WMSGNL,1990-01-15 17:30,1990-01-16 07:15
WMSGNL,1990-01-22 23:00,1990-01-23 10:00
WMSGNL,1990-01-31 18:20,1990-02-01 08:45
WMSGNL,1990-02-09 07:05,1990-02-09 10:15
WMSGNL,1990-02-16 23:00,1990-02-17 15:00
WMSGNL,1990-02-20 04:40,1990-02-20 10:15
WMSGNL,1990-02-27 05:00,1990-02-28 05:00
WMSGNL,1990-03-26 22:30,1990-03-27 07:35
WMSGNL,1990-04-17 06:05,1990-04-18 07:05
WMSGNL,1990-04-23 22:00,1990-04-24 05:30
WMSGNL,1990-04-24 11:25,1990-04-24 14:55
TC1,1990-05-17 15:45,1990-05-18 05:00
TC3,1990-05-18 05:00,1990-05-18 18:15
TC1,1990-06-17 16:05,1990-06-17 22:00
TC3,1990-06-17 22:00,1990-06-18 10:10
TC1,1990-06-28 08:00,1990-06-29 13:30
TC1,1990-07-28 09:20,1990-07-30 13:45
TC3,1990-07-30 13:45,1990-07-31 13:30
TC1,1990-08-27 06:00,1990-08-28 05:00
TC3,1990-08-28 05:00,1990-08-28 20:10
TC1,1990-09-14 23:00,1990-09-17 07:45
WMSGNL,1990-10-02 06:35,1990-10-03 04:45
WMSGNL,1990-10-09 10:40,1990-10-10 10:20
WMSGNL,1990-10-18 02:10,1990-10-18 10:00
WMSGNL,1990-11-09 11:25,1990-11-10 12:00
WMSGNL,1990-11-16 00:45,1990-11-18 12:00
WMSGNL,1990-11-30 19:15,1990-12-02 04:50
WMSGNL,1990-12-11 23:00,1990-12-12 08:00
WMSGNL,1990-12-27 06:30,1990-12-27 15:20
WMSGNL,1991-01-05 10:00,1991-01-05 14:30
WMSGNL,1991-01-10 01:30,1991-01-10 05:40
WMSGNL,1991-01-13 01:30,1991-01-14 09:00
WMSGNL,1991-02-12 10:00,1991-02-12 14:30
WMSGNL,1991-02-16 07:50,1991-02-17 07:00
WMSGNL,1991-02-17 23:30,1991-02-18 07:45
WMSGNL,1991-02-25 04:30,1991-02-25 14:30
WMSGNL,1991-03-14 15:30,1991-03-15 07:30
WMSGNL,1991-03-31 16:05,1991-04-01 07:30
WMSGNL,1991-05-02 21:50,1991-05-04 15:30
TC1,1991-07-12 08:50,1991-07-12 22:40
TC3,1991-07-12 22:40,1991-07-13 07:10
TC1,1991-07-18 22:45,1991-07-19 11:10
TC3,1991-07-19 11:10,1991-07-20 10:10
TC1,1991-07-22 22:10,1991-07-23 10:00
TC3,1991-07-23 10:00,1991-07-23 21:00
TC8,1991-07-23 21:00,1991-07-24 03:20
TC8,1991-07-24 03:20,1991-07-24 10:00
TC3,1991-07-24 10:00,1991-07-24 15:10
TC1,1991-08-13 23:15,1991-08-14 19:10
TC3,1991-08-14 19:10,1991-08-16 05:00
TC1,1991-09-03 21:45,1991-09-04 22:30
TC3,1991-09-04 22:30,1991-09-07 09:30
TC1,1991-09-16 19:30,1991-09-18 11:15
TC1,1991-09-23 13:30,1991-09-25 14:30
WMSGNL,1991-09-29 03:15,1991-09-29 13:45
TC1,1991-09-29 21:45,1991-09-30 22:40
WMSGNL,1991-10-20 02:15,1991-10-20 07:45
WMSGNL,1991-10-20 23:15,1991-10-21 09:45
WMSGNL,1991-10-23 01:45,1991-10-23 08:00
WMSGNL,1991-10-26 21:45,1991-10-29 08:45
WMSGNL,1991-11-04 17:00,1991-11-05 09:45
WMSGNL,1991-11-05 22:30,1991-11-06 13:15
WMSGNL,1991-11-24 07:55,1991-11-25 07:30
WMSGNL,1991-12-09 02:00,1991-12-10 07:55
WMSGNL,1991-12-12 03:15,1991-12-12 08:00
WMSGNL,1991-12-27 16:00,1991-12-29 05:30
WMSGNL,1992-01-04 13:00,1992-01-05 06:00
WMSGNL,1992-01-13 15:45,1992-01-15 04:45
WMSGNL,1992-02-01 16:00,1992-02-02 16:00
WMSGNL,1992-02-08 14:30,1992-02-09 11:30
WMSGNL,1992-03-05 08:45,1992-03-05 22:45
WMSGNL,1992-03-17 22:05,1992-03-18 04:45
WMSGNL,1992-03-21 23:15,1992-03-22 11:30
WMSGNL,1992-05-03 10:30,1992-05-03 17:00
TC1,1992-06-27 08:50,1992-06-27 20:15
TC3,1992-06-27 20:15,1992-06-28 14:00
WMSGNL,1992-07-06 06:30,1992-07-06 23:00
WMSGNL,1992-07-07 13:10,1992-07-07 17:35
TC1,1992-07-11 20:30,1992-07-12 10:00
TC3,1992-07-12 10:00,1992-07-13 09:45
TC1,1992-07-17 09:00,1992-07-17 23:50
TC3,1992-07-17 23:50,1992-07-18 16:05
TC1,1992-07-20 22:30,1992-07-21 15:45
TC3,1992-07-21 15:45,1992-07-22 05:45
TC8,1992-07-22 05:45,1992-07-22 11:00
TC8,1992-07-22 11:00,1992-07-22 16:15
TC3,1992-07-22 16:15,1992-07-22 18:50
TC1,1992-08-16 10:15,1992-08-17 11:30
WMSGNL,1992-09-18 04:30,1992-09-18 08:00
WMSGNL,1992-09-18 21:20,1992-09-20 08:05
WMSGNL,1992-09-26 08:00,1992-09-26 11:00
WMSGNL,1992-09-26 23:15,1992-09-27 12:45
WMSGNL,1992-10-04 23:00,1992-10-05 09:00
WMSGNL,1992-10-20 23:00,1992-10-21 09:15
WMSGNL,1992-10-21 22:50,1992-10-22 07:45
WMSGNL,1992-10-27 21:45,1992-10-28 06:40
WMSGNL,1992-11-01 17:00,1992-11-02 15:15
WMSGNL,1992-11-08 17:30,1992-11-10 09:45
WMSGNL,1992-11-16 23:00,1992-11-17 04:45
WMSGNL,1992-11-19 23:15,1992-11-21 05:00
WMSGNL,1992-11-26 22:40,1992-11-27 07:45
WMSGNL,1992-12-03 23:30,1992-12-04 06:30
WMSGNL,1992-12-23 08:00,1992-12-24 03:00
WMSGNL,1992-12-25 09:30,1992-12-26 21:30
WMSGNL,1993-01-14 16:00,1993-01-15 06:45
WMSGNL,1993-01-15 23:05,1993-01-16 12:00
WMSGNL,1993-01-27 22:30,1993-01-28 10:15
WMSGNL,1993-02-01 23:10,1993-02-02 11:45
WMSGNL,1993-02-12 09:30,1993-02-13 09:00
WMSGNL,1993-02-26 23:50,1993-02-27 08:00
WMSGNL,1993-03-07 23:05,1993-03-08 09:00
WMSGNL,1993-03-12 22:45,1993-03-13 08:30
WMSGNL,1993-03-16 23:10,1993-03-17 08:00
WMSGNL,1993-03-29 04:45,1993-03-30 07:30
WMSGNL,1993-04-05 06:00,1993-04-05 14:00
WMSGNL,1993-04-11 23:00,1993-04-12 07:40
WMSGNL,1993-04-12 23:00,1993-04-13 07:50
WMSGNL,1993-04-25 16:05,1993-04-26 09:15
WMSGNL,1993-06-01 12:30,1993-06-02 01:35
TC1,1993-06-26 15:10,1993-06-27 03:30
TC3,1993-06-27 03:30,1993-06-27 10:30
TC8,1993-06-27 10:30,1993-06-27 16:30
TC8,1993-06-27 16:30,1993-06-27 22:25
TC3,1993-06-27 22:25,1993-06-28 04:15
TC1,1993-07-10 00:05,1993-07-10 22:00
TC1,1993-08-18 16:15,1993-08-19 10:45
TC3,1993-08-19 10:45,1993-08-20 16:00
TC8,1993-08-20 16:00,1993-08-21 00:30
TC3,1993-08-21 00:30,1993-08-21 09:40
TC1,1993-08-25 22:30,1993-08-26 15:45
TC1,1993-09-12 09:50,1993-09-14 07:50
TC1,1993-09-16 09:30,1993-09-16 22:30
TC3,1993-09-16 22:30,1993-09-17 02:50
TC8,1993-09-17 02:50,1993-09-17 07:30
TC8,1993-09-17 07:30,1993-09-17 15:10
TC3,1993-09-17 15:10,1993-09-17 17:00
WMSGNL,1993-09-24 07:35,1993-09-25 16:15
TC3,1993-09-25 16:15,1993-09-26 09:15
TC8,1993-09-26 09:15,1993-09-26 16:00
TC3,1993-09-26 16:00,1993-09-26 18:00
WMSGNL,1993-10-01 03:35,1993-10-01 16:00
WMSGNL,1993-10-07 00:15,1993-10-07 10:20
TC1,1993-10-12 16:45,1993-10-13 16:45
WMSGNL,1993-10-29 17:45,1993-10-31 11:30
TC1,1993-11-02 15:50,1993-11-04 04:10
TC3,1993-11-04 04:10,1993-11-05 00:35
WMSGNL,1993-11-18 11:45,1993-11-20 09:20
WMSGNL,1993-11-20 23:00,1993-11-22 09:00
WMSGNL,1993-11-23 20:45,1993-11-24 07:55
WMSGNL,1993-12-03 23:00,1993-12-04 09:00
WMSGNL,1993-12-08 04:35,1993-12-08 07:30
WMSGNL,1993-12-09 01:30,1993-12-09 06:45
WMSGNL,1993-12-16 18:15,1993-12-17 15:10
WMSGNL,1993-12-21 06:30,1993-12-21 09:30
WMSGNL,1993-12-21 19:30,1993-12-22 07:30
WMSGNL,1994-01-20 17:30,1994-01-21 11:00
WMSGNL,1994-01-29 22:30,1994-01-30 13:30
WMSGNL,1994-02-10 00:30,1994-02-10 21:00
WMSGNL,1994-02-12 21:30,1994-02-14 06:15
WMSGNL,1994-03-26 19:30,1994-03-28 04:40
WMSGNL,1994-06-03 05:45,1994-06-04 19:05
TC1,1994-06-05 10:10,1994-06-06 20:30
TC3,1994-06-06 20:30,1994-06-07 15:45
TC1,1994-06-24 10:50,1994-06-25 06:30
TC1,1994-08-25 22:50,1994-08-26 16:15
TC3,1994-08-26 16:15,1994-08-27 11:45
TC1,1994-09-11 07:50,1994-09-11 22:30
TC3,1994-09-11 22:30,1994-09-12 11:50
WMSGNL,1994-09-12 17:00,1994-09-14 11:45
WMSGNL,1994-09-14 23:20,1994-09-15 06:00
WMSGNL,1994-10-19 19:15,1994-10-22 19:30
WMSGNL,1994-11-07 21:30,1994-11-08 09:45
WMSGNL,1994-11-14 07:45,1994-11-14 16:15
WMSGNL,1994-11-15 06:40,1994-11-15 09:35
WMSGNL,1994-11-15 21:30,1994-11-16 06:45
WMSGNL,1994-12-03 05:30,1994-12-04 05:00
WMSGNL,1994-12-13 07:50,1994-12-13 10:15
WMSGNL,1994-12-16 23:15,1994-12-17 04:45
WMSGNL,1994-12-31 23:15,1995-01-01 08:00
WMSGNL,1995-01-01 23:45,1995-01-02 07:30
WMSGNL,1995-01-04 21:30,1995-01-05 08:10
WMSGNL,1995-01-25 23:00,1995-01-26 05:00
WMSGNL,1995-02-04 20:00,1995-02-05 11:00
WMSGNL,1995-03-03 22:00,1995-03-04 09:30
WMSGNL,1995-03-25 12:00,1995-03-26 08:00
WMSGNL,1995-04-02 22:30,1995-04-03 13:45
WMSGNL,1995-04-03 19:30,1995-04-04 09:00
TC1,1995-07-28 15:45,1995-07-31 14:30
TC1,1995-08-09 16:00,1995-08-11 05:45
TC3,1995-08-11 05:45,1995-08-11 22:30
TC8,1995-08-11 22:30,1995-08-12 04:30
TC8,1995-08-12 04:30,1995-08-12 09:45
TC8,1995-08-12 09:45,1995-08-12 14:15
TC3,1995-08-12 14:15,1995-08-12 17:30
TC1,1995-08-18 12:30,1995-08-19 23:45
TC1,1995-08-27 13:15,1995-08-28 09:35
TC1,1995-08-30 12:00,1995-08-31 04:00
TC3,1995-08-31 04:00,1995-08-31 13:00
TC8,1995-08-31 13:00,1995-08-31 16:45
TC8,1995-08-31 16:45,1995-08-31 21:00
TC3,1995-08-31 21:00,1995-09-01 00:15
TC1,1995-09-06 09:45,1995-09-07 10:15
WMSGNL,1995-09-12 05:15,1995-09-12 10:45
TC1,1995-09-19 22:15,1995-09-21 11:30
TC1,1995-10-01 17:45,1995-10-02 12:30
TC3,1995-10-02 12:30,1995-10-03 05:10
TC8,1995-10-03 05:10,1995-10-03 11:30
TC3,1995-10-03 11:30,1995-10-03 20:45
WMSGNL,1995-10-10 23:00,1995-10-13 12:40
WMSGNL,1995-10-14 07:30,1995-10-14 19:00
WMSGNL,1995-10-17 07:10,1995-10-17 09:30
WMSGNL,1995-11-07 15:00,1995-11-08 05:00
WMSGNL,1995-11-14 21:00,1995-11-15 05:30
WMSGNL,1995-11-23 11:30,1995-11-24 09:30
WMSGNL,1995-12-24 23:05,1995-12-25 07:30
WMSGNL,1996-01-08 11:35,1996-01-09 07:45
WMSGNL,1996-02-05 23:00,1996-02-07 10:20
WMSGNL,1996-02-17 23:00,1996-02-18 11:35
WMSGNL,1996-02-19 00:15,1996-02-19 06:00
WMSGNL,1996-04-05 04:30,1996-04-05 13:00
WMSGNL,1996-04-11 05:00,1996-04-11 09:15
WMSGNL,1996-04-11 23:15,1996-04-13 07:45
WMSGNL,1996-04-20 04:00,1996-04-20 07:40
WMSGNL,1996-04-21 04:45,1996-04-21 07:45
WMSGNL,1996-05-09 23:00,1996-05-10 08:10
TC1,1996-07-21 14:30,1996-07-22 22:30
TC1,1996-07-26 11:30,1996-07-27 06:45
TC1,1996-08-06 09:00,1996-08-06 20:30
TC1,1996-08-20 09:45,1996-08-21 22:45
TC1,1996-09-08 05:00,1996-09-08 17:00
TC3,1996-09-08 17:00,1996-09-09 02:15
TC8,1996-09-09 02:15,1996-09-09 05:40
TC3,1996-09-09 05:40,1996-09-09 10:15
TC1,1996-09-18 23:15,1996-09-20 09:00
WMSGNL,1996-09-24 07:00,1996-09-24 10:20
TC1,1996-10-19 11:45,1996-10-20 14:00
WMSGNL,1996-11-02 14:20,1996-11-04 10:30
WMSGNL,1996-11-14 01:30,1996-11-14 05:30
WMSGNL,1996-11-17 19:30,1996-11-18 11:35
WMSGNL,1996-12-02 03:15,1996-12-02 07:45
WMSGNL,1996-12-05 20:25,1996-12-06 09:25
WMSGNL,1997-01-21 23:00,1997-01-23 06:30
WMSGNL,1997-01-23 21:15,1997-01-24 10:00
WMSGNL,1997-02-01 02:45,1997-02-01 07:50
WMSGNL,1997-02-03 02:50,1997-02-03 18:00
WMSGNL,1997-02-07 00:15,1997-02-07 06:30
WMSGNL,1997-02-14 00:10,1997-02-14 10:15
WMSGNL,1997-03-24 02:30,1997-03-24 05:30
WMSGNL,1997-03-24 09:00,1997-03-25 09:30
WMSGNL,1997-03-30 23:30,1997-03-31 07:30
WMSGNL,1997-05-09 22:20,1997-05-10 05:45
WMSGNL,1997-05-21 23:10,1997-05-22 08:30
WMSGNL,1997-06-16 01:15,1997-06-16 08:05
TC1,1997-07-31 14:00,1997-08-01 10:00
TC3,1997-08-01 10:00,1997-08-02 12:00
TC8,1997-08-02 12:00,1997-08-02 16:50
TC9,1997-08-02 16:50,1997-08-02 23:40
TC8,1997-08-02 23:40,1997-08-03 03:30
TC3,1997-08-03 03:30,1997-08-03 04:45
TC1,1997-08-20 23:00,1997-08-21 11:45
TC3,1997-08-21 11:45,1997-08-22 09:45
WMSGNL,1997-09-22 23:00,1997-09-24 08:30
WMSGNL,1997-11-04 23:00,1997-11-05 04:00
WMSGNL,1997-11-16 19:15,1997-11-18 01:45
WMSGNL,1997-12-01 18:00,1997-12-03 06:30
WMSGNL,1997-12-07 13:45,1997-12-09 06:00
WMSGNL,1998-01-04 15:00,1998-01-05 08:00
WMSGNL,1998-01-09 11:45,1998-01-10 07:45
WMSGNL,1998-01-12 20:15,1998-01-13 11:45
WMSGNL,1998-01-14 23:00,1998-01-15 07:00
WMSGNL,1998-01-17 12:00,1998-01-18 11:00
WMSGNL,1998-01-23 05:30,1998-01-23 12:00
WMSGNL,1998-01-28 06:15,1998-01-28 13:30
WMSGNL,1998-02-04 06:00,1998-02-04 15:15
WMSGNL,1998-02-21 09:10,1998-02-21 14:30
WMSGNL,1998-02-28 10:30,1998-02-28 15:15
WMSGNL,1998-03-01 11:45,1998-03-02 13:45
WMSGNL,1998-03-10 21:00,1998-03-11 06:15
WMSGNL,1998-03-15 10:45,1998-03-15 16:15
WMSGNL,1998-03-22 16:30,1998-03-23 05:45
WMSGNL,1998-05-24 23:15,1998-05-25 08:15
WMSGNL,1998-05-30 20:45,1998-05-31 07:45
WMSGNL,1998-06-05 22:15,1998-06-06 04:45
TC1,1998-08-09 06:35,1998-08-09 22:45
TC3,1998-08-09 22:45,1998-08-10 19:45
TC1,1998-08-21 23:55,1998-08-22 21:45
TC1,1998-09-12 06:15,1998-09-13 16:30
WMSGNL,1998-09-14 00:00,1998-09-14 05:00
WMSGNL,1998-09-16 21:45,1998-09-17 05:45
WMSGNL,1998-10-03 08:20,1998-10-03 14:15
WMSGNL,1998-10-04 00:05,1998-10-05 19:45
TC1,1998-10-15 05:45,1998-10-16 05:50
TC1,1998-10-23 22:15,1998-10-24 23:40
TC3,1998-10-24 23:40,1998-10-26 21:30
WMSGNL,1998-11-17 21:15,1998-11-18 06:00
WMSGNL,1998-12-03 01:30,1998-12-03 09:45
WMSGNL,1998-12-11 03:00,1998-12-11 09:00
WMSGNL,1998-12-14 12:00,1998-12-15 09:00
WMSGNL,1998-12-30 02:15,1998-12-30 09:15
WMSGNL,1999-01-14 15:30,1999-01-16 04:45
WMSGNL,1999-02-02 08:00,1999-02-04 08:15
WMSGNL,1999-02-18 22:45,1999-02-19 11:30
WMSGNL,1999-02-27 20:00,1999-02-28 07:30
WMSGNL,1999-03-08 04:45,1999-03-09 04:45
WMSGNL,1999-03-10 22:15,1999-03-11 09:50
WMSGNL,1999-03-22 01:45,1999-03-22 07:00
WMSGNL,1999-03-27 23:15,1999-03-29 09:45
WMSGNL,1999-04-02 23:45,1999-04-03 16:00
WMSGNL,1999-04-13 15:30,1999-04-15 08:30
TC1,1999-04-29 09:40,1999-04-30 16:15
TC3,1999-04-30 16:15,1999-05-02 13:30
TC8,1999-05-02 13:30,1999-05-02 17:30
TC3,1999-05-02 17:30,1999-05-02 20:45
TC1,1999-06-05 23:45,1999-06-06 14:15
TC3,1999-06-06 14:15,1999-06-07 00:30
TC8,1999-06-07 00:30,1999-06-07 02:45
TC9,1999-06-07 02:45,1999-06-07 05:45
TC8,1999-06-07 05:45,1999-06-07 10:30
TC3,1999-06-07 10:30,1999-06-07 14:45
TC1,1999-06-07 22:30,1999-06-08 00:45
TC3,1999-06-08 00:45,1999-06-08 13:45
WMSGNL,1999-06-23 10:30,1999-06-23 21:45
TC1,1999-07-25 11:45,1999-07-26 22:45
TC3,1999-07-26 22:45,1999-07-27 13:45
TC1,1999-08-20 16:15,1999-08-22 02:30
TC3,1999-08-22 02:30,1999-08-22 12:30
TC8,1999-08-22 12:30,1999-08-22 20:10
TC8,1999-08-22 20:10,1999-08-23 03:50
TC3,1999-08-23 03:50,1999-08-23 21:00
TC1,1999-09-03 03:45,1999-09-04 11:20
TC1,1999-09-13 10:45,1999-09-15 10:15
TC3,1999-09-15 10:15,1999-09-16 03:15
TC8,1999-09-16 03:15,1999-09-16 05:20
TC9,1999-09-16 05:20,1999-09-16 06:45
TC10,1999-09-16 06:45,1999-09-16 17:45
TC8,1999-09-16 17:45,1999-09-16 22:10
TC3,1999-09-16 22:10,1999-09-17 00:45
WMSGNL,1999-09-22 07:25,1999-09-22 09:45
TC1,1999-09-24 09:40,1999-09-25 15:40
TC3,1999-09-25 15:40,1999-09-26 05:20
TC8,1999-09-26 05:20,1999-09-26 11:20
TC8,1999-09-26 11:20,1999-09-26 14:10
TC3,1999-09-26 14:10,1999-09-26 15:20
WMSGNL,1999-09-27 22:25,1999-09-28 14:02
WMSGNL,1999-10-03 23:15,1999-10-04 09:45
TC1,1999-10-05 20:45,1999-10-07 05:35
TC3,1999-10-07 05:35,1999-10-07 16:15
TC1,1999-10-07 16:15,1999-10-09 09:25
WMSGNL,1999-10-16 15:45,1999-10-19 11:45
WMSGNL,1999-10-30 07:40,1999-10-31 04:45
WMSGNL,1999-11-01 05:25,1999-11-02 09:45
WMSGNL,1999-11-28 05:20,1999-11-29 09:45
WMSGNL,1999-12-02 23:15,1999-12-03 06:45
WMSGNL,1999-12-05 16:30,1999-12-06 15:10
WMSGNL,1999-12-19 23:00,1999-12-20 11:45
WMSGNL,1999-12-21 07:15,1999-12-21 11:45
WMSGNL,1999-12-21 20:45,1999-12-22 14:50
WMSGNL,1999-12-24 05:20,1999-12-24 15:15
WMSGNL,2000-01-18 21:00,2000-01-19 05:40
WMSGNL,2000-01-20 21:45,2000-01-22 06:45
WMSGNL,2000-01-24 23:30,2000-01-27 11:45
WMSGNL,2000-01-31 22:00,2000-02-01 05:45
WMSGNL,2000-02-08 01:45,2000-02-08 06:45
WMSGNL,2000-02-25 23:10,2000-02-26 15:05
WMSGNL,2000-03-20 06:00,2000-03-20 13:30
WMSGNL,2000-03-29 16:10,2000-03-29 23:15
WMSGNL,2000-04-10 21:00,2000-04-11 11:45
WMSGNL,2000-04-14 06:20,2000-04-14 16:30
WMSGNL,2000-04-15 04:20,2000-04-15 09:00
TC3,2000-06-18 21:15,2000-06-19 01:45
TC1,2000-07-06 15:50,2000-07-09 05:45
WMSGNL,2000-07-11 12:10,2000-07-12 15:00
TC1,2000-07-15 14:45,2000-07-16 21:25
WMSGNL,2000-07-17 03:00,2000-07-18 09:15
TC1,2000-08-23 06:00,2000-08-23 19:15
WMSGNL,2000-08-24 07:45,2000-08-24 14:50
TC1,2000-08-27 23:45,2000-08-29 14:25
TC1,2000-08-31 10:15,2000-09-01 01:30
TC3,2000-09-01 01:30,2000-09-01 13:20
TC1,2000-09-06 13:45,2000-09-07 21:45
TC3,2000-09-07 21:45,2000-09-09 05:45
WMSGNL,2000-09-14 02:45,2000-09-14 10:45
WMSGNL,2000-10-11 06:30,2000-10-16 05:45
WMSGNL,2000-10-18 06:40,2000-10-19 11:30
WMSGNL,2000-10-20 21:45,2000-10-21 22:10
WMSGNL,2000-10-29 09:05,2000-10-31 11:45
WMSGNL,2000-10-31 20:15,2000-11-01 14:30
WMSGNL,2000-11-01 23:30,2000-11-02 09:45
TC1,2000-11-04 14:40,2000-11-08 07:40
WMSGNL,2000-11-17 10:15,2000-11-17 13:45
WMSGNL,2000-11-19 00:15,2000-11-19 06:45
WMSGNL,2000-11-19 22:45,2000-11-21 06:35
WMSGNL,2000-11-28 23:45,2000-11-29 06:45
WMSGNL,2000-12-11 08:00,2000-12-11 12:45
WMSGNL,2000-12-11 21:45,2000-12-12 05:45
WMSGNL,2000-12-20 16:10,2000-12-21 09:40
WMSGNL,2000-12-25 20:45,2000-12-26 06:45
WMSGNL,2001-01-09 15:50,2001-01-10 05:45
WMSGNL,2001-01-26 02:45,2001-01-26 13:00
WMSGNL,2001-02-14 06:15,2001-02-14 10:15
WMSGNL,2001-02-25 01:20,2001-02-25 07:15
WMSGNL,2001-03-04 02:10,2001-03-04 04:10
WMSGNL,2001-03-07 23:10,2001-03-08 04:20
WMSGNL,2001-04-04 11:50,2001-04-04 16:15
WMSGNL,2001-04-11 05:35,2001-04-12 04:50
WMSGNL,2001-04-18 20:30,2001-04-19 01:45
WMSGNL,2001-04-22 07:45,2001-04-23 03:30
TC1,2001-06-22 23:25,2001-06-23 20:25
WMSGNL,2001-06-26 07:55,2001-06-26 16:15
WMSGNL,2001-06-27 01:30,2001-06-27 23:15
TC1,2001-06-30 07:40,2001-06-30 22:20
TC3,2001-06-30 22:20,2001-07-02 09:20
TC1,2001-07-04 17:45,2001-07-05 10:45
TC3,2001-07-05 10:45,2001-07-05 19:30
TC8,2001-07-05 19:30,2001-07-05 23:40
TC8,2001-07-05 23:40,2001-07-06 09:40
TC8,2001-07-06 09:40,2001-07-06 13:40
TC3,2001-07-06 13:40,2001-07-07 11:20
TC1,2001-07-23 21:50,2001-07-24 15:50
TC3,2001-07-24 15:50,2001-07-25 00:30
TC8,2001-07-25 00:30,2001-07-25 10:40
TC8,2001-07-25 10:40,2001-07-25 19:40
TC3,2001-07-25 19:40,2001-07-26 06:15
WMSGNL,2001-08-10 16:10,2001-08-10 19:25
WMSGNL,2001-08-28 11:30,2001-08-28 16:45
TC1,2001-08-28 22:15,2001-08-30 04:45
TC1,2001-09-19 16:15,2001-09-20 14:45
TC3,2001-09-20 14:45,2001-09-20 22:40
WMSGNL,2001-09-21 15:30,2001-09-22 04:50
WMSGNL,2001-11-06 04:10,2001-11-06 06:45
WMSGNL,2001-12-13 13:50,2001-12-14 11:35
WMSGNL,2001-12-21 12:05,2001-12-21 15:30
WMSGNL,2001-12-22 01:50,2001-12-22 07:45
WMSGNL,2002-01-20 21:15,2002-01-21 09:30
WMSGNL,2002-02-18 11:45,2002-02-20 11:45
WMSGNL,2002-03-05 16:00,2002-03-06 13:45
WMSGNL,2002-03-23 08:45,2002-03-24 06:45
WMSGNL,2002-05-13 10:30,2002-05-13 13:00
WMSGNL,2002-05-20 19:15,2002-05-20 23:30
WMSGNL,2002-07-16 13:45,2002-07-17 13:30
TC1,2002-08-03 09:50,2002-08-05 11:30
WMSGNL,2002-08-06 01:00,2002-08-06 15:00
TC1,2002-08-17 22:45,2002-08-20 06:30
WMSGNL,2002-08-20 08:25,2002-08-20 09:50
TC1,2002-09-10 14:40,2002-09-11 05:40
TC3,2002-09-11 05:40,2002-09-11 13:40
TC8,2002-09-11 13:40,2002-09-12 01:40
TC3,2002-09-12 01:40,2002-09-12 05:40
WMSGNL,2002-09-19 22:45,2002-09-20 04:40
WMSGNL,2002-10-06 09:30,2002-10-06 17:15
WMSGNL,2002-11-03 16:15,2002-11-04 07:45
WMSGNL,2002-11-16 06:10,2002-11-16 09:45
WMSGNL,2002-11-25 04:15,2002-11-25 07:45
WMSGNL,2002-12-02 02:45,2002-12-02 06:45
WMSGNL,2002-12-08 06:00,2002-12-09 09:45
WMSGNL,2002-12-14 01:00,2002-12-14 05:45
WMSGNL,2002-12-26 16:45,2002-12-27 05:40
WMSGNL,2003-01-02 06:15,2003-01-02 13:45
WMSGNL,2003-01-06 17:15,2003-01-06 21:40
WMSGNL,2003-01-24 04:45,2003-01-25 11:40
WMSGNL,2003-01-27 03:45,2003-01-27 15:15
WMSGNL,2003-01-30 18:45,2003-01-30 21:45
WMSGNL,2003-02-20 08:35,2003-02-21 17:55
WMSGNL,2003-02-25 07:45,2003-02-25 14:45
WMSGNL,2003-03-04 07:20,2003-03-05 13:45
WMSGNL,2003-03-06 16:45,2003-03-07 08:45
WMSGNL,2003-03-10 22:45,2003-03-11 20:20
WMSGNL,2003-04-08 17:15,2003-04-09 06:45
WMSGNL,2003-04-09 18:15,2003-04-10 11:30
WMSGNL,2003-06-26 09:40,2003-06-26 15:30
WMSGNL,2003-06-27 06:00,2003-06-27 19:45
TC1,2003-07-20 05:40,2003-07-21 20:15
TC1,2003-07-22 20:20,2003-07-23 13:40
TC3,2003-07-23 13:40,2003-07-23 22:40
TC8,2003-07-23 22:40,2003-07-24 05:15
TC8,2003-07-24 05:15,2003-07-24 08:15
TC3,2003-07-24 08:15,2003-07-24 12:40
TC1,2003-08-23 09:30,2003-08-24 11:30
TC3,2003-08-24 11:30,2003-08-25 11:30
TC1,2003-09-01 22:15,2003-09-02 10:40
TC3,2003-09-02 10:40,2003-09-02 14:20
TC8,2003-09-02 14:20,2003-09-02 20:10
TC9,2003-09-02 20:10,2003-09-02 22:10
TC8,2003-09-02 22:10,2003-09-03 01:30
TC3,2003-09-03 01:30,2003-09-03 03:20
WMSGNL,2003-09-07 13:00,2003-09-07 22:30
WMSGNL,2003-09-14 22:25,2003-09-15 14:45
WMSGNL,2003-09-16 04:45,2003-09-16 16:45
WMSGNL,2003-10-11 03:30,2003-10-11 08:15
WMSGNL,2003-10-14 07:15,2003-10-14 11:45
WMSGNL,2003-11-09 09:45,2003-11-09 18:30
WMSGNL,2003-11-11 02:45,2003-11-11 09:45
WMSGNL,2003-11-12 00:20,2003-11-12 09:45
WMSGNL,2003-11-16 23:15,2003-11-18 11:30
WMSGNL,2003-12-18 23:15,2003-12-19 13:15
WMSGNL,2003-12-19 20:45,2003-12-20 01:45
WMSGNL,2004-01-21 05:05,2004-01-21 09:45
WMSGNL,2004-01-23 20:00,2004-01-24 11:30
WMSGNL,2004-02-10 09:15,2004-02-10 11:45
WMSGNL,2004-02-16 09:45,2004-02-16 17:15
WMSGNL,2004-02-23 05:45,2004-02-24 06:00
WMSGNL,2004-03-06 16:30,2004-03-07 11:45
WMSGNL,2004-03-18 19:55,2004-03-19 06:30
WMSGNL,2004-03-24 20:25,2004-03-25 05:45
WMSGNL,2004-03-31 11:45,2004-03-31 16:15
WMSGNL,2004-04-24 08:30,2004-04-25 13:45
WMSGNL,2004-04-28 21:20,2004-04-29 04:45
WMSGNL,2004-05-04 18:45,2004-05-04 22:30
TC1,2004-06-08 14:15,2004-06-09 04:30
WMSGNL,2004-07-03 00:35,2004-07-03 09:00
TC1,2004-07-14 22:55,2004-07-16 05:15
TC3,2004-07-16 05:15,2004-07-16 11:45
TC8,2004-07-16 11:45,2004-07-16 14:45
TC8,2004-07-16 14:45,2004-07-16 16:45
TC8,2004-07-16 16:45,2004-07-16 19:20
TC3,2004-07-16 19:20,2004-07-16 20:20
TC1,2004-08-26 10:15,2004-08-27 04:10
WMSGNL,2004-10-01 20:50,2004-10-02 16:15
WMSGNL,2004-10-26 05:00,2004-10-26 11:35
WMSGNL,2004-12-04 05:20,2004-12-05 11:45
WMSGNL,2004-12-28 12:10,2004-12-29 03:50
WMSGNL,2004-12-30 18:00,2005-01-01 08:45
WMSGNL,2005-01-14 09:45,2005-01-14 13:30
WMSGNL,2005-02-13 23:15,2005-02-14 12:00
WMSGNL,2005-02-25 19:30,2005-02-27 15:30
WMSGNL,2005-03-03 05:20,2005-03-03 11:15
WMSGNL,2005-03-12 09:15,2005-03-13 04:45
WMSGNL,2005-03-18 06:45,2005-03-19 16:30
WMSGNL,2005-03-26 02:45,2005-03-26 11:45
WMSGNL,2005-03-30 06:10,2005-03-30 16:15
WMSGNL,2005-04-04 06:55,2005-04-04 12:45
WMSGNL,2005-05-29 09:00,2005-05-29 11:45
WMSGNL,2005-06-30 08:30,2005-06-30 10:30
TC1,2005-08-12 10:40,2005-08-13 18:45
WMSGNL,2005-08-20 05:30,2005-08-20 23:45
TC1,2005-09-17 14:40,2005-09-18 07:40
WMSGNL,2005-09-18 07:55,2005-09-18 21:45
TC1,2005-09-22 10:40,2005-09-24 08:40
TC3,2005-09-24 08:40,2005-09-26 08:20
WMSGNL,2005-09-26 12:45,2005-09-27 12:15
WMSGNL,2005-10-18 22:00,2005-10-19 07:45
WMSGNL,2005-12-04 02:45,2005-12-04 12:45
WMSGNL,2005-12-15 02:45,2005-12-15 07:45
WMSGNL,2005-12-21 06:15,2005-12-22 10:45
WMSGNL,2006-02-02 02:25,2006-02-02 08:45
WMSGNL,2006-02-04 01:00,2006-02-04 05:15
WMSGNL,2006-02-05 03:30,2006-02-05 08:45
WMSGNL,2006-02-08 03:10,2006-02-08 09:45
WMSGNL,2006-02-09 01:00,2006-02-09 07:45
WMSGNL,2006-02-12 15:00,2006-02-13 06:15
WMSGNL,2006-02-17 03:35,2006-02-17 08:20
WMSGNL,2006-02-26 21:45,2006-02-28 03:45
WMSGNL,2006-02-28 20:20,2006-03-01 16:15
WMSGNL,2006-03-12 20:45,2006-03-13 04:45
WMSGNL,2006-03-19 14:00,2006-03-20 06:40
WMSGNL,2006-04-10 14:05,2006-04-10 19:30
TC1,2006-05-15 21:40,2006-05-17 07:15
TC3,2006-05-17 07:15,2006-05-17 21:15
TC1,2006-05-17 21:15,2006-05-18 04:40
TC1,2006-06-27 09:40,2006-06-28 18:40
WMSGNL,2006-07-14 22:45,2006-07-17 09:15
TC1,2006-08-01 12:10,2006-08-02 16:20
TC3,2006-08-02 16:20,2006-08-04 05:40
TC1,2006-08-04 05:40,2006-08-04 15:40
TC1,2006-08-09 08:40,2006-08-10 22:10
TC1,2006-08-24 11:10,2006-08-25 06:20
TC1,2006-09-12 13:40,2006-09-13 10:35
TC3,2006-09-13 10:35,2006-09-13 14:40
TC1,2006-09-13 14:40,2006-09-13 16:10
WMSGNL,2006-09-23 19:30,2006-09-25 15:00
WMSGNL,2006-09-30 02:15,2006-09-30 10:55
TC1,2006-10-31 14:20,2006-11-03 13:30
WMSGNL,2006-12-16 09:45,2006-12-17 07:45
WMSGNL,2007-02-15 15:20,2007-02-15 20:45
WMSGNL,2007-02-24 07:45,2007-02-24 13:30
WMSGNL,2007-02-28 09:40,2007-02-28 18:45
WMSGNL,2007-03-01 00:10,2007-03-01 09:45
WMSGNL,2007-03-06 02:00,2007-03-06 06:00
WMSGNL,2007-03-17 08:45,2007-03-18 07:45
WMSGNL,2007-06-10 13:50,2007-06-10 15:50
TC1,2007-08-08 05:40,2007-08-09 02:40
TC3,2007-08-09 02:40,2007-08-09 11:15
TC1,2007-08-10 07:50,2007-08-10 12:40
TC3,2007-08-10 12:40,2007-08-10 14:30
TC8,2007-08-10 14:30,2007-08-10 21:40
TC3,2007-08-10 21:40,2007-08-11 01:40
TC1,2007-08-11 01:40,2007-08-11 08:30
WMSGNL,2007-08-17 05:15,2007-08-17 08:45
WMSGNL,2007-08-20 04:15,2007-08-20 10:30
TC1,2007-09-23 02:40,2007-09-24 11:15
WMSGNL,2007-09-25 01:45,2007-09-25 06:30
WMSGNL,2007-09-30 21:45,2007-10-01 06:30
WMSGNL,2007-10-01 16:30,2007-10-03 17:15
WMSGNL,2007-11-01 16:15,2007-11-02 07:45
WMSGNL,2007-11-26 19:30,2007-11-27 12:45
WMSGNL,2007-11-28 02:45,2007-11-28 09:45
WMSGNL,2008-01-18 22:45,2008-01-19 05:45
WMSGNL,2008-02-18 01:30,2008-02-18 05:35
WMSGNL,2008-02-23 19:45,2008-02-25 11:45
WMSGNL,2008-02-26 17:00,2008-02-27 09:15
WMSGNL,2008-03-20 01:20,2008-03-20 11:30
WMSGNL,2008-03-31 20:45,2008-04-01 09:45
TC1,2008-04-17 16:15,2008-04-18 20:40
TC3,2008-04-18 20:40,2008-04-20 01:30
WMSGNL,2008-05-05 21:30,2008-05-06 06:00
WMSGNL,2008-05-20 09:15,2008-05-21 00:05
WMSGNL,2008-06-06 11:55,2008-06-06 13:55
WMSGNL,2008-06-13 08:15,2008-06-14 00:15
WMSGNL,2008-06-17 19:15,2008-06-18 00:45
TC1,2008-06-23 07:40,2008-06-24 16:40
TC3,2008-06-24 16:40,2008-06-24 22:45
TC8,2008-06-24 22:45,2008-06-25 00:45
TC8,2008-06-25 00:45,2008-06-25 05:45
TC8,2008-06-25 05:45,2008-06-25 11:15
TC3,2008-06-25 11:15,2008-06-25 22:15
WMSGNL,2008-07-30 01:45,2008-07-30 10:15
TC1,2008-08-04 10:15,2008-08-05 19:15
TC3,2008-08-05 19:15,2008-08-06 05:40
TC8,2008-08-06 05:40,2008-08-06 08:40
TC8,2008-08-06 08:40,2008-08-06 17:15
TC3,2008-08-06 17:15,2008-08-07 04:15
TC1,2008-08-07 04:15,2008-08-07 07:15
TC1,2008-08-20 18:15,2008-08-21 20:40
TC3,2008-08-21 20:40,2008-08-22 07:40
TC8,2008-08-22 07:40,2008-08-22 13:40
TC9,2008-08-22 13:40,2008-08-23 00:40
TC8,2008-08-23 00:40,2008-08-23 02:40
TC3,2008-08-23 02:40,2008-08-23 09:40
TC1,2008-08-23 09:40,2008-08-23 11:15
TC1,2008-09-22 18:40,2008-09-23 10:25
TC3,2008-09-23 10:25,2008-09-23 18:00
TC8,2008-09-23 18:00,2008-09-24 00:40
TC8,2008-09-24 00:40,2008-09-24 06:30
TC3,2008-09-24 06:30,2008-09-24 12:50
WMSGNL,2008-09-24 21:00,2008-09-25 06:15
TC1,2008-10-02 19:30,2008-10-04 22:30
WMSGNL,2008-10-05 17:45,2008-10-05 23:40
WMSGNL,2008-10-12 09:45,2008-10-12 12:00
WMSGNL,2008-11-09 01:10,2008-11-09 11:50
WMSGNL,2008-11-27 04:45,2008-11-27 10:30
WMSGNL,2008-11-27 14:40,2008-11-28 06:30
WMSGNL,2008-12-05 02:15,2008-12-05 10:30
WMSGNL,2008-12-26 04:45,2008-12-26 13:45
WMSGNL,2009-01-09 04:45,2009-01-09 12:45
WMSGNL,2009-01-10 01:45,2009-01-10 07:45
WMSGNL,2009-03-12 04:45,2009-03-12 08:45
WMSGNL,2009-03-12 11:45,2009-03-12 14:45
WMSGNL,2009-03-13 15:45,2009-03-14 09:15
WMSGNL,2009-03-26 22:45,2009-03-27 04:45
WMSGNL,2009-04-01 23:15,2009-04-03 08:00
WMSGNL,2009-04-18 04:45,2009-04-18 11:30
WMSGNL,2009-04-23 08:45,2009-04-23 11:45
WMSGNL,2009-04-28 09:15,2009-04-28 11:45
WMSGNL,2009-05-23 06:30,2009-05-23 19:45
WMSGNL,2009-05-24 06:30,2009-05-24 15:30
WMSGNL,2009-05-27 17:15,2009-05-28 08:45
TC1,2009-06-20 10:40,2009-06-21 05:45
TC1,2009-06-26 07:15,2009-06-26 15:40
TC3,2009-06-26 15:40,2009-06-27 05:25
WMSGNL,2009-06-27 11:40,2009-06-27 18:00
TC1,2009-07-10 16:45,2009-07-11 13:25
TC3,2009-07-11 13:25,2009-07-11 21:15
TC1,2009-07-11 21:15,2009-07-12 05:20
TC1,2009-07-17 22:15,2009-07-18 14:15
TC3,2009-07-18 14:15,2009-07-18 23:30
TC8,2009-07-18 23:30,2009-07-19 01:30
TC9,2009-07-19 01:30,2009-07-19 04:40
TC8,2009-07-19 04:40,2009-07-19 06:40
TC3,2009-07-19 06:40,2009-07-19 10:40
TC1,2009-07-19 10:40,2009-07-19 13:15
TC1,2009-08-03 15:15,2009-08-04 11:15
TC3,2009-08-04 11:15,2009-08-04 21:40
TC8,2009-08-04 21:40,2009-08-05 03:40
TC3,2009-08-05 03:40,2009-08-05 05:40
TC1,2009-08-05 05:40,2009-08-05 16:00
TC1,2009-09-10 04:35,2009-09-10 14:35
TC3,2009-09-10 14:35,2009-09-11 03:35
TC1,2009-09-11 03:35,2009-09-11 06:25
TC1,2009-09-13 20:35,2009-09-14 11:15
TC3,2009-09-14 11:15,2009-09-14 17:55
TC8,2009-09-14 17:55,2009-09-15 00:35
TC8,2009-09-15 00:35,2009-09-15 10:15
TC3,2009-09-15 10:15,2009-09-15 13:35
TC1,2009-09-15 13:35,2009-09-15 15:40
TC1,2009-09-27 22:15,2009-09-28 19:15
WMSGNL,2009-09-29 11:30,2009-09-29 21:15
WMSGNL,2009-10-11 02:50,2009-10-12 16:10
WMSGNL,2009-11-02 06:10,2009-11-02 11:45
WMSGNL,2009-11-02 17:20,2009-11-03 08:40
WMSGNL,2009-11-11 21:30,2009-11-12 07:15
WMSGNL,2009-11-13 00:00,2009-11-13 09:35
WMSGNL,2009-11-13 12:30,2009-11-13 16:15
WMSGNL,2009-11-15 19:45,2009-11-16 01:45
WMSGNL,2009-11-16 19:10,2009-11-18 04:45
WMSGNL,2009-11-20 12:30,2009-11-21 09:45
WMSGNL,2009-12-07 05:30,2009-12-07 07:30
WMSGNL,2009-12-08 00:15,2009-12-08 07:35
WMSGNL,2009-12-27 15:00,2009-12-27 21:45
WMSGNL,2009-12-31 07:45,2009-12-31 11:30
WMSGNL,2010-01-05 08:45,2010-01-06 07:45
WMSGNL,2010-01-12 06:10,2010-01-12 11:30
WMSGNL,2010-02-13 22:00,2010-02-14 04:45
WMSGNL,2010-03-09 02:15,2010-03-10 09:45
WMSGNL,2010-03-25 03:45,2010-03-25 12:45
WMSGNL,2010-03-30 09:40,2010-03-30 16:45
WMSGNL,2010-04-14 00:50,2010-04-14 14:45
WMSGNL,2010-06-02 07:45,2010-06-02 16:30
TC1,2010-07-15 19:20,2010-07-16 21:15
TC1,2010-07-20 12:15,2010-07-21 16:40
TC3,2010-07-21 16:40,2010-07-22 11:40
TC1,2010-07-22 11:40,2010-07-22 14:40
TC1,2010-08-29 10:35,2010-08-30 19:10
TC1,2010-09-02 20:40,2010-09-03 16:40
WMSGNL,2010-09-04 00:15,2010-09-04 07:45
TC1,2010-09-19 16:35,2010-09-20 16:05
TC3,2010-09-20 16:05,2010-09-21 07:35
WMSGNL,2010-10-10 14:10,2010-10-11 06:30
TC1,2010-10-20 16:35,2010-10-21 05:40
TC3,2010-10-21 05:40,2010-10-22 18:05
TC1,2010-10-22 18:05,2010-10-22 20:40
WMSGNL,2010-10-28 07:45,2010-10-28 10:00
WMSGNL,2010-11-12 20:15,2010-11-13 06:00
WMSGNL,2010-12-07 09:45,2010-12-07 16:15
WMSGNL,2010-12-14 22:00,2010-12-17 09:30
WMSGNL,2010-12-25 23:50,2010-12-26 11:30
WMSGNL,2011-01-02 00:05,2011-01-02 09:50
WMSGNL,2011-01-15 07:30,2011-01-16 04:45
WMSGNL,2011-01-21 09:15,2011-01-21 11:30
WMSGNL,2011-01-29 03:05,2011-01-29 11:45
WMSGNL,2011-02-15 06:05,2011-02-15 12:45
WMSGNL,2011-03-15 19:15,2011-03-16 00:30
WMSGNL,2011-03-17 23:45,2011-03-18 07:45
TC1,2011-06-10 09:40,2011-06-11 07:15
TC1,2011-06-20 21:35,2011-06-22 05:45
TC3,2011-06-22 05:45,2011-06-23 10:25
TC1,2011-06-23 10:25,2011-06-23 20:45
TC1,2011-07-28 08:40,2011-07-28 18:45
TC3,2011-07-28 18:45,2011-07-29 14:10
TC1,2011-07-29 14:10,2011-07-29 16:40
WMSGNL,2011-09-25 02:30,2011-09-25 09:50
WMSGNL,2011-09-25 18:55,2011-09-26 06:30
TC1,2011-09-27 22:40,2011-09-28 17:20
TC3,2011-09-28 17:20,2011-09-29 04:40
TC8,2011-09-29 04:40,2011-09-29 16:10
TC3,2011-09-29 16:10,2011-09-30 00:20
TC1,2011-09-30 00:20,2011-09-30 06:25
WMSGNL,2011-10-01 05:35,2011-10-01 12:15
WMSGNL,2011-10-01 18:00,2011-10-02 02:30
TC1,2011-10-02 10:40,2011-10-03 06:40
TC3,2011-10-03 06:40,2011-10-03 19:10
WMSGNL,2011-10-03 19:10,2011-10-04 16:15
WMSGNL,2011-10-04 23:00,2011-10-05 07:30
WMSGNL,2011-10-10 19:30,2011-10-12 14:10
WMSGNL,2011-11-06 23:00,2011-11-07 07:30
WMSGNL,2011-11-09 17:30,2011-11-10 05:45
WMSGNL,2011-11-21 01:45,2011-11-21 12:45
WMSGNL,2011-12-01 11:45,2011-12-02 11:45
WMSGNL,2011-12-08 20:45,2011-12-09 11:45
WMSGNL,2011-12-10 07:00,2011-12-10 16:00
WMSGNL,2011-12-11 04:00,2011-12-11 10:35
WMSGNL,2012-01-25 04:45,2012-01-25 07:45
WMSGNL,2012-02-29 06:45,2012-02-29 13:45
WMSGNL,2012-03-15 02:45,2012-03-15 09:00
WMSGNL,2012-03-21 19:20,2012-03-22 06:10
WMSGNL,2012-03-23 17:45,2012-03-24 09:40
WMSGNL,2012-04-17 09:00,2012-04-17 16:45
WMSGNL,2012-05-23 10:05,2012-05-23 14:30
WMSGNL,2012-05-31 21:20,2012-06-01 09:40
WMSGNL,2012-06-11 12:45,2012-06-11 17:20
TC1,2012-06-17 16:20,2012-06-18 22:40
TC3,2012-06-18 22:40,2012-06-19 10:20
TC1,2012-06-19 10:20,2012-06-19 20:40
WMSGNL,2012-06-22 12:40,2012-06-22 21:15
WMSGNL,2012-06-25 11:20,2012-06-25 16:15
TC1,2012-06-28 21:40,2012-06-29 16:20
TC3,2012-06-29 16:20,2012-06-29 23:05
TC8,2012-06-29 23:05,2012-06-30 00:40
TC8,2012-06-30 00:40,2012-06-30 03:25
TC3,2012-06-30 03:25,2012-06-30 06:40
TC1,2012-06-30 06:40,2012-06-30 08:15
TC1,2012-07-21 15:40,2012-07-23 05:20
TC3,2012-07-23 05:20,2012-07-23 17:40
TC8,2012-07-23 17:40,2012-07-23 23:20
TC9,2012-07-23 23:20,2012-07-24 00:45
TC10,2012-07-24 00:45,2012-07-24 03:35
TC8,2012-07-24 03:35,2012-07-24 10:10
TC3,2012-07-24 10:10,2012-07-24 14:40
TC1,2012-07-24 14:40,2012-07-24 23:15
WMSGNL,2012-07-24 23:16,2012-07-25 05:20
TC1,2012-08-15 20:10,2012-08-16 13:40
TC3,2012-08-16 13:40,2012-08-16 22:15
TC8,2012-08-16 22:15,2012-08-17 06:20
TC3,2012-08-17 06:20,2012-08-17 15:20
TC1,2012-08-17 15:20,2012-08-17 16:25
TC1,2012-08-24 22:40,2012-08-26 16:40
WMSGNL,2012-10-23 22:05,2012-10-24 06:00
WMSGNL,2012-10-27 05:50,2012-10-27 11:15
WMSGNL,2012-10-29 07:45,2012-10-30 03:45
WMSGNL,2012-11-15 07:45,2012-11-16 10:30
WMSGNL,2012-11-17 03:30,2012-11-17 06:30
WMSGNL,2012-11-26 09:15,2012-11-26 20:40
WMSGNL,2012-12-02 07:10,2012-12-02 10:45
WMSGNL,2012-12-05 11:15,2012-12-05 16:20
WMSGNL,2012-12-18 13:40,2012-12-19 05:20
WMSGNL,2012-12-19 21:00,2012-12-21 08:40
WMSGNL,2012-12-23 02:45,2012-12-23 16:00
WMSGNL,2012-12-26 22:20,2012-12-27 09:45
WMSGNL,2012-12-29 18:45,2012-12-31 07:45
WMSGNL,2013-02-03 00:30,2013-02-03 12:05
WMSGNL,2013-02-08 03:10,2013-02-09 06:00
WMSGNL,2013-03-02 08:15,2013-03-02 14:15
WMSGNL,2013-03-05 13:10,2013-03-05 15:10
WMSGNL,2013-03-25 09:45,2013-03-26 13:15
WMSGNL,2013-03-30 02:05,2013-03-30 20:45
WMSGNL,2013-04-03 06:15,2013-04-03 14:00
WMSGNL,2013-04-06 07:20,2013-04-06 12:25
WMSGNL,2013-04-06 19:30,2013-04-07 04:00
WMSGNL,2013-04-26 20:30,2013-04-27 07:45
WMSGNL,2013-05-01 21:15,2013-05-03 04:45
WMSGNL,2013-05-08 21:40,2013-05-08 23:30
WMSGNL,2013-06-14 04:05,2013-06-15 09:30
TC1,2013-06-21 07:40,2013-06-21 20:20
TC3,2013-06-21 20:20,2013-06-22 09:10
TC1,2013-06-22 09:10,2013-06-22 11:15
TC1,2013-06-30 21:10,2013-07-01 13:15
TC3,2013-07-01 13:15,2013-07-02 05:10
TC1,2013-07-02 05:10,2013-07-02 09:40
WMSGNL,2013-07-07 16:10,2013-07-07 17:25
TC1,2013-07-17 23:20,2013-07-18 15:40
TC1,2013-08-01 09:40,2013-08-01 16:10
TC3,2013-08-01 16:10,2013-08-02 22:15
WMSGNL,2013-08-03 04:15,2013-08-03 11:15
TC1,2013-08-12 16:05,2013-08-13 04:40
TC3,2013-08-13 04:40,2013-08-14 01:40
TC8,2013-08-14 01:40,2013-08-14 13:40
TC3,2013-08-14 13:40,2013-08-15 01:40
TC1,2013-08-15 01:40,2013-08-15 16:40
WMSGNL,2013-08-23 04:45,2013-08-23 14:15
WMSGNL,2013-09-17 02:45,2013-09-19 04:40
TC1,2013-09-21 10:40,2013-09-21 23:40
TC3,2013-09-21 23:40,2013-09-22 18:40
TC8,2013-09-22 18:40,2013-09-23 00:25
TC8,2013-09-23 00:25,2013-09-23 09:20
TC3,2013-09-23 09:20,2013-09-23 10:25
WMSGNL,2013-09-30 08:30,2013-09-30 21:45
WMSGNL,2013-10-13 01:45,2013-10-13 09:05
WMSGNL,2013-10-14 02:30,2013-10-14 11:05
TC1,2013-11-01 15:20,2013-11-03 22:50
WMSGNL,2013-11-09 19:10,2013-11-12 22:45
WMSGNL,2013-11-28 02:30,2013-11-28 09:45
WMSGNL,2013-12-15 21:10,2013-12-17 09:30
WMSGNL,2013-12-19 04:00,2013-12-19 07:45
WMSGNL,2013-12-27 05:00,2013-12-27 11:30
WMSGNL,2014-01-20 23:15,2014-01-21 09:45
WMSGNL,2014-02-10 00:15,2014-02-10 10:40
WMSGNL,2014-02-18 16:20,2014-02-19 19:45
WMSGNL,2014-02-28 08:40,2014-02-28 16:15
WMSGNL,2014-03-03 08:00,2014-03-04 03:00
WMSGNL,2014-03-06 02:25,2014-03-08 09:30
WMSGNL,2014-03-10 03:45,2014-03-11 12:05
WMSGNL,2014-03-11 22:35,2014-03-12 05:45
WMSGNL,2014-03-20 21:20,2014-03-21 10:15
WMSGNL,2014-03-30 19:45,2014-03-31 10:35
WMSGNL,2014-04-06 15:00,2014-04-07 14:15
WMSGNL,2014-05-08 21:35,2014-05-08 23:50
TC1,2014-06-14 17:40,2014-06-15 13:20
TC1,2014-07-16 23:40,2014-07-17 16:15
TC3,2014-07-17 16:15,2014-07-18 19:40
TC1,2014-07-18 19:40,2014-07-19 03:40
TC1,2014-09-07 09:40,2014-09-08 09:10
TC1,2014-09-14 23:35,2014-09-15 12:40
TC3,2014-09-15 12:40,2014-09-15 22:30
TC8,2014-09-15 22:30,2014-09-16 10:40
TC3,2014-09-16 10:40,2014-09-16 20:40
TC1,2014-09-16 20:40,2014-09-17 02:10
WMSGNL,2014-09-17 02:11,2014-09-17 18:15
WMSGNL,2014-10-27 20:10,2014-10-29 09:20
WMSGNL,2014-11-14 23:15,2014-11-15 07:45
WMSGNL,2014-12-01 03:45,2014-12-02 07:45
WMSGNL,2014-12-04 03:15,2014-12-04 15:00
WMSGNL,2014-12-06 22:45,2014-12-07 06:00
WMSGNL,2014-12-08 23:15,2014-12-09 08:45
WMSGNL,2014-12-16 05:00,2014-12-17 11:45
WMSGNL,2015-01-28 07:50,2015-01-29 05:45
WMSGNL,2015-02-19 06:30,2015-02-20 13:45
WMSGNL,2015-02-27 08:45,2015-02-27 15:00
WMSGNL,2015-02-28 04:45,2015-02-28 13:45
WMSGNL,2015-03-05 03:30,2015-03-06 05:45
WMSGNL,2015-03-10 07:45,2015-03-11 07:45
WMSGNL,2015-03-23 03:15,2015-03-23 13:45
WMSGNL,2015-03-24 22:45,2015-03-26 07:45
WMSGNL,2015-05-21 11:35,2015-05-22 05:45
TC1,2015-06-21 21:40,2015-06-23 07:40
TC1,2015-07-08 07:40,2015-07-09 08:40
TC3,2015-07-09 08:40,2015-07-09 16:40
TC8,2015-07-09 16:40,2015-07-09 22:10
TC3,2015-07-09 22:10,2015-07-10 05:50
WMSGNL,2015-07-20 23:10,2015-07-21 18:15
WMSGNL,2015-09-14 01:45,2015-09-14 08:45
TC1,2015-10-02 20:40,2015-10-03 10:20
TC3,2015-10-03 10:20,2015-10-04 20:40
TC1,2015-10-04 20:40,2015-10-05 05:20
WMSGNL,2015-10-05 05:21,2015-10-05 15:30
WMSGNL,2015-10-10 20:55,2015-10-11 15:00
WMSGNL,2015-11-10 06:25,2015-11-12 13:45
WMSGNL,2015-11-25 18:55,2015-11-26 07:45
WMSGNL,2015-12-05 10:20,2015-12-06 13:35
WMSGNL,2015-12-09 01:15,2015-12-09 23:15
WMSGNL,2015-12-16 01:40,2015-12-17 11:45
WMSGNL,2015-12-25 07:25,2015-12-25 12:45
WMSGNL,2016-01-16 11:40,2016-01-17 01:40
WMSGNL,2016-01-20 03:10,2016-01-21 07:45
WMSGNL,2016-01-22 21:30,2016-01-25 10:30
WMSGNL,2016-01-31 04:30,2016-01-31 17:45
WMSGNL,2016-02-06 00:15,2016-02-07 04:45
WMSGNL,2016-02-21 08:05,2016-02-22 09:00
WMSGNL,2016-03-20 13:10,2016-03-22 13:45
WMSGNL,2016-03-24 05:50,2016-03-24 16:15
TC1,2016-05-26 21:40,2016-05-27 05:40
TC3,2016-05-27 05:40,2016-05-27 13:40
TC1,2016-05-27 13:40,2016-05-27 22:50
WMSGNL,2016-06-12 08:30,2016-06-12 14:45
TC1,2016-07-26 08:40,2016-07-26 23:20
TC1,2016-07-31 22:10,2016-08-01 11:40
TC3,2016-08-01 11:40,2016-08-01 20:40
TC8,2016-08-01 20:40,2016-08-02 04:40
TC8,2016-08-02 04:40,2016-08-02 12:40
TC3,2016-08-02 12:40,2016-08-02 17:10
TC1,2016-08-17 11:30,2016-08-17 22:15
TC3,2016-08-17 22:15,2016-08-18 11:15
TC1,2016-08-18 11:15,2016-08-18 13:15
TC1,2016-09-14 10:10,2016-09-15 04:20
TC1,2016-09-28 08:40,2016-09-28 23:10
TC1,2016-10-06 20:40,2016-10-09 03:45
WMSGNL,2016-10-12 20:45,2016-10-13 07:45
WMSGNL,2016-10-13 22:45,2016-10-14 07:40
TC1,2016-10-16 21:20,2016-10-17 13:40
TC3,2016-10-17 13:40,2016-10-18 22:10
WMSGNL,2016-10-18 22:11,2016-10-19 08:45
TC1,2016-10-20 08:20,2016-10-20 20:40
TC3,2016-10-20 20:40,2016-10-21 06:10
TC8,2016-10-21 06:10,2016-10-21 14:15
TC8,2016-10-21 14:15,2016-10-21 17:20
TC3,2016-10-21 17:20,2016-10-21 22:10
WMSGNL,2016-10-29 19:30,2016-10-29 22:15
WMSGNL,2016-11-22 22:45,2016-11-24 09:15
WMSGNL,2016-11-26 11:45,2016-11-27 06:45
WMSGNL,2016-12-24 02:10,2016-12-24 11:45
WMSGNL,2016-12-26 23:10,2016-12-28 07:45
WMSGNL,2017-01-24 02:00,2017-01-24 07:45
WMSGNL,2017-01-24 23:25,2017-01-25 06:15
WMSGNL,2017-01-30 22:00,2017-01-31 08:45
WMSGNL,2017-02-06 16:15,2017-02-07 16:45
WMSGNL,2017-02-08 19:45,2017-02-09 11:45
WMSGNL,2017-02-21 09:45,2017-02-22 02:45
WMSGNL,2017-03-14 10:15,2017-03-16 05:45
WMSGNL,2017-03-31 16:15,2017-04-01 06:00
WMSGNL,2017-06-02 10:20,2017-06-02 18:40
TC1,2017-06-11 19:40,2017-06-12 10:40
TC3,2017-06-12 10:40,2017-06-12 17:20
TC8,2017-06-12 17:20,2017-06-12 20:20
TC8,2017-06-12 20:20,2017-06-13 00:10
TC8,2017-06-13 00:10,2017-06-13 04:40
TC3,2017-06-13 04:40,2017-06-13 11:10
WMSGNL,2017-07-17 23:55,2017-07-18 09:00
TC1,2017-07-22 15:40,2017-07-23 03:40
TC3,2017-07-23 03:40,2017-07-23 09:20
TC8,2017-07-23 09:20,2017-07-23 13:20
TC3,2017-07-23 13:20,2017-07-23 15:10
TC1,2017-07-23 15:10,2017-07-23 19:40
WMSGNL,2017-07-31 14:30,2017-07-31 20:45
TC1,2017-08-22 08:40,2017-08-22 18:20
TC3,2017-08-22 18:20,2017-08-23 05:20
TC8,2017-08-23 05:20,2017-08-23 08:10
TC9,2017-08-23 08:10,2017-08-23 09:10
TC10,2017-08-23 09:10,2017-08-23 14:10
TC8,2017-08-23 14:10,2017-08-23 17:10
TC3,2017-08-23 17:10,2017-08-23 18:20
TC1,2017-08-23 18:20,2017-08-23 20:40
TC1,2017-08-26 09:40,2017-08-26 20:40
TC3,2017-08-26 20:40,2017-08-27 05:10
TC8,2017-08-27 05:10,2017-08-27 13:40
TC3,2017-08-27 13:40,2017-08-27 17:40
TC1,2017-08-27 17:40,2017-08-27 22:10
WMSGNL,2017-08-28 02:45,2017-08-28 04:40
TC1,2017-09-02 02:20,2017-09-03 22:40
TC3,2017-09-03 22:40,2017-09-04 10:20
TC1,2017-09-04 10:20,2017-09-04 14:10
WMSGNL,2017-09-14 03:15,2017-09-14 10:15
TC1,2017-09-23 23:10,2017-09-24 19:20
WMSGNL,2017-09-24 21:45,2017-09-25 05:40
WMSGNL,2017-10-08 22:45,2017-10-10 09:40
WMSGNL,2017-10-14 04:20,2017-10-14 08:45
TC1,2017-10-14 10:40,2017-10-14 19:10
TC3,2017-10-14 19:10,2017-10-15 08:40
TC8,2017-10-15 08:40,2017-10-15 19:20
TC3,2017-10-15 19:20,2017-10-15 22:40
TC1,2017-10-15 22:40,2017-10-16 02:20
WMSGNL,2017-10-16 15:30,2017-10-17 03:10
WMSGNL,2017-10-17 06:15,2017-10-17 12:45
WMSGNL,2017-11-09 02:00,2017-11-09 10:05
WMSGNL,2017-11-11 21:40,2017-11-12 09:15
WMSGNL,2017-11-18 21:10,2017-11-19 12:40
WMSGNL,2017-12-08 07:05,2017-12-08 11:00
WMSGNL,2017-12-13 03:15,2017-12-14 09:00
WMSGNL,2017-12-16 15:00,2017-12-17 09:45
WMSGNL,2018-01-06 02:00,2018-01-07 11:45
WMSGNL,2018-01-08 12:00,2018-01-09 13:40
WMSGNL,2018-01-24 07:45,2018-01-25 16:00
WMSGNL,2018-01-31 16:00,2018-02-01 07:45
WMSGNL,2018-03-06 06:30,2018-03-07 07:45
WMSGNL,2018-03-08 10:45,2018-03-08 16:10
WMSGNL,2018-03-17 03:45,2018-03-17 15:10
WMSGNL,2018-03-21 01:40,2018-03-21 07:40
WMSGNL,2018-04-06 12:50,2018-04-07 14:45
WMSGNL,2018-05-03 20:30,2018-05-04 04:45
WMSGNL,2018-05-04 19:30,2018-05-05 01:40
WMSGNL,2018-05-09 14:10,2018-05-11 02:45
TC1,2018-06-05 11:20,2018-06-07 12:40
TC3,2018-06-07 12:40,2018-06-08 15:40
TC1,2018-06-08 15:40,2018-06-08 18:20
WMSGNL,2018-07-14 08:45,2018-07-16 16:15
TC1,2018-07-17 02:40,2018-07-17 16:20
TC3,2018-07-17 16:20,2018-07-18 09:40
TC1,2018-07-23 15:40,2018-07-24 10:40
WMSGNL,2018-07-18 09:40,2018-07-18 21:00
TC1,2018-08-09 17:15,2018-08-14 05:20
TC3,2018-08-14 05:20,2018-08-15 02:20
TC1,2018-08-15 02:20,2018-08-15 05:20
TC1,2018-09-11 10:40,2018-09-12 12:20
TC3,2018-09-12 12:20,2018-09-13 04:10
TC1,2018-09-13 04:10,2018-09-13 07:40
TC1,2018-09-14 22:20,2018-09-15 16:20
TC3,2018-09-15 16:20,2018-09-16 01:10
TC8,2018-09-16 01:10,2018-09-16 07:40
TC9,2018-09-16 07:40,2018-09-16 09:40
TC10,2018-09-16 09:40,2018-09-16 19:40
TC8,2018-09-16 19:40,2018-09-17 05:20
TC3,2018-09-17 05:20,2018-09-17 14:40
TC1,2018-09-17 14:40,2018-09-17 19:10
WMSGNL,2018-10-18 22:20,2018-10-20 09:45
TC1,2018-10-31 08:40,2018-11-01 12:40
TC3,2018-11-01 12:40,2018-11-02 02:10
TC1,2018-11-02 02:10,2018-11-02 08:10
WMSGNL,2018-11-22 09:05,2018-11-22 12:30
WMSGNL,2018-12-27 23:20,2018-12-28 04:40
WMSGNL,2019-02-09 10:30,2019-02-10 16:10
WMSGNL,2019-02-17 11:45,2019-02-18 14:40
WMSGNL,2019-02-23 07:45,2019-02-23 20:40
WMSGNL,2019-03-04 23:30,2019-03-05 07:45
WMSGNL,2019-03-07 20:15,2019-03-09 02:30
WMSGNL,2019-03-31 07:15,2019-04-01 15:00
WMSGNL,2019-04-12 10:50,2019-04-13 11:40
WMSGNL,2019-04-27 19:45,2019-04-28 01:40
WMSGNL,2019-05-05 11:30,2019-05-06 07:30
WMSGNL,2019-05-06 20:35,2019-05-08 09:45
TC1,2019-07-02 16:15,2019-07-03 05:40
TC1,2019-07-30 15:40,2019-07-30 21:15
TC3,2019-07-30 21:15,2019-07-31 13:40
TC8,2019-07-31 13:40,2019-07-31 23:40
TC3,2019-07-31 23:40,2019-08-01 19:20
TC1,2019-08-01 19:20,2019-08-02 08:40
TC1,2019-08-24 14:40,2019-08-25 19:20
TC1,2019-08-28 14:40,2019-08-29 12:20
TC1,2019-09-01 08:40,2019-09-01 16:20
TC3,2019-09-01 16:20,2019-09-02 10:40
TC1,2019-09-02 10:40,2019-09-03 09:20
WMSGNL,2019-09-21 09:05,2019-09-21 12:00
WMSGNL,2019-09-22 05:30,2019-09-22 13:30
WMSGNL,2019-10-06 14:00,2019-10-07 14:15
WMSGNL,2019-10-15 04:10,2019-10-16 11:40
WMSGNL,2019-11-25 11:30,2019-11-27 07:45
WMSGNL,2019-12-02 02:20,2019-12-02 15:20
WMSGNL,2019-12-05 11:00,2019-12-06 12:20
WMSGNL,2019-12-07 05:45,2019-12-07 10:00
WMSGNL,2019-12-26 20:15,2019-12-27 06:40
WMSGNL,2019-12-31 11:45,2020-01-01 09:40
WMSGNL,2020-02-05 16:15,2020-02-06 14:40
WMSGNL,2020-02-16 03:40,2020-02-17 11:30
WMSGNL,2020-03-11 22:05,2020-03-12 08:45
WMSGNL,2020-03-28 23:25,2020-03-30 03:15
WMSGNL,2020-04-05 03:45,2020-04-06 09:45
WMSGNL,2020-04-12 06:15,2020-04-13 01:40
WMSGNL,2020-04-22 11:00,2020-04-23 07:45
WMSGNL,2020-05-20 20:45,2020-05-21 00:30
TC1,2020-06-12 20:20,2020-06-13 15:40
TC3,2020-06-13 15:40,2020-06-14 10:40
TC1,2020-06-14 10:40,2020-06-14 13:20
WMSGNL,2020-07-31 07:05,2020-07-31 20:40
TC3,2020-07-31 20:40,2020-08-01 21:10
TC1,2020-08-01 21:10,2020-08-01 23:15
TC1,2020-08-18 03:40,2020-08-18 14:20
TC3,2020-08-18 14:20,2020-08-18 22:40
TC8,2020-08-18 22:40,2020-08-19 01:30
TC9,2020-08-19 01:30,2020-08-19 07:40
TC8,2020-08-19 07:40,2020-08-19 11:10
TC3,2020-08-19 11:10,2020-08-19 13:20
WMSGNL,2020-09-18 14:40,2020-09-19 08:45
WMSGNL,2020-10-01 00:45,2020-10-02 13:40
WMSGNL,2020-10-05 21:35,2020-10-06 07:40
TC1,2020-10-11 20:40,2020-10-12 17:10
TC3,2020-10-12 17:10,2020-10-13 05:40
TC8,2020-10-13 05:40,2020-10-13 19:40
TC3,2020-10-13 19:40,2020-10-14 02:40
WMSGNL,2020-10-14 02:40,2020-10-15 10:15
WMSGNL,2020-10-15 22:05,2020-10-16 05:10
TC1,2020-10-22 17:40,2020-10-23 00:20
TC3,2020-10-23 00:20,2020-10-24 09:10
WMSGNL,2020-10-24 09:11,2020-10-25 13:00
WMSGNL,2020-10-27 23:55,2020-10-29 13:30
WMSGNL,2020-11-23 04:45,2020-11-24 05:15
WMSGNL,2020-12-29 23:00,2020-12-31 12:25
WMSGNL,2021-01-08 02:10,2021-01-08 12:00
WMSGNL,2021-01-11 08:45,2021-01-12 11:30
WMSGNL,2021-01-16 23:15,2021-01-17 07:45
WMSGNL,2021-02-02 23:15,2021-02-03 09:45
WMSGNL,2021-02-08 16:45,2021-02-10 11:45
WMSGNL,2021-03-03 05:45,2021-03-03 16:15
WMSGNL,2021-04-19 05:00,2021-04-20 05:40
TC1,2021-06-11 16:15,2021-06-12 14:10
TC1,2021-07-06 04:15,2021-07-07 14:10
TC1,2021-07-18 21:40,2021-07-19 16:10
TC3,2021-07-19 16:10,2021-07-20 13:20
TC1,2021-07-20 13:20,2021-07-20 19:40
TC1,2021-08-02 21:40,2021-08-03 16:25
TC3,2021-08-03 16:25,2021-08-04 04:20
TC1,2021-08-04 04:20,2021-08-04 18:20
WMSGNL,2021-10-06 03:35,2021-10-06 07:30
WMSGNL,2021-10-06 23:40,2021-10-08 04:39
TC3,2021-10-08 04:40,2021-10-09 06:40
TC8,2021-10-09 06:40,2021-10-10 04:40
TC3,2021-10-10 04:40,2021-10-10 12:40
TC1,2021-10-10 12:40,2021-10-10 14:20
WMSGNL,2021-10-11 16:00,2021-10-12 00:39
TC3,2021-10-12 00:40,2021-10-12 17:20
TC8,2021-10-12 17:20,2021-10-13 16:40
TC3,2021-10-13 16:40,2021-10-14 04:40
TC1,2021-10-14 04:40,2021-10-14 06:20
WMSGNL,2021-10-16 22:10,2021-10-18 03:45
WMSGNL,2021-11-08 03:20,2021-11-09 08:45
WMSGNL,2021-11-30 09:00,2021-12-02 01:45
WMSGNL,2021-12-08 00:45,2021-12-08 08:45
TC1,2021-12-20 11:20,2021-12-21 12:20
WMSGNL,2022-02-07 03:20,2022-02-07 11:45
WMSGNL,2022-02-17 04:35,2022-02-19 06:00
WMSGNL,2022-02-19 17:50,2022-02-21 04:40
WMSGNL,2022-03-06 08:45,2022-03-06 11:45
WMSGNL,2022-03-25 00:35,2022-03-25 11:45
WMSGNL,2022-04-01 04:45,2022-04-02 15:30
WMSGNL,2022-04-15 07:00,2022-04-17 09:20
WMSGNL,2022-05-01 17:45,2022-05-01 21:30
TC1,2022-06-29 21:10,2022-06-30 22:40
TC3,2022-06-30 22:40,2022-07-01 19:10
TC8,2022-07-01 19:10,2022-07-02 16:20
TC3,2022-07-02 16:20,2022-07-03 14:10
TC1,2022-07-03 14:10,2022-07-03 19:40
WMSGNL,2022-07-03 19:50,2022-07-05 07:45
TC1,2022-08-03 22:10,2022-08-04 14:40
TC1,2022-08-09 03:40,2022-08-09 11:25
TC3,2022-08-09 11:25,2022-08-10 18:20
WMSGNL,2022-08-11 02:10,2022-08-11 06:20
WMSGNL,2022-08-20 00:45,2022-08-20 09:45
TC1,2022-08-23 21:10,2022-08-24 12:40
TC3,2022-08-24 12:40,2022-08-24 19:25
TC8,2022-08-24 19:25,2022-08-25 01:40
TC8,2022-08-25 01:40,2022-08-25 09:20
TC3,2022-08-25 09:20,2022-08-25 14:10
TC1,2022-08-25 14:10,2022-08-25 16:10
WMSGNL,2022-09-27 01:45,2022-09-29 02:45
WMSGNL,2022-10-09 20:45,2022-10-10 11:45
WMSGNL,2022-10-16 08:20,2022-10-16 12:25
TC1,2022-10-16 21:20,2022-10-17 11:30
TC3,2022-10-17 11:30,2022-10-18 15:40
WMSGNL,2022-10-18 15:40,2022-10-19 08:40
WMSGNL,2022-10-19 21:39,2022-10-20 12:30
WMSGNL,2022-10-23 17:30,2022-10-24 07:45
WMSGNL,2022-10-25 02:45,2022-10-26 07:45
TC1,2022-10-30 22:10,2022-10-31 16:20
TC3,2022-10-31 16:20,2022-11-02 13:40
TC8,2022-11-02 13:40,2022-11-02 20:40
TC8,2022-11-02 20:40,2022-11-03 02:40
TC8,2022-11-03 02:40,2022-11-03 05:20
TC3,2022-11-03 05:20,2022-11-03 06:20
WMSGNL,2022-11-04 16:15,2022-11-05 09:45
WMSGNL,2022-11-21 20:00,2022-11-22 16:00
WMSGNL,2022-12-16 16:20,2022-12-18 14:40
WMSGNL,2023-01-15 18:30,2023-01-16 09:45
WMSGNL,2023-01-24 03:00,2023-01-25 09:45
WMSGNL,2023-01-27 07:45,2023-01-28 11:45
WMSGNL,2023-02-02 12:45,2023-02-03 09:45
WMSGNL,2023-02-14 05:20,2023-02-14 11:20
WMSGNL,2023-02-21 14:00,2023-02-22 11:40
WMSGNL,2023-02-27 02:30,2023-02-27 11:45
WMSGNL,2023-03-27 05:20,2023-03-28 07:45
WMSGNL,2023-04-03 19:45,2023-04-04 09:45
WMSGNL,2023-04-21 22:30,2023-04-23 09:45
TC1,2023-07-15 04:40,2023-07-16 05:40
TC3,2023-07-16 05:40,2023-07-17 00:40
TC8,2023-07-17 00:40,2023-07-17 06:40
TC8,2023-07-17 06:40,2023-07-17 16:20
TC3,2023-07-17 16:20,2023-07-18 02:40
TC1,2023-07-18 02:40,2023-07-18 08:40
WMSGNL,2023-07-18 08:41,2023-07-18 14:40
TC1,2023-07-26 20:40,2023-07-28 12:40
TC1,2023-08-30 17:40,2023-08-31 15:40
TC3,2023-08-31 15:40,2023-09-01 02:40
TC8,2023-09-01 02:40,2023-09-01 18:20
TC9,2023-09-01 18:20,2023-09-01 20:15
TC10,2023-09-01 20:15,2023-09-02 03:40
TC8,2023-09-02 03:40,2023-09-02 16:20
TC3,2023-09-02 16:20,2023-09-02 20:20
TC1,2023-09-02 20:20,2023-09-02 23:40
TC1,2023-09-04 04:40,2023-09-05 21:40
TC1,2023-10-04 21:40,2023-10-06 17:40
TC3,2023-10-06 17:40,2023-10-08 12:40
TC8,2023-10-08 12:40,2023-10-08 19:00
TC9,2023-10-08 19:00,2023-10-08 23:50
TC8,2023-10-08 23:50,2023-10-09 11:40
TC3,2023-10-09 11:40,2023-10-09 14:40
TC1,2023-10-09 14:40,2023-10-09 16:20
WMSGNL,2023-10-16 22:45,2023-10-19 04:30
WMSGNL,2023-11-16 11:45,2023-11-17 13:45
WMSGNL,2023-11-24 09:15,2023-11-25 07:45
WMSGNL,2023-12-16 06:00,2023-12-17 07:45
WMSGNL,2023-12-20 06:25,2023-12-20 14:45
WMSGNL,2023-12-21 05:50,2023-12-22 10:10
WMSGNL,2024-01-08 02:15,2024-01-08 07:45
WMSGNL,2024-01-16 02:30,2024-01-16 11:30
WMSGNL,2024-01-22 06:00,2024-01-24 04:45
WMSGNL,2024-03-09 05:45,2024-03-11 06:00
WMSGNL,2024-03-13 12:20,2024-03-14 04:45
WMSGNL,2024-04-06 07:25,2024-04-06 13:45
WMSGNL,2024-04-28 06:55,2024-04-28 13:45
WMSGNL,2024-05-28 22:20,2024-05-30 09:00
TC1,2024-05-30 17:40,2024-05-31 16:40
TC3,2024-05-31 16:40,2024-06-01 16:40
TC1,2024-06-01 16:40,2024-06-01 17:40
WMSGNL,2024-06-01 17:42,2024-06-02 06:00
TC1,2024-07-20 22:40,2024-07-22 12:20
WMSGNL,2024-07-25 16:45,2024-07-26 14:45
TC1,2024-09-03 17:40,2024-09-04 18:40
TC3,2024-09-04 18:40,2024-09-05 18:20
TC8,2024-09-05 18:20,2024-09-06 12:40
TC3,2024-09-06 12:40,2024-09-07 04:20
WMSGNL,2024-09-07 04:21,2024-09-07 12:45
WMSGNL,2024-10-01 17:10,2024-10-03 11:40
WMSGNL,2024-10-20 07:45,2024-10-20 15:00
WMSGNL,2024-10-24 04:15,2024-10-24 11:45
TC1,2024-10-25 01:40,2024-10-26 10:40
TC3,2024-10-26 10:40,2024-10-26 22:20
TC1,2024-10-26 22:20,2024-10-27 00:20
TC1,2024-11-08 12:40,2024-11-09 15:40
TC3,2024-11-09 15:40,2024-11-10 10:20
TC1,2024-11-10 10:20,2024-11-10 15:20
TC1,2024-11-11 22:20,2024-11-13 14:40
TC3,2024-11-13 14:40,2024-11-13 23:10
TC8,2024-11-13 23:10,2024-11-14 10:20
TC3,2024-11-14 10:20,2024-11-14 22:20
TC1,2024-11-14 22:20,2024-11-15 01:20
TC1,2024-11-18 06:40,2024-11-19 22:10
WMSGNL,2024-12-14 01:30,2024-12-15 07:45
WMSGNL,2024-12-28 06:15,2024-12-28 09:15
WMSGNL,2025-01-26 15:30,2025-01-27 11:45
WMSGNL,2025-03-16 08:50,2025-03-16 13:45
WMSGNL,2025-04-12 17:15,2025-04-13 09:45
WMSGNL,2025-05-07 23:40,2025-05-08 09:45
WMSGNL,2025-05-30 19:00,2025-05-31 16:15
TC1,2025-06-11 00:40,2025-06-14 12:20
TC3,2025-06-14 12:20,2025-06-15 15:40
WMSGNL,2025-06-15 15:41,2025-06-15 21:00
TC1,2025-06-25 14:20,2025-06-26 14:20
TC1,2025-07-04 12:20,2025-07-06 14:20
TC1,2025-07-19 02:20,2025-07-19 14:20
TC3,2025-07-19 14:20,2025-07-20 00:20
TC8,2025-07-20 00:20,2025-07-20 07:20
TC9,2025-07-20 07:20,2025-07-20 09:20
TC10,2025-07-20 09:20,2025-07-20 16:10
TC8,2025-07-20 16:10,2025-07-20 19:40
TC3,2025-07-20 19:40,2025-07-21 03:20
TC1,2025-07-21 03:20,2025-07-21 05:10
TC1,2025-08-13 08:40,2025-08-14 12:20
TC1,2025-08-16 22:20,2025-08-17 20:20
WMSGNL,2025-08-17 20:21,2025-08-18 12:30
TC1,2025-08-22 21:40,2025-08-24 12:10
WMSGNL,2025-08-24 12:11,2025-08-24 19:45
TC1,2025-08-28 19:10,2025-08-29 18:10
WMSGNL,2025-08-29 18:11,2025-08-30 09:45
TC1,2025-09-05 22:20,2025-09-07 02:40
TC3,2025-09-07 02:40,2025-09-07 21:20
TC8,2025-09-07 21:20,2025-09-08 13:10
TC3,2025-09-08 13:10,2025-09-08 19:40
TC1,2025-09-08 19:40,2025-09-09 04:20
TC1,2025-09-17 21:20,2025-09-19 09:20
TC3,2025-09-19 09:20,2025-09-20 09:20
TC1,2025-09-20 09:20,2025-09-20 10:40
TC1,2025-09-22 12:20,2025-09-22 21:40
TC3,2025-09-22 21:40,2025-09-23 14:20
TC8,2025-09-23 14:20,2025-09-24 01:40
TC9,2025-09-24 01:40,2025-09-24 02:40
TC10,2025-09-24 02:40,2025-09-24 13:20
TC8,2025-09-24 13:20,2025-09-24 20:20
TC3,2025-09-24 20:20,2025-09-25 08:20
TC1,2025-09-25 08:20,2025-09-25 11:20
WMSGNL,2025-09-25 11:21,2025-09-26 07:45
WMSGNL,2025-09-26 11:45,2025-09-26 14:50
TC1,2025-10-03 19:40,2025-10-04 12:20
TC3,2025-10-04 12:20,2025-10-05 15:40
TC1,2025-10-05 15:40,2025-10-05 22:20
WMSGNL,2025-10-19 22:50,2025-10-20 17:19
TC3,2025-10-20 17:20,2025-10-21 18:20
WMSGNL,2025-10-21 18:21,2025-10-24 07:45
WMSGNL,2025-11-04 01:15,2025-11-04 06:15
WMSGNL,2025-11-07 04:45,2025-11-08 08:45
TC1,2025-11-10 12:20,2025-11-11 21:40
WMSGNL,2025-11-11 21:41,2025-11-12 11:40
WMSGNL,2025-11-18 14:15,2025-11-19 14:00
WMSGNL,2025-11-25 04:45,2025-11-25 11:45
WMSGNL,2025-11-27 18:30,2025-11-28 08:45
WMSGNL,2025-12-12 07:45,2025-12-12 20:30
WMSGNL,2025-12-13 16:15,2025-12-14 11:30
WMSGNL,2025-12-22 01:45,2025-12-22 07:45
WMSGNL,2025-12-25 11:45,2025-12-26 04:45
WMSGNL,2026-01-05 20:10,2026-01-06 12:15
WMSGNL,2026-01-06 21:45,2026-01-07 11:15
WMSGNL,2026-01-20 02:00,2026-01-20 11:45
WMSGNL,2026-02-28 11:10,2026-03-01 11:45
WMSGNL,2026-03-13 00:20,2026-03-14 06:00
WMSGNL,2026-04-08 04:45,2026-04-08 18:30
WMSGNL,2026-05-16 07:15,2026-05-18 11:45
WMSGNL,2026-06-14 12:45,2026-06-14 16:15
TC1,2026-07-02 07:40,2026-07-04 03:20
WMSGNL,2026-07-04 03:21,2026-07-04 16:45
WMSGNL,2026-07-14 18:20,2026-07-14 21:20
TC1,2026-07-24 20:40,2026-07-25 13:20
TC3,2026-07-25 13:20,2026-07-25 22:10
TC8,2026-07-25 22:10,2026-07-26 01:10
TC9,2026-07-26 01:10,2026-07-26 07:10
TC8,2026-07-26 07:10,2026-07-26 12:40
TC3,2026-07-26 12:40,2026-07-26 15:20
TC1,2026-07-26 15:20,2026-07-26 19:10
AMBER,1998-04-12 05:15,1998-04-12 08:00
AMBER,1998-04-26 21:15,1998-04-26 21:50
RED,1998-04-26 21:50,1998-04-27 04:00
AMBER,1998-04-27 04:00,1998-04-27 05:45
AMBER,1998-05-02 16:20,1998-05-02 17:50
RED,1998-05-02 17:50,1998-05-02 20:00
AMBER,1998-05-15 08:40,1998-05-15 13:10
AMBER,1998-05-24 08:15,1998-05-24 12:45
RED,1998-05-24 12:45,1998-05-24 15:45
AMBER,1998-06-04 05:00,1998-06-04 08:15
AMBER,1998-06-04 19:00,1998-06-04 22:15
AMBER,1998-06-09 02:45,1998-06-09 04:40
RED,1998-06-09 04:40,1998-06-09 06:35
BLACK,1998-06-09 06:35,1998-06-09 09:50
RED,1998-06-09 09:50,1998-06-09 21:00
AMBER,1998-06-10 04:00,1998-06-10 11:30
AMBER,1998-06-11 05:25,1998-06-11 08:20
AMBER,1998-06-23 14:50,1998-06-23 19:50
AMBER,1998-07-02 16:00,1998-07-02 18:20
AMBER,1998-07-03 10:00,1998-07-03 15:00
AMBER,1998-07-04 08:00,1998-07-04 11:15
AMBER,1998-07-04 17:40,1998-07-04 20:45
AMBER,1998-07-13 04:25,1998-07-13 06:45
AMBER,1998-08-07 05:40,1998-08-07 08:30
AMBER,1998-08-28 15:10,1998-08-28 17:20
AMBER,1998-08-30 22:20,1998-08-31 06:45
AMBER,1998-09-01 11:45,1998-09-01 13:30
AMBER,1998-09-06 15:45,1998-09-06 17:45
AMBER,1999-04-12 01:15,1999-04-12 08:00
AMBER,1999-05-19 04:40,1999-05-19 13:45
AMBER,1999-06-07 03:20,1999-06-07 10:35
AMBER,1999-06-17 08:40,1999-06-17 10:30
AMBER,1999-06-20 11:20,1999-06-20 13:50
AMBER,1999-06-21 09:00,1999-06-21 10:40
AMBER,1999-07-08 10:30,1999-07-08 11:45
AMBER,1999-07-09 11:20,1999-07-09 13:45
AMBER,1999-08-04 07:35,1999-08-04 09:40
AMBER,1999-08-05 18:25,1999-08-05 21:30
AMBER,1999-08-10 05:00,1999-08-10 07:00
AMBER,1999-08-11 17:35,1999-08-11 19:25
AMBER,1999-08-22 13:55,1999-08-23 05:25
RED,1999-08-23 05:25,1999-08-23 06:13
BLACK,1999-08-23 06:13,1999-08-23 12:00
AMBER,1999-08-23 12:00,1999-08-23 19:00
AMBER,1999-08-24 02:05,1999-08-24 03:00
RED,1999-08-24 03:00,1999-08-24 04:35
BLACK,1999-08-24 04:35,1999-08-24 10:00
RED,1999-08-24 10:00,1999-08-24 12:00
AMBER,1999-08-25 03:30,1999-08-25 04:05
RED,1999-08-25 04:05,1999-08-25 05:45
AMBER,1999-08-25 05:45,1999-08-25 16:00
AMBER,1999-09-16 04:50,1999-09-16 05:27
RED,1999-09-16 05:27,1999-09-16 18:40
AMBER,1999-09-26 09:55,1999-09-26 13:20
AMBER,1999-10-16 06:30,1999-10-16 08:35
AMBER,2000-04-02 22:15,2000-04-03 00:00
RED,2000-04-03 00:00,2000-04-03 05:50
AMBER,2000-04-03 05:50,2000-04-03 07:30
AMBER,2000-04-03 20:05,2000-04-03 22:30
AMBER,2000-04-14 03:00,2000-04-14 05:35
RED,2000-04-14 05:35,2000-04-14 10:55
AMBER,2000-04-14 10:55,2000-04-14 14:05
RED,2000-04-14 14:05,2000-04-14 16:20
AMBER,2000-04-22 23:40,2000-04-23 01:10
RED,2000-04-23 01:10,2000-04-23 01:50
BLACK,2000-04-23 01:50,2000-04-23 05:55
AMBER,2000-04-23 05:55,2000-04-23 10:15
AMBER,2000-04-26 16:55,2000-04-26 20:30
AMBER,2000-04-28 15:25,2000-04-28 21:00
AMBER,2000-05-02 05:40,2000-05-02 11:30
AMBER,2000-05-02 20:15,2000-05-02 22:00
AMBER,2000-05-10 12:38,2000-05-10 15:30
AMBER,2000-05-25 01:10,2000-05-25 03:50
AMBER,2000-06-12 03:00,2000-06-12 05:30
RED,2000-06-12 05:30,2000-06-12 06:20
BLACK,2000-06-12 06:20,2000-06-12 08:50
AMBER,2000-06-12 08:50,2000-06-12 09:35
AMBER,2000-06-18 06:20,2000-06-18 11:10
AMBER,2000-06-20 06:40,2000-06-20 09:15
AMBER,2000-07-18 05:05,2000-07-18 13:50
AMBER,2000-07-19 12:55,2000-07-19 14:00
AMBER,2000-08-01 10:40,2000-08-01 12:00
AMBER,2000-08-02 05:45,2000-08-02 10:05
AMBER,2000-08-03 05:40,2000-08-03 08:30
AMBER,2000-08-03 11:15,2000-08-03 13:30
AMBER,2000-08-04 07:35,2000-08-04 11:15
AMBER,2000-08-04 14:40,2000-08-04 16:00
AMBER,2000-08-06 08:35,2000-08-06 10:50
AMBER,2000-08-24 00:25,2000-08-24 01:36
RED,2000-08-24 01:36,2000-08-24 03:05
BLACK,2000-08-24 03:05,2000-08-24 05:55
AMBER,2000-08-24 13:50,2000-08-24 18:30
AMBER,2000-08-26 11:20,2000-08-26 14:00
AMBER,2000-08-27 14:00,2000-08-27 17:45
AMBER,2000-09-02 08:25,2000-09-02 13:45
AMBER,2001-03-25 13:25,2001-03-25 15:15
AMBER,2001-04-09 17:35,2001-04-09 19:05
AMBER,2001-05-09 15:35,2001-05-09 17:30
AMBER,2001-05-18 09:20,2001-05-18 14:45
AMBER,2001-05-21 17:35,2001-05-21 21:00
AMBER,2001-05-30 16:05,2001-05-30 19:30
AMBER,2001-06-05 18:05,2001-06-06 11:30
AMBER,2001-06-07 05:00,2001-06-07 22:05
AMBER,2001-06-08 04:25,2001-06-08 08:20
RED,2001-06-08 08:20,2001-06-08 14:15
AMBER,2001-06-08 14:15,2001-06-08 16:30
AMBER,2001-06-09 04:15,2001-06-09 09:30
RED,2001-06-09 09:30,2001-06-09 13:30
AMBER,2001-06-09 13:30,2001-06-09 15:30
AMBER,2001-06-10 08:20,2001-06-10 13:30
AMBER,2001-06-11 07:20,2001-06-11 10:35
RED,2001-06-11 10:35,2001-06-11 13:30
AMBER,2001-06-11 13:30,2001-06-11 15:15
AMBER,2001-06-12 02:35,2001-06-12 04:35
RED,2001-06-12 04:35,2001-06-12 06:15
AMBER,2001-06-12 06:15,2001-06-12 15:00
AMBER,2001-06-13 05:35,2001-06-13 10:30
AMBER,2001-06-23 20:35,2001-06-24 06:30
AMBER,2001-06-25 18:05,2001-06-25 23:00
AMBER,2001-06-26 15:00,2001-06-26 18:15
AMBER,2001-06-27 08:45,2001-06-27 14:35
RED,2001-06-27 14:35,2001-06-27 19:55
AMBER,2001-06-27 19:55,2001-06-27 22:05
AMBER,2001-07-06 12:30,2001-07-07 00:30
AMBER,2001-07-13 01:30,2001-07-13 04:15
AMBER,2001-07-15 14:45,2001-07-15 20:00
AMBER,2001-07-17 13:40,2001-07-17 18:00
AMBER,2001-07-18 06:10,2001-07-18 08:45
AMBER,2001-07-21 03:15,2001-07-21 06:25
AMBER,2001-08-01 15:30,2001-08-01 17:00
AMBER,2001-08-02 18:45,2001-08-02 19:45
RED,2001-08-02 19:45,2001-08-02 21:45
AMBER,2001-08-12 22:10,2001-08-12 23:45
AMBER,2001-08-27 22:15,2001-08-28 00:05
AMBER,2001-08-30 12:55,2001-08-30 17:20
AMBER,2001-09-01 05:20,2001-09-01 10:00
AMBER,2001-09-01 17:30,2001-09-01 22:05
RED,2001-09-01 22:05,2001-09-01 22:45
BLACK,2001-09-01 22:45,2001-09-02 03:15
AMBER,2001-09-03 02:40,2001-09-03 10:15
RED,2001-09-03 10:15,2001-09-03 12:15
AMBER,2001-09-03 12:15,2001-09-03 14:40
AMBER,2001-09-05 06:00,2001-09-05 12:00
AMBER,2001-09-07 15:10,2001-09-07 15:45
RED,2001-09-07 15:45,2001-09-07 20:30
AMBER,2002-03-23 06:00,2002-03-23 11:30
AMBER,2002-05-10 06:45,2002-05-10 07:45
AMBER,2002-05-11 04:20,2002-05-11 06:00
AMBER,2002-05-20 20:40,2002-05-21 00:10
AMBER,2002-05-22 21:50,2002-05-23 01:20
AMBER,2002-06-11 06:25,2002-06-11 12:15
AMBER,2002-07-17 02:20,2002-07-17 04:30
AMBER,2002-07-17 06:55,2002-07-17 08:40
AMBER,2002-07-29 12:55,2002-07-29 13:55
AMBER,2002-08-06 06:10,2002-08-06 11:35
AMBER,2002-08-09 07:20,2002-08-09 11:15
AMBER,2002-08-09 14:35,2002-08-09 17:55
AMBER,2002-08-10 04:35,2002-08-10 06:50
AMBER,2002-08-10 11:30,2002-08-10 13:30
AMBER,2002-09-14 21:10,2002-09-15 03:30
RED,2002-09-15 03:30,2002-09-15 06:15
AMBER,2002-09-15 06:15,2002-09-15 09:55
AMBER,2002-09-16 23:30,2002-09-17 04:30
AMBER,2002-09-17 18:05,2002-09-17 21:00
AMBER,2002-10-18 09:57,2002-10-18 10:35
RED,2002-10-18 10:35,2002-10-18 13:20
AMBER,2002-10-21 04:20,2002-10-21 07:10
AMBER,2003-04-08 20:40,2003-04-09 00:30
AMBER,2003-05-04 18:55,2003-05-04 20:20
AMBER,2003-05-05 01:45,2003-05-05 04:45
RED,2003-05-05 04:45,2003-05-05 14:10
AMBER,2003-05-05 14:10,2003-05-05 15:20
AMBER,2003-05-05 22:20,2003-05-05 23:30
AMBER,2003-05-18 05:05,2003-05-18 06:20
AMBER,2003-06-09 09:05,2003-06-09 16:30
AMBER,2003-06-10 08:45,2003-06-10 10:40
AMBER,2003-06-10 20:20,2003-06-10 22:05
AMBER,2003-06-10 23:30,2003-06-11 14:20
AMBER,2003-06-13 16:10,2003-06-13 18:10
AMBER,2003-06-14 09:00,2003-06-14 10:45
AMBER,2003-08-04 19:15,2003-08-04 23:00
AMBER,2003-08-17 01:25,2003-08-17 05:00
AMBER,2003-08-22 03:00,2003-08-22 05:00
AMBER,2003-08-24 04:20,2003-08-24 05:30
AMBER,2003-09-02 21:05,2003-09-03 05:00
AMBER,2004-03-30 23:05,2004-03-31 00:45
AMBER,2004-04-14 03:35,2004-04-14 07:25
AMBER,2004-04-17 17:55,2004-04-17 19:35
AMBER,2004-04-27 06:40,2004-04-27 07:55
AMBER,2004-05-08 04:10,2004-05-08 06:40
RED,2004-05-08 06:40,2004-05-08 07:20
BLACK,2004-05-08 07:20,2004-05-08 08:00
RED,2004-05-08 08:00,2004-05-08 10:15
AMBER,2004-05-08 10:15,2004-05-08 11:00
AMBER,2004-05-14 09:55,2004-05-14 11:30
AMBER,2004-07-16 17:00,2004-07-16 18:50
AMBER,2004-07-17 02:20,2004-07-17 03:30
AMBER,2004-07-21 09:55,2004-07-21 10:35
AMBER,2004-07-29 02:40,2004-07-29 10:45
AMBER,2004-08-06 04:50,2004-08-06 08:45
AMBER,2004-08-14 06:36,2004-08-14 07:20
AMBER,2004-08-29 06:14,2004-08-29 11:55
AMBER,2004-08-29 14:40,2004-08-29 16:15
AMBER,2004-09-21 20:25,2004-09-21 21:30
AMBER,2005-05-08 10:35,2005-05-08 14:00
AMBER,2005-05-09 12:10,2005-05-09 14:20
AMBER,2005-05-10 02:35,2005-05-10 05:00
AMBER,2005-05-10 11:15,2005-05-10 12:30
AMBER,2005-05-18 22:50,2005-05-19 00:30
AMBER,2005-05-20 19:30,2005-05-20 22:00
AMBER,2005-05-27 18:35,2005-05-27 20:35
AMBER,2005-06-15 16:00,2005-06-15 23:15
AMBER,2005-06-21 09:10,2005-06-21 14:40
AMBER,2005-06-24 01:30,2005-06-24 10:00
RED,2005-06-24 10:00,2005-06-24 13:30
AMBER,2005-07-19 02:05,2005-07-19 03:15
AMBER,2005-07-20 23:00,2005-07-21 01:35
AMBER,2005-08-13 11:40,2005-08-13 13:15
AMBER,2005-08-13 20:45,2005-08-14 00:20
AMBER,2005-08-19 19:25,2005-08-20 00:55
AMBER,2005-08-20 08:35,2005-08-20 21:10
AMBER,2006-04-24 01:15,2006-04-24 01:40
RED,2006-04-24 01:40,2006-04-24 02:30
BLACK,2006-04-24 02:30,2006-04-24 04:30
RED,2006-04-24 04:30,2006-04-24 05:30
AMBER,2006-04-24 05:30,2006-04-24 07:45
AMBER,2006-04-28 04:40,2006-04-28 10:15
AMBER,2006-05-02 21:10,2006-05-02 21:55
RED,2006-05-02 21:55,2006-05-03 03:45
AMBER,2006-05-03 03:45,2006-05-03 07:10
AMBER,2006-06-02 10:35,2006-06-02 10:55
RED,2006-06-02 10:55,2006-06-02 14:45
AMBER,2006-06-02 14:45,2006-06-02 15:30
AMBER,2006-06-09 02:00,2006-06-09 03:00
AMBER,2006-06-09 10:25,2006-06-09 10:55
RED,2006-06-09 10:55,2006-06-09 11:15
BLACK,2006-06-09 11:15,2006-06-09 13:30
RED,2006-06-09 13:30,2006-06-09 14:20
AMBER,2006-06-09 14:20,2006-06-09 15:20
AMBER,2006-06-09 20:40,2006-06-09 22:30
AMBER,2006-06-13 03:35,2006-06-13 04:15
RED,2006-06-13 04:15,2006-06-13 05:35
AMBER,2006-07-08 09:00,2006-07-08 11:10
AMBER,2006-07-16 02:10,2006-07-16 02:35
RED,2006-07-16 02:35,2006-07-16 02:50
BLACK,2006-07-16 02:50,2006-07-16 05:00
RED,2006-07-16 05:00,2006-07-16 05:45
AMBER,2006-07-16 05:45,2006-07-16 07:45
AMBER,2006-07-27 05:25,2006-07-27 09:20
AMBER,2006-07-28 03:25,2006-07-28 10:00
AMBER,2006-08-10 00:10,2006-08-10 01:40
AMBER,2006-08-19 00:20,2006-08-19 01:40
AMBER,2006-09-09 13:05,2006-09-09 13:45
RED,2006-09-09 13:45,2006-09-09 15:30
AMBER,2006-09-09 15:30,2006-09-09 16:15
AMBER,2006-09-13 07:50,2006-09-13 09:30
RED,2006-09-13 09:30,2006-09-13 12:15
AMBER,2006-09-13 12:15,2006-09-13 13:45
AMBER,2006-09-13 17:40,2006-09-13 23:15
AMBER,2006-11-21 15:30,2006-11-21 20:25
AMBER,2007-04-24 10:15,2007-04-24 10:40
RED,2007-04-24 10:40,2007-04-24 12:30
AMBER,2007-04-24 12:30,2007-04-24 13:20
AMBER,2007-05-19 16:30,2007-05-19 18:30
AMBER,2007-05-20 07:10,2007-05-20 11:55
AMBER,2007-05-27 04:35,2007-05-27 05:35
AMBER,2007-05-27 14:45,2007-05-27 16:00
AMBER,2007-06-10 02:45,2007-06-10 03:25
RED,2007-06-10 03:25,2007-06-10 04:55
AMBER,2007-06-10 04:55,2007-06-10 08:30
AMBER,2007-06-28 09:00,2007-06-28 10:30
AMBER,2007-06-29 05:40,2007-06-29 06:25
AMBER,2007-08-06 03:55,2007-08-06 05:30
AMBER,2007-08-22 10:00,2007-08-22 11:00
AMBER,2008-04-19 16:40,2008-04-19 17:10
RED,2008-04-19 17:10,2008-04-19 19:15
BLACK,2008-04-19 19:15,2008-04-19 21:30
AMBER,2008-05-29 09:05,2008-05-29 11:40
AMBER,2008-06-03 18:35,2008-06-03 20:10
AMBER,2008-06-06 13:20,2008-06-06 16:10
AMBER,2008-06-07 05:15,2008-06-07 05:55
RED,2008-06-07 05:55,2008-06-07 06:40
BLACK,2008-06-07 06:40,2008-06-07 11:00
RED,2008-06-07 11:00,2008-06-07 11:30
AMBER,2008-06-07 11:30,2008-06-07 13:30
AMBER,2008-06-13 21:40,2008-06-13 22:15
RED,2008-06-13 22:15,2008-06-14 02:50
AMBER,2008-06-14 02:50,2008-06-14 04:10
AMBER,2008-06-25 05:15,2008-06-25 06:00
RED,2008-06-25 06:00,2008-06-25 10:10
AMBER,2008-06-25 10:10,2008-06-25 12:20
AMBER,2008-06-26 08:30,2008-06-26 08:50
RED,2008-06-26 08:50,2008-06-26 10:00
AMBER,2008-07-06 17:35,2008-07-06 19:20
AMBER,2008-07-08 09:15,2008-07-08 10:45
AMBER,2008-07-10 06:35,2008-07-10 11:15
AMBER,2008-07-12 02:15,2008-07-12 03:00
RED,2008-07-12 03:00,2008-07-12 07:10
AMBER,2008-07-12 07:10,2008-07-12 07:45
AMBER,2008-07-14 23:25,2008-07-15 01:30
AMBER,2008-08-08 07:15,2008-08-08 09:05
AMBER,2008-09-24 11:05,2008-09-24 16:20
AMBER,2008-10-05 08:50,2008-10-05 11:30
AMBER,2008-10-05 18:15,2008-10-05 20:40
AMBER,2009-03-05 14:00,2009-03-05 15:00
AMBER,2009-03-05 16:10,2009-03-05 17:10
AMBER,2009-03-24 08:20,2009-03-24 09:30
AMBER,2009-04-16 02:05,2009-04-16 03:25
AMBER,2009-04-25 10:20,2009-04-25 12:40
AMBER,2009-05-21 05:50,2009-05-21 08:30
AMBER,2009-05-23 16:45,2009-05-23 19:00
AMBER,2009-05-24 13:05,2009-05-24 15:00
AMBER,2009-06-04 00:20,2009-06-04 01:10
RED,2009-06-04 01:10,2009-06-04 02:10
AMBER,2009-06-04 02:10,2009-06-04 03:35
AMBER,2009-06-11 06:15,2009-06-11 08:40
AMBER,2009-06-12 10:25,2009-06-12 11:45
AMBER,2009-07-06 01:05,2009-07-06 04:20
AMBER,2009-07-19 01:45,2009-07-19 02:25
RED,2009-07-19 02:25,2009-07-19 05:30
AMBER,2009-08-05 20:40,2009-08-05 23:00
AMBER,2009-08-11 07:10,2009-08-11 08:15
AMBER,2009-09-13 19:15,2009-09-13 20:30
AMBER,2009-09-15 03:55,2009-09-15 10:20
AMBER,2009-09-15 17:55,2009-09-15 19:45
AMBER,2009-09-30 17:20,2009-09-30 20:00
AMBER,2010-05-07 06:35,2010-05-07 08:25
AMBER,2010-05-19 15:35,2010-05-19 18:10
AMBER,2010-06-10 05:10,2010-06-10 06:25
AMBER,2010-06-26 03:58,2010-06-26 05:30
AMBER,2010-06-27 12:50,2010-06-27 13:55
AMBER,2010-06-28 12:45,2010-06-28 14:50
AMBER,2010-07-22 16:35,2010-07-22 17:20
RED,2010-07-22 17:20,2010-07-22 17:30
BLACK,2010-07-22 17:30,2010-07-22 19:50
AMBER,2010-07-22 19:50,2010-07-22 21:00
AMBER,2010-07-28 14:30,2010-07-28 15:15
RED,2010-07-28 15:15,2010-07-28 15:35
BLACK,2010-07-28 15:35,2010-07-28 17:00
RED,2010-07-28 17:00,2010-07-28 18:10
AMBER,2010-08-05 18:45,2010-08-05 19:05
RED,2010-08-05 19:05,2010-08-05 20:05
AMBER,2010-08-28 14:15,2010-08-28 15:50
AMBER,2010-09-05 07:25,2010-09-05 08:25
AMBER,2010-09-09 00:10,2010-09-09 00:40
RED,2010-09-09 00:40,2010-09-09 01:45
AMBER,2010-09-10 22:10,2010-09-10 23:25
RED,2010-09-10 23:25,2010-09-11 00:40
AMBER,2010-09-20 20:05,2010-09-20 21:50
AMBER,2010-09-21 01:55,2010-09-21 02:40
RED,2010-09-21 02:40,2010-09-21 04:55
AMBER,2010-09-21 04:55,2010-09-21 05:25
AMBER,2011-04-17 15:55,2011-04-17 17:00
AMBER,2011-05-13 05:30,2011-05-13 08:00
AMBER,2011-05-22 10:45,2011-05-22 11:10
RED,2011-05-22 11:10,2011-05-22 14:45
AMBER,2011-05-22 20:45,2011-05-22 21:55
RED,2011-05-22 21:55,2011-05-22 23:25
AMBER,2011-05-22 23:25,2011-05-23 00:25
AMBER,2011-06-11 17:50,2011-06-11 20:05
AMBER,2011-06-12 06:15,2011-06-12 09:20
AMBER,2011-06-16 08:45,2011-06-16 11:45
AMBER,2011-06-17 02:50,2011-06-17 04:00
AMBER,2011-06-28 14:25,2011-06-28 16:05
AMBER,2011-06-29 13:35,2011-06-29 15:20
AMBER,2011-07-16 00:30,2011-07-16 02:50
AMBER,2011-08-10 13:40,2011-08-10 15:30
AMBER,2011-09-19 18:15,2011-09-19 19:30
AMBER,2012-04-16 16:40,2012-04-16 19:10
AMBER,2012-04-20 10:55,2012-04-20 12:20
AMBER,2012-04-27 15:20,2012-04-27 17:30
AMBER,2012-04-29 06:10,2012-04-29 08:30
RED,2012-04-29 08:30,2012-04-29 10:10
AMBER,2012-05-04 21:20,2012-05-04 23:55
AMBER,2012-05-18 08:55,2012-05-18 10:45
AMBER,2012-05-26 11:05,2012-05-26 12:50
AMBER,2012-05-28 02:40,2012-05-28 04:35
AMBER,2012-06-13 15:15,2012-06-13 16:40
AMBER,2012-07-05 09:20,2012-07-05 10:20
AMBER,2012-07-18 06:10,2012-07-18 08:20
AMBER,2012-07-21 17:35,2012-07-21 18:40
AMBER,2012-07-24 01:55,2012-07-24 10:40
AMBER,2012-07-25 11:30,2012-07-25 14:20
AMBER,2012-07-27 11:00,2012-07-27 12:30
AMBER,2012-07-31 17:10,2012-07-31 18:35
AMBER,2012-08-11 06:40,2012-08-11 08:25
AMBER,2012-09-24 13:20,2012-09-24 14:20
AMBER,2012-09-24 20:40,2012-09-24 21:50
RED,2012-09-24 21:50,2012-09-25 00:50
AMBER,2013-03-19 15:50,2013-03-19 19:15
AMBER,2013-03-26 16:50,2013-03-26 19:35
AMBER,2013-04-05 08:40,2013-04-05 10:30
AMBER,2013-04-06 00:00,2013-04-06 02:30
AMBER,2013-04-25 19:30,2013-04-25 21:00
AMBER,2013-04-30 14:20,2013-04-30 16:15
AMBER,2013-05-08 21:45,2013-05-09 01:30
AMBER,2013-05-16 13:35,2013-05-16 15:20
AMBER,2013-05-20 20:10,2013-05-20 21:20
AMBER,2013-05-21 11:10,2013-05-21 12:30
AMBER,2013-05-22 01:30,2013-05-22 03:20
RED,2013-05-22 03:20,2013-05-22 04:10
BLACK,2013-05-22 04:10,2013-05-22 09:45
AMBER,2013-05-22 09:45,2013-05-22 10:30
AMBER,2013-05-25 10:05,2013-05-25 12:25
AMBER,2013-06-11 02:10,2013-06-11 05:15
AMBER,2013-06-11 10:50,2013-06-11 12:00
AMBER,2013-06-24 06:15,2013-06-24 10:20
RED,2013-06-24 10:20,2013-06-24 11:35
AMBER,2013-06-24 11:35,2013-06-24 12:00
AMBER,2013-07-07 16:05,2013-07-07 17:15
AMBER,2013-07-14 23:35,2013-07-15 01:05
AMBER,2013-07-26 08:00,2013-07-26 10:30
AMBER,2013-08-30 03:40,2013-08-30 05:15
AMBER,2013-08-30 07:55,2013-08-30 09:20
AMBER,2013-09-04 07:30,2013-09-04 11:00
AMBER,2014-03-29 11:10,2014-03-29 12:20
AMBER,2014-03-30 19:45,2014-03-30 20:15
RED,2014-03-30 20:15,2014-03-30 20:40
BLACK,2014-03-30 20:40,2014-03-30 22:30
AMBER,2014-03-30 22:30,2014-03-31 01:50
AMBER,2014-03-31 08:40,2014-03-31 11:40
AMBER,2014-04-03 04:45,2014-04-03 06:00
AMBER,2014-05-05 02:00,2014-05-05 03:45
AMBER,2014-05-08 20:45,2014-05-08 22:05
RED,2014-05-08 22:05,2014-05-08 22:30
BLACK,2014-05-08 22:30,2014-05-08 23:40
RED,2014-05-08 23:40,2014-05-09 00:15
AMBER,2014-05-09 00:15,2014-05-09 02:05
AMBER,2014-05-09 08:30,2014-05-09 10:20
AMBER,2014-05-09 20:50,2014-05-09 22:20
AMBER,2014-05-11 07:55,2014-05-11 11:55
AMBER,2014-05-11 14:15,2014-05-11 21:50
RED,2014-05-11 21:50,2014-05-11 23:55
AMBER,2014-05-11 23:55,2014-05-12 03:55
AMBER,2014-05-20 15:30,2014-05-20 17:15
AMBER,2014-05-21 03:15,2014-05-21 06:40
AMBER,2014-06-08 21:35,2014-06-08 22:00
RED,2014-06-08 22:00,2014-06-08 23:10
AMBER,2014-06-08 23:10,2014-06-08 23:45
AMBER,2014-06-21 08:30,2014-06-21 10:50
AMBER,2014-06-22 01:20,2014-06-22 02:05
RED,2014-06-22 02:05,2014-06-22 05:05
AMBER,2014-06-22 05:05,2014-06-22 06:25
AMBER,2014-07-22 15:50,2014-07-22 17:00
AMBER,2014-07-24 22:15,2014-07-24 23:15
AMBER,2014-08-01 20:15,2014-08-01 21:45
AMBER,2014-08-03 00:40,2014-08-03 01:15
AMBER,2014-08-12 18:35,2014-08-12 19:15
RED,2014-08-12 19:15,2014-08-12 20:30
AMBER,2014-08-13 05:25,2014-08-13 05:55
RED,2014-08-13 05:55,2014-08-13 07:15
AMBER,2014-08-13 07:15,2014-08-13 08:50
AMBER,2014-08-13 10:50,2014-08-13 11:25
RED,2014-08-13 11:25,2014-08-13 13:00
AMBER,2014-08-13 13:00,2014-08-13 15:55
AMBER,2014-08-20 05:00,2014-08-20 06:50
AMBER,2014-10-01 01:55,2014-10-01 03:30
AMBER,2014-10-03 20:05,2014-10-03 21:45
AMBER,2015-05-11 17:25,2015-05-11 19:35
AMBER,2015-05-20 16:45,2015-05-20 17:30
RED,2015-05-20 17:30,2015-05-20 19:40
AMBER,2015-05-20 19:40,2015-05-21 03:00
AMBER,2015-05-23 03:30,2015-05-23 07:20
AMBER,2015-05-23 10:10,2015-05-23 11:05
AMBER,2015-05-23 14:40,2015-05-23 16:05
RED,2015-05-23 16:05,2015-05-23 18:30
AMBER,2015-05-23 18:30,2015-05-23 19:20
AMBER,2015-05-24 16:30,2015-05-24 17:40
AMBER,2015-05-26 09:40,2015-05-26 10:00
RED,2015-05-26 10:00,2015-05-26 10:25
BLACK,2015-05-26 10:25,2015-05-26 11:30
AMBER,2015-05-26 11:30,2015-05-26 12:30
AMBER,2015-06-12 03:00,2015-06-12 04:20
AMBER,2015-07-21 07:05,2015-07-21 08:25
AMBER,2015-07-22 03:35,2015-07-22 15:30
AMBER,2015-08-09 19:30,2015-08-09 21:30
AMBER,2015-08-15 06:45,2015-08-15 08:00
RED,2015-08-15 08:00,2015-08-15 10:25
AMBER,2015-08-15 10:25,2015-08-15 11:00
AMBER,2015-09-02 05:35,2015-09-02 06:50
AMBER,2015-09-21 06:15,2015-09-21 09:25
AMBER,2015-09-26 14:20,2015-09-26 15:40
AMBER,2015-10-03 21:45,2015-10-04 00:25
AMBER,2015-10-04 04:25,2015-10-04 05:45
AMBER,2016-01-05 14:00,2016-01-05 14:45
AMBER,2016-04-04 16:35,2016-04-04 19:25
AMBER,2016-04-10 09:30,2016-04-10 11:40
AMBER,2016-04-13 06:30,2016-04-13 12:00
AMBER,2016-04-22 08:20,2016-04-22 09:45
AMBER,2016-05-03 18:10,2016-05-03 20:55
AMBER,2016-05-10 06:00,2016-05-10 07:35
RED,2016-05-10 07:35,2016-05-10 09:35
AMBER,2016-05-10 09:35,2016-05-10 11:20
RED,2016-05-10 11:20,2016-05-10 13:45
AMBER,2016-05-10 13:45,2016-05-10 14:45
AMBER,2016-05-21 01:55,2016-05-21 06:15
AMBER,2016-05-28 16:35,2016-05-28 18:40
AMBER,2016-06-06 06:25,2016-06-06 07:45
AMBER,2016-06-06 11:30,2016-06-06 14:45
AMBER,2016-06-08 04:45,2016-06-08 06:00
AMBER,2016-06-11 03:35,2016-06-11 07:45
AMBER,2016-07-06 08:35,2016-07-06 10:50
AMBER,2016-07-09 21:55,2016-07-09 23:10
AMBER,2016-07-13 07:35,2016-07-13 09:15
AMBER,2016-08-02 05:20,2016-08-02 10:45
AMBER,2016-08-09 12:30,2016-08-09 13:30
AMBER,2016-08-10 06:10,2016-08-10 06:55
RED,2016-08-10 06:55,2016-08-10 08:35
AMBER,2016-08-10 08:35,2016-08-10 10:10
AMBER,2016-08-21 02:20,2016-08-21 04:10
AMBER,2016-08-28 00:05,2016-08-28 00:30
RED,2016-08-28 00:30,2016-08-28 02:20
AMBER,2016-08-28 02:20,2016-08-28 03:30
AMBER,2016-09-01 06:55,2016-09-01 07:45
AMBER,2016-09-09 11:45,2016-09-09 13:20
AMBER,2016-09-10 12:35,2016-09-10 13:55
AMBER,2016-10-01 05:25,2016-10-01 05:55
RED,2016-10-01 05:55,2016-10-01 07:00
AMBER,2016-10-01 07:00,2016-10-01 07:35
AMBER,2016-10-18 15:25,2016-10-18 18:15
AMBER,2016-10-19 13:00,2016-10-19 15:30
RED,2016-10-19 15:30,2016-10-19 16:00
BLACK,2016-10-19 16:00,2016-10-19 17:15
RED,2016-10-19 17:15,2016-10-19 18:15
AMBER,2016-10-19 18:15,2016-10-19 19:30
AMBER,2017-04-21 15:20,2017-04-21 17:00
AMBER,2017-05-04 09:40,2017-05-04 12:10
AMBER,2017-05-24 06:40,2017-05-24 09:15
RED,2017-05-24 09:15,2017-05-24 11:30
BLACK,2017-05-24 11:30,2017-05-24 12:30
AMBER,2017-05-24 12:30,2017-05-24 15:00
AMBER,2017-06-13 02:50,2017-06-13 08:45
RED,2017-06-13 08:45,2017-06-13 11:50
AMBER,2017-06-13 11:50,2017-06-13 12:30
AMBER,2017-06-17 01:50,2017-06-17 02:25
RED,2017-06-17 02:25,2017-06-17 04:05
AMBER,2017-06-17 20:40,2017-06-17 22:15
AMBER,2017-06-21 01:20,2017-06-21 02:45
AMBER,2017-07-17 15:15,2017-07-17 19:15
AMBER,2017-07-17 20:15,2017-07-17 20:45
RED,2017-07-17 20:45,2017-07-17 22:30
AMBER,2017-07-17 22:30,2017-07-17 23:25
AMBER,2017-07-18 08:20,2017-07-18 11:30
AMBER,2017-07-18 16:20,2017-07-18 20:00
AMBER,2017-07-18 22:45,2017-07-19 01:20
AMBER,2017-07-23 22:30,2017-07-24 00:45
AMBER,2017-08-03 05:05,2017-08-03 05:30
RED,2017-08-03 05:30,2017-08-03 07:05
AMBER,2017-08-03 07:05,2017-08-03 07:45
AMBER,2017-08-04 06:20,2017-08-04 08:20
AMBER,2017-08-23 08:00,2017-08-23 12:10
AMBER,2017-08-27 05:10,2017-08-27 14:10
AMBER,2017-08-28 06:15,2017-08-28 08:55
AMBER,2017-09-23 08:00,2017-09-23 08:50
AMBER,2017-10-17 03:10,2017-10-17 04:20
AMBER,2018-06-06 13:10,2018-06-06 14:50
AMBER,2018-06-08 06:50,2018-06-08 11:30
RED,2018-06-08 11:30,2018-06-08 12:30
AMBER,2018-06-08 12:30,2018-06-08 14:15
AMBER,2018-06-13 02:10,2018-06-13 05:45
AMBER,2018-06-13 15:00,2018-06-13 18:15
AMBER,2018-06-22 12:15,2018-06-22 16:15
AMBER,2018-06-23 11:15,2018-06-23 13:40
AMBER,2018-07-02 12:15,2018-07-02 13:15
AMBER,2018-07-15 12:35,2018-07-15 14:00
AMBER,2018-08-10 16:15,2018-08-10 18:50
AMBER,2018-08-11 07:15,2018-08-11 12:05
AMBER,2018-08-12 05:15,2018-08-12 06:45
AMBER,2018-08-17 10:20,2018-08-17 11:25
AMBER,2018-08-19 06:25,2018-08-19 09:15
AMBER,2018-08-20 05:10,2018-08-20 07:45
AMBER,2018-08-22 18:10,2018-08-22 19:45
AMBER,2018-08-26 22:15,2018-08-26 23:05
RED,2018-08-26 23:05,2018-08-27 00:45
AMBER,2018-08-27 00:45,2018-08-27 01:45
AMBER,2018-08-27 21:10,2018-08-28 02:20
AMBER,2018-08-28 13:20,2018-08-28 14:45
AMBER,2018-08-29 14:10,2018-08-29 18:40
RED,2018-08-29 18:40,2018-08-29 21:50
AMBER,2018-08-29 21:50,2018-08-29 22:30
AMBER,2018-09-01 12:55,2018-09-01 14:15
AMBER,2018-09-02 07:40,2018-09-02 09:45
AMBER,2018-09-16 09:10,2018-09-16 10:55
RED,2018-09-16 10:55,2018-09-16 18:50
AMBER,2018-09-16 18:50,2018-09-16 22:30
AMBER,2018-09-24 10:10,2018-09-24 12:00
AMBER,2019-02-19 09:00,2019-02-19 10:10
AMBER,2019-03-06 11:35,2019-03-06 15:20
AMBER,2019-04-11 21:50,2019-04-11 23:45
AMBER,2019-04-18 21:35,2019-04-18 22:35
AMBER,2019-04-19 14:40,2019-04-19 19:10
AMBER,2019-04-20 13:40,2019-04-20 14:20
RED,2019-04-20 14:20,2019-04-20 15:20
AMBER,2019-04-20 15:20,2019-04-20 16:45
AMBER,2019-04-27 16:00,2019-04-27 18:10
AMBER,2019-05-20 22:05,2019-05-21 00:00
AMBER,2019-05-21 20:15,2019-05-21 21:45
AMBER,2019-05-26 10:40,2019-05-26 12:15
AMBER,2019-05-27 05:00,2019-05-27 08:15
AMBER,2019-05-28 10:15,2019-05-28 11:45
AMBER,2019-06-01 02:50,2019-06-01 04:05
AMBER,2019-06-04 09:05,2019-06-04 10:05
AMBER,2019-06-11 05:25,2019-06-11 07:40
AMBER,2019-06-13 08:45,2019-06-13 10:00
AMBER,2019-06-13 14:30,2019-06-13 17:20
AMBER,2019-06-14 00:45,2019-06-14 01:45
AMBER,2019-06-25 16:15,2019-06-25 17:55
AMBER,2019-07-03 00:45,2019-07-03 02:05
AMBER,2019-07-19 14:05,2019-07-19 15:15
AMBER,2019-07-19 18:45,2019-07-19 19:45
AMBER,2019-07-20 12:10,2019-07-20 13:30
AMBER,2019-07-31 11:55,2019-07-31 14:35
AMBER,2019-07-31 17:30,2019-07-31 20:00
RED,2019-07-31 20:00,2019-07-31 21:30
AMBER,2019-08-01 07:25,2019-08-01 21:00
AMBER,2019-08-02 03:25,2019-08-02 04:40
AMBER,2019-08-14 04:45,2019-08-14 06:10
AMBER,2019-08-17 11:15,2019-08-17 12:30
AMBER,2019-08-25 00:50,2019-08-25 02:40
AMBER,2019-08-25 11:30,2019-08-25 14:45
AMBER,2019-08-25 23:55,2019-08-26 00:40
RED,2019-08-26 00:40,2019-08-26 03:25
AMBER,2019-08-26 03:25,2019-08-26 05:00
AMBER,2019-09-02 12:25,2019-09-02 14:00
AMBER,2019-10-06 23:00,2019-10-07 00:30
AMBER,2019-10-14 03:15,2019-10-14 10:00
AMBER,2020-02-13 10:10,2020-02-13 11:15
AMBER,2020-03-18 10:45,2020-03-18 11:45
AMBER,2020-05-11 21:25,2020-05-11 23:10
AMBER,2020-05-18 10:10,2020-05-18 11:15
AMBER,2020-05-21 01:10,2020-05-21 02:30
RED,2020-05-21 02:30,2020-05-21 04:30
AMBER,2020-05-21 04:30,2020-05-21 05:15
AMBER,2020-05-25 10:05,2020-05-25 10:35
RED,2020-05-25 10:35,2020-05-25 11:40
AMBER,2020-05-25 11:40,2020-05-25 12:40
AMBER,2020-05-30 04:30,2020-05-30 09:00
RED,2020-05-30 09:00,2020-05-30 10:25
AMBER,2020-05-30 10:25,2020-05-30 12:05
AMBER,2020-06-06 00:40,2020-06-06 01:30
RED,2020-06-06 01:30,2020-06-06 02:55
BLACK,2020-06-06 02:55,2020-06-06 05:40
RED,2020-06-06 05:40,2020-06-06 06:30
AMBER,2020-06-06 06:30,2020-06-06 08:05
AMBER,2020-06-07 06:20,2020-06-07 07:30
RED,2020-06-07 07:30,2020-06-07 11:00
AMBER,2020-06-07 11:00,2020-06-07 12:35
AMBER,2020-06-08 08:55,2020-06-08 11:15
AMBER,2020-08-05 19:55,2020-08-06 00:40
AMBER,2020-08-18 23:20,2020-08-19 10:50
AMBER,2020-09-05 08:55,2020-09-05 09:55
RED,2020-09-05 09:55,2020-09-05 10:55
AMBER,2020-09-05 10:55,2020-09-05 11:15
AMBER,2020-09-08 04:25,2020-09-08 10:00
AMBER,2020-09-12 14:10,2020-09-12 16:00
AMBER,2020-09-12 21:30,2020-09-12 22:30
AMBER,2020-09-15 12:10,2020-09-15 17:15
AMBER,2020-09-21 14:30,2020-09-21 18:00
RED,2020-09-21 18:00,2020-09-21 20:10
AMBER,2020-09-21 20:10,2020-09-21 21:40
AMBER,2020-09-28 18:10,2020-09-28 19:40
AMBER,2020-09-30 19:15,2020-09-30 19:50
RED,2020-09-30 19:50,2020-09-30 20:10
BLACK,2020-09-30 20:10,2020-09-30 21:25
RED,2020-09-30 21:25,2020-09-30 22:45
AMBER,2020-09-30 22:45,2020-09-30 23:30
AMBER,2020-10-05 07:25,2020-10-05 08:05
RED,2020-10-05 08:05,2020-10-05 09:05
AMBER,2020-10-05 09:05,2020-10-05 09:30
AMBER,2021-05-04 19:15,2021-05-04 21:45
AMBER,2021-06-01 08:10,2021-06-01 09:35
AMBER,2021-06-01 15:30,2021-06-01 17:15
RED,2021-06-01 17:15,2021-06-01 18:15
AMBER,2021-06-01 18:15,2021-06-01 21:10
AMBER,2021-06-11 20:25,2021-06-11 22:45
AMBER,2021-06-22 06:50,2021-06-22 08:30
AMBER,2021-06-23 14:10,2021-06-23 15:30
AMBER,2021-06-24 07:00,2021-06-24 08:20
AMBER,2021-06-24 13:30,2021-06-24 14:45
AMBER,2021-06-26 06:00,2021-06-26 08:25
AMBER,2021-06-28 05:05,2021-06-28 05:55
RED,2021-06-28 05:55,2021-06-28 08:20
BLACK,2021-06-28 08:20,2021-06-28 11:05
RED,2021-06-28 11:05,2021-06-28 11:45
AMBER,2021-06-28 11:45,2021-06-28 12:30
AMBER,2021-07-18 06:20,2021-07-18 07:45
AMBER,2021-07-19 02:35,2021-07-19 03:50
AMBER,2021-07-19 12:30,2021-07-19 14:05
AMBER,2021-07-20 11:40,2021-07-20 15:40
AMBER,2021-07-25 00:05,2021-07-25 03:00
AMBER,2021-07-30 07:15,2021-07-30 08:40
AMBER,2021-08-04 17:10,2021-08-04 22:15
AMBER,2021-08-06 00:35,2021-08-06 01:30
RED,2021-08-06 01:30,2021-08-06 03:55
AMBER,2021-08-06 03:55,2021-08-06 04:35
AMBER,2021-08-09 00:40,2021-08-09 02:55
AMBER,2021-08-29 10:05,2021-08-29 12:15
AMBER,2021-10-07 23:20,2021-10-08 11:20
RED,2021-10-08 11:20,2021-10-08 11:45
BLACK,2021-10-08 11:45,2021-10-08 12:45
RED,2021-10-08 12:45,2021-10-08 17:45
AMBER,2021-10-08 17:45,2021-10-08 19:25
AMBER,2021-10-09 13:00,2021-10-09 21:05
AMBER,2021-10-13 14:02,2021-10-13 17:10
AMBER,2022-05-12 05:25,2022-05-12 06:40
AMBER,2022-05-12 12:10,2022-05-12 22:45
AMBER,2022-05-13 03:55,2022-05-13 04:25
RED,2022-05-13 04:25,2022-05-13 07:05
AMBER,2022-05-13 07:05,2022-05-13 07:40
AMBER,2022-05-13 19:05,2022-05-13 22:30
AMBER,2022-06-07 03:45,2022-06-07 06:40
AMBER,2022-06-07 19:35,2022-06-07 20:45
AMBER,2022-06-08 09:45,2022-06-08 10:45
RED,2022-06-08 10:45,2022-06-08 16:15
AMBER,2022-06-08 16:15,2022-06-08 17:15
AMBER,2022-06-11 13:15,2022-06-11 15:30
AMBER,2022-06-14 19:30,2022-06-14 20:45
AMBER,2022-06-15 19:30,2022-06-15 21:40
AMBER,2022-07-01 00:50,2022-07-01 02:10
AMBER,2022-07-01 15:15,2022-07-01 17:15
AMBER,2022-07-30 10:00,2022-07-30 11:30
AMBER,2022-08-03 15:30,2022-08-03 17:00
AMBER,2022-08-05 04:08,2022-08-05 09:30
AMBER,2022-08-05 13:05,2022-08-05 17:35
AMBER,2022-08-12 08:40,2022-08-12 12:15
AMBER,2022-08-17 16:10,2022-08-17 18:15
AMBER,2022-09-30 10:25,2022-09-30 14:15
AMBER,2022-09-30 20:10,2022-09-30 21:10
AMBER,2022-11-03 01:35,2022-11-03 02:35
AMBER,2023-03-25 12:20,2023-03-25 15:20
AMBER,2023-04-19 10:15,2023-04-19 12:15
AMBER,2023-04-21 02:00,2023-04-21 06:30
AMBER,2023-04-24 16:15,2023-04-24 17:15
AMBER,2023-05-07 12:10,2023-05-07 13:35
RED,2023-05-07 13:35,2023-05-07 14:45
AMBER,2023-05-07 14:45,2023-05-07 15:15
AMBER,2023-05-17 11:10,2023-05-17 13:00
AMBER,2023-05-23 04:30,2023-05-23 08:45
AMBER,2023-06-01 05:15,2023-06-01 08:00
AMBER,2023-06-06 10:20,2023-06-06 13:35
AMBER,2023-06-10 20:00,2023-06-10 21:15
AMBER,2023-06-13 22:50,2023-06-14 05:50
AMBER,2023-06-14 23:10,2023-06-15 05:30
AMBER,2023-06-16 09:40,2023-06-16 14:00
AMBER,2023-06-17 12:40,2023-06-17 14:05
RED,2023-06-17 14:05,2023-06-17 16:15
AMBER,2023-06-17 16:15,2023-06-17 17:05
AMBER,2023-06-18 08:35,2023-06-18 10:05
AMBER,2023-07-17 17:50,2023-07-17 19:30
AMBER,2023-07-29 08:10,2023-07-29 09:10
RED,2023-07-29 09:10,2023-07-29 10:10
AMBER,2023-07-29 10:10,2023-07-29 10:40
AMBER,2023-07-29 22:45,2023-07-30 00:30
AMBER,2023-07-31 01:00,2023-07-31 03:20
AMBER,2023-08-10 13:10,2023-08-10 15:45
AMBER,2023-08-11 01:30,2023-08-11 03:30
AMBER,2023-08-13 10:05,2023-08-13 11:15
AMBER,2023-08-18 10:30,2023-08-18 13:00
AMBER,2023-08-19 11:55,2023-08-19 13:40
AMBER,2023-09-01 19:45,2023-09-02 01:00
AMBER,2023-09-07 21:25,2023-09-07 21:50
RED,2023-09-07 21:50,2023-09-07 23:05
BLACK,2023-09-07 23:05,2023-09-08 15:40
AMBER,2023-09-08 15:40,2023-09-08 16:45
AMBER,2023-09-10 06:25,2023-09-10 08:55
AMBER,2023-09-14 03:55,2023-09-14 05:55
RED,2023-09-14 05:55,2023-09-14 10:30
AMBER,2023-09-14 10:30,2023-09-14 11:45
AMBER,2023-09-15 19:55,2023-09-15 20:40
RED,2023-09-15 20:40,2023-09-15 22:00
AMBER,2023-09-15 22:00,2023-09-15 23:45
AMBER,2023-10-08 20:25,2023-10-09 01:55
RED,2023-10-09 01:55,2023-10-09 04:00
BLACK,2023-10-09 04:00,2023-10-09 10:30
RED,2023-10-09 10:30,2023-10-09 14:30
AMBER,2023-10-09 14:30,2023-10-09 17:45
AMBER,2024-04-18 13:00,2024-04-18 14:05
AMBER,2024-04-20 19:35,2024-04-20 22:30
AMBER,2024-04-21 10:00,2024-04-21 13:45
AMBER,2024-04-23 08:30,2024-04-23 12:50
AMBER,2024-04-26 08:35,2024-04-26 13:45
AMBER,2024-04-30 21:30,2024-04-30 23:00
AMBER,2024-05-01 04:15,2024-05-01 07:00
AMBER,2024-05-04 07:40,2024-05-04 08:55
RED,2024-05-04 08:55,2024-05-04 15:50
AMBER,2024-05-04 15:50,2024-05-04 20:45
AMBER,2024-05-21 10:00,2024-05-21 14:50
RED,2024-05-21 14:50,2024-05-21 16:00
AMBER,2024-05-21 16:00,2024-05-21 16:30
AMBER,2024-05-24 12:10,2024-05-24 13:20
AMBER,2024-05-27 07:50,2024-05-27 09:00
AMBER,2024-05-28 00:20,2024-05-28 02:15
AMBER,2024-05-31 15:30,2024-05-31 17:00
AMBER,2024-06-01 03:25,2024-06-01 05:40
AMBER,2024-06-03 10:10,2024-06-03 13:00
AMBER,2024-06-09 07:15,2024-06-09 12:10
AMBER,2024-06-14 09:25,2024-06-14 10:00
RED,2024-06-14 10:00,2024-06-14 11:30
AMBER,2024-06-14 11:30,2024-06-14 13:10
AMBER,2024-06-15 06:00,2024-06-15 08:10
AMBER,2024-06-15 12:55,2024-06-15 16:30
AMBER,2024-06-15 17:50,2024-06-15 19:45
AMBER,2024-07-14 19:00,2024-07-14 21:35
AMBER,2024-07-16 05:35,2024-07-16 07:25
AMBER,2024-07-18 13:45,2024-07-18 16:00
AMBER,2024-07-27 09:00,2024-07-27 12:50
AMBER,2024-07-28 05:50,2024-07-28 10:40
AMBER,2024-07-31 07:35,2024-07-31 10:45
AMBER,2024-08-06 13:45,2024-08-06 14:45
AMBER,2024-08-12 07:55,2024-08-12 10:00
AMBER,2024-08-15 11:40,2024-08-15 12:40
AMBER,2024-08-17 05:35,2024-08-17 10:55
AMBER,2024-08-18 06:05,2024-08-18 09:00
AMBER,2024-08-19 13:35,2024-08-19 15:00
AMBER,2024-08-20 05:45,2024-08-20 06:45
AMBER,2024-08-28 16:50,2024-08-28 19:00
AMBER,2024-09-03 22:25,2024-09-03 23:50
AMBER,2024-09-05 21:30,2024-09-05 23:40
AMBER,2024-09-06 02:35,2024-09-06 04:25
AMBER,2024-09-06 19:15,2024-09-07 00:50
AMBER,2024-09-17 21:50,2024-09-17 23:50
AMBER,2024-09-21 11:45,2024-09-21 12:05
RED,2024-09-21 12:05,2024-09-21 13:20
AMBER,2024-09-21 13:20,2024-09-21 13:55
AMBER,2024-09-24 11:10,2024-09-24 13:45
AMBER,2025-03-15 15:00,2025-03-15 16:35
AMBER,2025-04-25 04:00,2025-04-25 05:15
AMBER,2025-05-07 13:22,2025-05-07 14:25
AMBER,2025-05-29 16:25,2025-05-29 18:45
AMBER,2025-06-17 07:30,2025-06-17 10:20
AMBER,2025-06-26 17:05,2025-06-26 19:05
AMBER,2025-06-28 00:55,2025-06-28 01:55
AMBER,2025-06-30 23:55,2025-07-01 01:10
AMBER,2025-07-09 23:00,2025-07-09 23:45
RED,2025-07-09 23:45,2025-07-10 00:45
AMBER,2025-07-10 00:45,2025-07-10 01:40
AMBER,2025-07-10 08:35,2025-07-10 09:36
RED,2025-07-10 09:36,2025-07-10 10:40
AMBER,2025-07-10 10:40,2025-07-10 12:40
RED,2025-07-10 12:40,2025-07-10 15:30
AMBER,2025-07-10 15:30,2025-07-10 20:00
AMBER,2025-07-18 11:15,2025-07-18 13:00
AMBER,2025-07-20 15:10,2025-07-20 15:45
RED,2025-07-20 15:45,2025-07-20 17:00
AMBER,2025-07-20 17:00,2025-07-20 18:15
AMBER,2025-07-22 20:00,2025-07-22 23:45
AMBER,2025-07-25 19:10,2025-07-25 19:40
RED,2025-07-25 19:40,2025-07-25 20:40
AMBER,2025-07-25 20:40,2025-07-25 21:10
AMBER,2025-07-29 08:05,2025-07-29 08:40
RED,2025-07-29 08:40,2025-07-29 09:10
BLACK,2025-07-29 09:10,2025-07-29 11:05
RED,2025-07-29 11:05,2025-07-29 11:45
AMBER,2025-07-29 11:45,2025-07-29 14:15
AMBER,2025-08-02 06:50,2025-08-02 09:10
RED,2025-08-02 09:10,2025-08-02 09:45
BLACK,2025-08-02 09:45,2025-08-02 11:45
RED,2025-08-02 11:45,2025-08-02 12:30
AMBER,2025-08-02 12:30,2025-08-02 16:00
AMBER,2025-08-02 22:35,2025-08-03 01:15
AMBER,2025-08-03 05:45,2025-08-03 07:45
AMBER,2025-08-03 11:20,2025-08-03 12:30
AMBER,2025-08-04 06:30,2025-08-04 09:00
AMBER,2025-08-04 10:25,2025-08-04 12:20
RED,2025-08-04 12:20,2025-08-04 13:25
AMBER,2025-08-04 13:25,2025-08-04 15:15
AMBER,2025-08-04 21:45,2025-08-04 22:35
RED,2025-08-04 22:35,2025-08-04 23:45
BLACK,2025-08-04 23:45,2025-08-05 02:10
RED,2025-08-05 02:10,2025-08-05 03:00
AMBER,2025-08-05 03:00,2025-08-05 05:20
RED,2025-08-05 05:20,2025-08-05 05:50
BLACK,2025-08-05 05:50,2025-08-05 17:05
AMBER,2025-08-05 17:05,2025-08-05 18:15
AMBER,2025-08-05 22:55,2025-08-06 00:30
AMBER,2025-08-06 11:45,2025-08-06 13:30
AMBER,2025-08-14 05:22,2025-08-14 06:35
RED,2025-08-14 06:35,2025-08-14 07:50
BLACK,2025-08-14 07:50,2025-08-14 11:10
RED,2025-08-14 11:10,2025-08-14 12:10
AMBER,2025-08-14 12:10,2025-08-14 15:55
AMBER,2025-08-18 00:30,2025-08-18 01:15
RED,2025-08-18 01:15,2025-08-18 06:05
AMBER,2025-08-18 06:05,2025-08-18 07:20
AMBER,2025-08-18 10:20,2025-08-18 11:45
AMBER,2025-08-19 09:41,2025-08-19 11:15
AMBER,2025-09-08 04:55,2025-09-08 11:35
AMBER,2025-09-17 06:00,2025-09-17 07:00
AMBER,2025-09-20 04:05,2025-09-20 15:10
AMBER,2025-09-21 09:10,2025-09-21 17:30
AMBER,2025-09-24 02:45,2025-09-24 11:50
AMBER,2025-09-24 15:20,2025-09-24 20:00
AMBER,2026-03-02 19:50,2026-03-02 22:15
AMBER,2026-03-03 23:25,2026-03-04 01:55
AMBER,2026-03-30 10:00,2026-03-30 11:00
AMBER,2026-04-04 11:00,2026-04-04 13:40
AMBER,2026-04-05 14:05,2026-04-05 17:40
AMBER,2026-04-17 16:35,2026-04-17 19:00
AMBER,2026-04-29 01:45,2026-04-29 03:45
AMBER,2026-04-29 11:35,2026-04-29 12:45
AMBER,2026-05-03 14:20,2026-05-03 17:50
AMBER,2026-05-09 00:26,2026-05-09 04:10
AMBER,2026-05-19 12:35,2026-05-19 14:00
AMBER,2026-05-20 21:00,2026-05-21 02:40
RED,2026-05-21 02:40,2026-05-21 05:15
AMBER,2026-05-21 05:15,2026-05-21 09:30
AMBER,2026-05-29 22:00,2026-05-29 23:30
AMBER,2026-06-06 10:00,2026-06-06 11:30
AMBER,2026-06-06 18:45,2026-06-06 19:55
RED,2026-06-06 19:55,2026-06-06 20:55
AMBER,2026-06-06 20:55,2026-06-06 21:30
AMBER,2026-06-07 15:00,2026-06-07 16:00
AMBER,2026-06-08 00:45,2026-06-08 01:15
RED,2026-06-08 01:15,2026-06-08 03:50
AMBER,2026-06-08 03:50,2026-06-08 05:00
AMBER,2026-06-08 19:20,2026-06-08 19:50
RED,2026-06-08 19:50,2026-06-08 20:35
BLACK,2026-06-08 20:35,2026-06-08 21:35
RED,2026-06-08 21:35,2026-06-08 22:05
AMBER,2026-06-08 22:05,2026-06-08 22:45
AMBER,2026-06-13 05:00,2026-06-13 08:45
AMBER,2026-06-13 14:15,2026-06-13 15:40
AMBER,2026-06-14 21:40,2026-06-15 06:20
AMBER,2026-06-15 11:10,2026-06-15 20:20
AMBER,2026-06-16 18:15,2026-06-16 21:55
AMBER,2026-06-18 05:40,2026-06-18 09:25
AMBER,2026-06-18 11:15,2026-06-18 12:10
RED,2026-06-18 12:10,2026-06-18 12:55
BLACK,2026-06-18 12:55,2026-06-18 15:05
RED,2026-06-18 15:05,2026-06-18 15:40
AMBER,2026-06-18 15:40,2026-06-18 18:10
RED,2026-06-18 18:10,2026-06-18 18:35
BLACK,2026-06-18 18:35,2026-06-18 20:30
RED,2026-06-18 20:30,2026-06-18 21:05
AMBER,2026-06-18 21:05,2026-06-18 22:25
AMBER,2026-06-26 11:50,2026-06-26 12:15
RED,2026-06-26 12:15,2026-06-26 13:20
AMBER,2026-06-26 13:20,2026-06-26 14:00
AMBER,2026-06-28 11:10,2026-06-28 14:35
AMBER,2026-07-03 14:10,2026-07-03 16:10
AMBER,2026-07-04 14:00,2026-07-04 15:15
AMBER,2026-07-06 19:05,2026-07-06 21:45
RED,2026-07-06 21:45,2026-07-06 22:45
AMBER,2026-07-07 05:30,2026-07-07 11:55
AMBER,2026-07-07 19:40,2026-07-07 22:35
AMBER,2026-07-15 10:05,2026-07-15 15:25
AMBER,2026-07-16 07:15,2026-07-16 07:40
RED,2026-07-16 07:40,2026-07-16 09:25
AMBER,2026-07-16 09:25,2026-07-16 10:20
AMBER,2026-07-17 00:25,2026-07-17 02:15
AMBER,2026-07-17 09:50,2026-07-17 13:00
AMBER,2026-07-18 04:20,2026-07-18 06:40
AMBER,2026-07-20 07:10,2026-07-20 08:05
RED,2026-07-20 08:05,2026-07-20 09:30
AMBER,2026-07-20 09:30,2026-07-20 14:10
AMBER,2026-07-26 05:00,2026-07-26 10:05
AMBER,2026-07-26 15:45,2026-07-26 18:45
AMBER,2026-07-27 05:30,2026-07-27 05:55
RED,2026-07-27 05:55,2026-07-27 07:45
AMBER,2026-07-27 07:45,2026-07-27 09:15
AMBER,2026-07-28 07:15,2026-07-28 10:45
AMBER,2026-07-31 10:20,2026-07-31 11:05
RED,2026-07-31 11:05,2026-07-31 14:10
AMBER,2026-07-31 14:10,2026-07-31 15:05
AMBER,2026-08-02 06:10,2026-08-02 13:00
AMBER,2026-08-03 06:40,2026-08-03 08:45
WTS,1967-04-03 22:00,1967-04-04 06:00
WTS,1967-04-19 04:00,1967-04-19 16:00
WTS,1967-04-28 12:00,1967-04-28 18:00
WTS,1967-05-14 19:30,1967-05-15 19:30
WTS,1967-05-22 20:00,1967-05-23 20:00
WTS,1967-05-25 21:00,1967-05-26 21:00
WTS,1967-05-27 02:30,1967-05-28 10:55
WTS,1967-06-01 12:00,1967-06-02 00:00
WTS,1967-06-02 06:30,1967-06-02 12:30
WTS,1967-06-02 21:00,1967-06-03 09:00
WTS,1967-06-03 14:00,1967-06-04 14:00
WTS,1967-06-04 16:00,1967-06-05 10:00
WTS,1967-06-09 06:30,1967-06-09 18:30
WTS,1967-06-30 16:12,1967-07-01 16:12
WTS,1967-07-06 14:00,1967-07-06 17:00
WTS,1967-07-13 04:00,1967-07-13 10:00
WTS,1967-07-14 10:10,1967-07-14 22:10
WTS,1967-07-23 14:16,1967-07-24 02:16
WTS,1967-07-24 11:00,1967-07-24 23:00
WTS,1967-08-12 03:30,1967-08-12 12:30
WTS,1967-08-13 06:00,1967-08-13 12:00
WTS,1967-09-04 01:30,1967-09-04 10:30
WTS,1968-03-23 13:30,1968-03-24 14:00
WTS,1968-03-24 18:10,1968-03-25 06:10
WTS,1968-03-29 11:15,1968-03-30 11:15
WTS,1968-05-14 02:00,1968-05-14 07:00
WTS,1968-05-18 06:45,1968-05-18 10:45
WTS,1968-05-19 18:00,1968-05-21 07:08
WTS,1968-05-22 04:00,1968-05-22 08:00
WTS,1968-05-23 02:00,1968-05-24 04:04
WTS,1968-05-25 03:00,1968-05-25 09:00
WTS,1968-05-25 22:00,1968-05-26 10:00
WTS,1968-06-12 09:00,1968-06-12 15:00
WTS,1968-06-12 18:15,1968-06-13 12:15
WTS,1968-06-13 12:15,1968-06-14 06:15
WTS,1968-06-14 11:00,1968-06-14 17:00
WTS,1968-06-15 00:00,1968-06-15 12:00
WTS,1968-06-19 08:30,1968-06-19 16:30
WTS,1968-06-19 18:00,1968-06-20 11:00
WTS,1968-07-04 13:00,1968-07-05 01:00
WTS,1969-03-03 21:25,1969-03-04 06:25
WTS,1969-03-05 16:33,1969-03-06 00:00
WTS,1969-03-09 10:00,1969-03-09 22:00
WTS,1969-03-11 11:30,1969-03-11 17:30
WTS,1969-04-12 23:30,1969-04-13 05:30
WTS,1969-04-13 11:30,1969-04-13 14:30
WTS,1969-04-14 16:00,1969-04-16 07:30
WTS,1969-04-16 11:30,1969-04-16 14:30
WTS,1969-05-13 16:00,1969-05-14 17:30
WTS,1969-05-15 02:00,1969-05-15 18:00
WTS,1969-05-15 22:30,1969-05-16 06:30
WTS,1969-05-20 15:00,1969-05-21 09:00
WTS,1969-05-24 12:00,1969-05-24 20:00
WTS,1969-05-24 20:00,1969-05-25 08:00
WTS,1969-05-27 00:10,1969-05-27 08:10
WTS,1969-06-03 15:00,1969-06-03 21:00
WTS,1969-06-05 05:30,1969-06-06 14:00
WTS,1969-06-11 06:40,1969-06-11 21:40
WTS,1969-06-18 00:00,1969-06-18 07:00
WTS,1969-07-23 15:00,1969-07-24 09:00
WTS,1969-07-30 22:30,1969-07-31 00:30
WTS,1969-08-10 11:30,1969-08-12 07:00
WTS,1969-08-16 08:00,1969-08-16 09:00
WTS,1969-10-18 05:00,1969-10-18 09:00
WTS,1970-05-02 20:00,1970-05-03 08:00
WTS,1970-05-10 09:00,1970-05-10 18:15
WTS,1970-05-12 06:30,1970-05-13 00:00
WTS,1970-05-13 09:25,1970-05-14 00:00
WTS,1970-05-14 10:30,1970-05-14 22:30
WTS,1970-05-19 10:30,1970-05-19 13:30
WTS,1970-05-23 21:00,1970-05-24 09:00
WTS,1970-05-26 19:00,1970-05-27 00:00
WTS,1970-06-03 11:50,1970-06-04 10:40
WTS,1970-06-10 11:40,1970-06-10 20:40
WTS,1970-06-12 20:25,1970-06-13 00:00
WTS,1970-06-22 03:30,1970-06-22 09:30
WTS,1970-06-27 17:30,1970-06-28 17:30
WTS,1970-06-28 17:30,1970-06-29 11:30
WTS,1970-07-08 14:00,1970-07-08 17:00
WTS,1970-08-11 20:30,1970-08-12 08:30
WTS,1970-08-12 17:00,1970-08-13 05:00
WTS,1970-08-28 21:00,1970-08-29 03:00
WTS,1970-08-31 19:30,1970-08-31 21:30
WTS,1970-09-02 16:15,1970-09-02 22:15
WTS,1970-09-15 04:00,1970-09-15 10:00
WTS,1971-04-02 18:30,1971-04-03 06:30
WTS,1971-04-03 17:00,1971-04-04 07:00
WTS,1971-05-12 06:45,1971-05-12 12:45
WTS,1971-06-06 20:00,1971-06-07 14:00
WTS,1971-06-10 03:30,1971-06-10 09:30
WTS,1971-07-11 21:40,1971-07-12 09:40
WTS,1971-07-16 22:30,1971-07-17 02:30
WTS,1971-08-01 02:15,1971-08-01 08:15
WTS,1971-08-05 12:34,1971-08-06 20:00
WTS,1971-08-17 15:00,1971-08-18 03:00
WTS,1972-04-07 20:00,1972-04-08 08:00
WTS,1972-05-02 23:00,1972-05-03 17:00
WTS,1972-05-03 18:00,1972-05-04 06:00
WTS,1972-05-07 09:30,1972-05-08 08:00
WTS,1972-05-08 11:30,1972-05-08 23:30
WTS,1972-05-09 18:30,1972-05-12 08:00
WTS,1972-05-12 22:00,1972-05-13 10:00
WTS,1972-05-13 20:00,1972-05-14 06:00
WTS,1972-05-17 22:00,1972-05-18 06:00
WTS,1972-05-18 18:00,1972-05-19 06:00
WTS,1972-05-20 11:15,1972-05-20 23:15
WTS,1972-05-23 18:20,1972-05-24 00:20
WTS,1972-05-24 13:00,1972-05-25 00:00
WTS,1972-06-12 06:00,1972-06-12 10:00
WTS,1972-06-15 11:30,1972-06-18 00:00
WTS,1972-06-18 11:00,1972-06-18 17:00
WTS,1972-06-18 17:30,1972-06-19 13:30
WTS,1972-07-24 08:40,1972-07-24 20:30
WTS,1972-07-24 21:30,1972-07-25 21:30
WTS,1972-08-08 11:00,1972-08-08 23:00
WTS,1972-08-09 03:00,1972-08-09 14:00
WTS,1972-08-09 15:30,1972-08-10 03:30
WTS,1972-08-10 04:40,1972-08-11 07:00
WTS,1972-08-11 08:00,1972-08-11 20:00
WTS,1972-08-12 15:00,1972-08-12 21:00
WTS,1972-08-12 21:00,1972-08-14 08:00
WTS,1972-08-18 20:00,1972-08-20 08:00
WTS,1972-08-20 08:00,1972-08-22 07:00
WTS,1972-09-19 04:30,1972-09-19 08:30
WTS,1972-09-19 16:00,1972-09-20 10:00
WTS,1972-09-28 17:00,1972-09-29 07:00
WTS,1973-04-03 17:00,1973-04-04 05:00
WTS,1973-04-06 22:40,1973-04-07 10:40
WTS,1973-04-07 17:30,1973-04-08 05:30
WTS,1973-04-08 14:30,1973-04-08 20:30
WTS,1973-04-11 19:00,1973-04-12 07:00
WTS,1973-04-20 18:15,1973-04-21 00:15
WTS,1973-04-21 02:00,1973-04-21 08:00
WTS,1973-04-22 10:00,1973-04-22 22:00
WTS,1973-04-26 23:00,1973-04-27 05:00
WTS,1973-05-03 23:00,1973-05-04 07:00
WTS,1973-05-06 09:00,1973-05-07 06:20
WTS,1973-05-08 15:30,1973-05-09 09:30
WTS,1973-05-10 18:00,1973-05-11 06:00
WTS,1973-05-13 03:45,1973-05-13 19:40
WTS,1973-05-27 06:45,1973-05-27 12:45
WTS,1973-05-27 12:45,1973-05-28 08:00
WTS,1973-05-28 08:00,1973-05-29 08:00
WTS,1973-06-03 23:20,1973-06-04 08:20
WTS,1973-06-04 08:20,1973-06-05 20:00
WTS,1973-06-26 19:00,1973-06-28 07:00
WTS,1973-06-28 07:00,1973-06-28 14:00
WTS,1973-07-05 06:55,1973-07-06 00:00
WTS,1973-07-08 11:45,1973-07-09 14:00
WTS,1973-07-11 10:30,1973-07-11 14:30
WTS,1973-07-21 07:00,1973-07-21 14:00
WTS,1973-07-23 10:00,1973-07-23 16:00
WTS,1973-07-24 02:45,1973-07-24 08:45
WTS,1973-07-24 15:50,1973-07-24 21:50
WTS,1973-08-06 12:45,1973-08-06 16:45
WTS,1973-08-08 04:10,1973-08-08 10:10
WTS,1973-08-08 16:00,1973-08-09 00:00
WTS,1973-08-17 00:45,1973-08-17 06:45
WTS,1973-08-17 14:40,1973-08-17 20:40
WTS,1973-08-18 13:50,1973-08-18 19:50
WTS,1973-08-25 12:05,1973-08-25 20:00
WTS,1973-09-15 05:00,1973-09-15 11:00
WTS,1973-09-18 12:30,1973-09-18 21:00
WTS,1973-09-18 22:30,1973-09-19 19:15
WTS,1973-09-21 08:30,1973-09-21 14:30
WTS,1974-04-07 18:00,1974-04-09 08:00
WTS,1974-04-09 15:00,1974-04-10 00:00
WTS,1974-04-20 21:00,1974-04-21 07:00
WTS,1974-04-21 20:00,1974-04-22 06:00
WTS,1974-04-28 07:15,1974-04-28 19:15
WTS,1974-05-02 02:00,1974-05-02 14:00
WTS,1974-05-04 09:20,1974-05-05 00:00
WTS,1974-05-09 19:00,1974-05-10 07:00
WTS,1974-05-30 07:30,1974-05-30 14:00
WTS,1974-05-30 16:15,1974-05-30 22:15
WTS,1974-05-31 00:00,1974-05-31 08:00
WTS,1974-06-01 10:00,1974-06-01 18:00
WTS,1974-06-03 07:55,1974-06-03 11:55
WTS,1974-06-03 16:05,1974-06-04 07:05
WTS,1974-06-04 15:00,1974-06-05 07:00
WTS,1974-06-18 12:30,1974-06-19 07:00
WTS,1974-06-21 21:00,1974-06-25 07:00
WTS,1974-07-05 05:15,1974-07-05 13:00
WTS,1974-07-12 12:30,1974-07-12 17:30
WTS,1974-07-13 06:45,1974-07-14 14:00
WTS,1974-07-18 18:00,1974-07-19 18:00
WTS,1974-08-04 10:15,1974-08-04 13:00
WTS,1974-08-04 19:10,1974-08-05 07:10
WTS,1974-08-11 03:55,1974-08-11 07:55
WTS,1974-08-22 00:00,1974-08-22 13:00
WTS,1974-08-23 09:00,1974-08-23 17:50
WTS,1974-08-24 08:50,1974-08-24 14:50
WTS,1974-08-27 22:30,1974-08-28 06:30
WTS,1974-08-31 06:00,1974-08-31 10:40
WTS,1974-09-03 21:30,1974-09-04 07:30
WTS,1974-09-16 02:00,1974-09-16 08:00
WTS,1974-10-09 17:00,1974-10-10 07:00
WTS,1975-02-07 15:00,1975-02-07 21:00
WTS,1975-03-04 11:00,1975-03-04 23:00
WTS,1975-04-08 08:00,1975-04-08 11:00
WTS,1975-04-13 19:00,1975-04-14 07:00
WTS,1975-04-19 23:00,1975-04-20 06:00
WTS,1975-04-28 09:40,1975-04-29 11:00
WTS,1975-04-30 10:15,1975-04-30 19:00
WTS,1975-05-05 21:00,1975-05-06 07:00
WTS,1975-05-11 06:00,1975-05-12 18:00
WTS,1975-05-13 04:45,1975-05-13 10:45
WTS,1975-05-14 14:30,1975-05-18 07:00
WTS,1975-05-19 04:00,1975-05-19 12:00
WTS,1975-05-19 17:00,1975-05-21 06:40
WTS,1975-05-21 06:40,1975-05-21 12:00
WTS,1975-05-22 02:30,1975-05-22 12:00
WTS,1975-05-22 12:00,1975-05-22 18:00
WTS,1975-05-23 15:30,1975-05-23 21:30
WTS,1975-05-24 12:00,1975-05-24 19:00
WTS,1975-05-27 00:20,1975-05-27 11:00
WTS,1975-05-29 15:00,1975-05-30 07:00
WTS,1975-05-30 15:10,1975-05-30 18:10
WTS,1975-06-01 06:00,1975-06-01 12:00
WTS,1975-06-04 08:35,1975-06-04 12:35
WTS,1975-06-05 06:10,1975-06-05 19:00
WTS,1975-06-05 21:50,1975-06-06 03:50
WTS,1975-06-06 06:00,1975-06-06 12:00
WTS,1975-06-06 12:00,1975-06-07 07:00
WTS,1975-06-07 07:00,1975-06-07 19:00
WTS,1975-06-09 12:00,1975-06-09 19:00
WTS,1975-06-11 14:30,1975-06-11 17:30
WTS,1975-06-12 03:30,1975-06-12 19:00
WTS,1975-06-19 06:20,1975-06-19 16:00
WTS,1975-06-19 18:00,1975-06-20 11:00
WTS,1975-06-28 20:45,1975-06-28 22:45
WTS,1975-06-29 00:00,1975-06-29 11:00
WTS,1975-06-29 11:00,1975-06-30 11:00
WTS,1975-06-30 17:00,1975-07-01 07:00
WTS,1975-07-12 12:00,1975-07-13 16:00
WTS,1975-07-13 16:00,1975-07-13 22:00
WTS,1975-07-14 10:50,1975-07-15 19:00
WTS,1975-07-16 20:30,1975-07-16 23:30
WTS,1975-07-19 13:50,1975-07-20 00:00
WTS,1975-07-20 10:00,1975-07-20 19:00
WTS,1975-07-22 05:50,1975-07-22 19:00
WTS,1975-07-23 05:20,1975-07-23 10:20
WTS,1975-07-24 05:45,1975-07-24 10:45
WTS,1975-08-01 02:30,1975-08-01 11:00
WTS,1975-08-01 11:00,1975-08-01 14:00
WTS,1975-08-03 21:15,1975-08-04 09:15
WTS,1975-08-08 02:30,1975-08-08 16:00
WTS,1975-08-12 06:30,1975-08-12 19:00
WTS,1975-08-20 02:30,1975-08-20 09:00
WTS,1975-08-23 06:30,1975-08-23 22:30
WTS,1975-08-25 19:20,1975-08-26 00:00
WTS,1975-08-26 16:30,1975-08-26 22:30
WTS,1975-08-28 00:00,1975-08-28 10:30
WTS,1975-08-29 15:00,1975-08-29 19:00
WTS,1975-08-30 11:30,1975-08-31 07:00
WTS,1975-09-10 13:25,1975-09-10 16:25
WTS,1975-09-11 10:30,1975-09-11 16:30
WTS,1975-09-11 22:00,1975-09-12 07:00
WTS,1975-09-13 11:00,1975-09-13 19:00
WTS,1975-09-13 19:00,1975-09-14 07:00
WTS,1975-09-16 03:20,1975-09-16 10:20
WTS,1975-09-20 20:15,1975-09-20 22:15
WTS,1975-09-21 23:00,1975-09-22 01:00
WTS,1975-10-11 05:30,1975-10-11 10:30
WTS,1975-10-12 12:00,1975-10-12 16:00
WTS,1975-10-29 09:20,1975-10-29 13:20
WTS,1976-04-09 18:30,1976-04-09 20:30
WTS,1976-04-12 13:30,1976-04-12 19:30
WTS,1976-04-12 19:30,1976-04-13 06:00
WTS,1976-04-13 09:00,1976-04-13 15:00
WTS,1976-04-18 11:00,1976-04-19 08:00
WTS,1976-04-20 14:00,1976-04-20 22:00
WTS,1976-04-30 04:05,1976-04-30 08:05
WTS,1976-04-30 13:00,1976-04-30 17:00
WTS,1976-05-21 18:30,1976-05-21 22:30
WTS,1976-05-22 05:20,1976-05-22 10:20
WTS,1976-05-28 09:30,1976-05-28 13:30
WTS,1976-05-28 22:30,1976-05-29 08:30
WTS,1976-05-29 18:00,1976-05-30 00:00
WTS,1976-05-30 03:00,1976-05-30 07:00
WTS,1976-05-31 15:00,1976-06-01 16:30
WTS,1976-06-02 06:25,1976-06-02 12:25
WTS,1976-06-04 16:20,1976-06-04 20:20
WTS,1976-06-05 09:30,1976-06-05 13:30
WTS,1976-06-09 13:15,1976-06-10 01:10
WTS,1976-06-13 07:20,1976-06-13 13:20
WTS,1976-06-20 13:15,1976-06-20 17:15
WTS,1976-06-21 10:10,1976-06-21 17:10
WTS,1976-06-21 21:30,1976-06-22 03:30
WTS,1976-06-25 22:00,1976-06-26 04:00
WTS,1976-06-29 17:00,1976-06-30 01:00
WTS,1976-07-01 02:30,1976-07-01 06:30
WTS,1976-07-01 22:30,1976-07-02 07:30
WTS,1976-07-02 08:15,1976-07-03 00:15
WTS,1976-07-03 07:00,1976-07-03 11:00
WTS,1976-07-06 07:30,1976-07-06 11:30
WTS,1976-08-01 06:00,1976-08-01 10:00
WTS,1976-08-01 14:15,1976-08-02 10:00
WTS,1976-08-11 00:15,1976-08-11 07:15
WTS,1976-08-12 00:45,1976-08-12 06:45
WTS,1976-08-13 07:15,1976-08-13 13:15
WTS,1976-08-19 13:00,1976-08-19 18:00
WTS,1976-08-24 20:00,1976-08-25 17:00
WTS,1976-08-25 21:00,1976-08-26 06:00
WTS,1977-03-29 19:45,1977-03-29 23:45
WTS,1977-03-30 09:00,1977-03-30 20:00
WTS,1977-04-17 17:00,1977-04-18 00:00
WTS,1977-04-28 11:30,1977-04-28 15:30
WTS,1977-05-14 14:15,1977-05-15 12:00
WTS,1977-05-17 17:00,1977-05-18 00:00
WTS,1977-05-19 04:15,1977-05-19 12:00
WTS,1977-05-20 00:30,1977-05-20 07:30
WTS,1977-05-20 17:00,1977-05-22 00:00
WTS,1977-05-22 05:30,1977-05-22 12:00
WTS,1977-05-24 00:45,1977-05-24 12:00
WTS,1977-05-26 04:15,1977-05-26 08:15
WTS,1977-05-26 18:00,1977-05-27 00:00
WTS,1977-05-27 06:30,1977-05-27 10:30
WTS,1977-05-27 14:00,1977-05-27 20:00
WTS,1977-05-28 03:30,1977-05-29 07:00
WTS,1977-05-30 12:00,1977-05-30 17:00
WTS,1977-05-31 09:00,1977-05-31 14:00
WTS,1977-06-01 12:30,1977-06-01 19:30
WTS,1977-06-03 03:00,1977-06-03 16:15
WTS,1977-06-04 08:00,1977-06-04 10:00
WTS,1977-06-06 22:00,1977-06-07 02:00
WTS,1977-06-14 06:30,1977-06-14 09:30
WTS,1977-06-21 09:30,1977-06-21 15:30
WTS,1977-06-22 10:45,1977-06-23 11:00
WTS,1977-06-23 16:30,1977-06-23 22:30
WTS,1977-06-24 18:00,1977-06-25 00:00
WTS,1977-06-25 01:45,1977-06-25 10:30
WTS,1977-06-25 16:30,1977-06-25 19:30
WTS,1977-06-26 12:30,1977-06-26 16:30
WTS,1977-06-29 10:30,1977-06-29 13:30
WTS,1977-06-29 17:30,1977-06-29 21:30
WTS,1977-06-30 13:15,1977-06-30 16:15
WTS,1977-07-02 08:30,1977-07-02 12:30
WTS,1977-07-03 07:30,1977-07-03 10:30
WTS,1977-07-04 21:50,1977-07-04 23:50
WTS,1977-07-08 05:00,1977-07-08 08:00
WTS,1977-07-14 12:30,1977-07-14 17:30
WTS,1977-07-16 15:30,1977-07-16 17:30
WTS,1977-07-16 18:30,1977-07-16 20:30
WTS,1977-07-17 12:00,1977-07-17 19:00
WTS,1977-07-23 14:30,1977-07-23 19:30
WTS,1977-07-30 13:35,1977-07-30 20:00
WTS,1977-07-31 12:30,1977-07-31 20:00
WTS,1977-08-01 19:00,1977-08-02 16:00
WTS,1977-08-03 03:00,1977-08-03 16:00
WTS,1977-08-10 10:15,1977-08-10 16:00
WTS,1977-08-18 03:00,1977-08-18 07:00
WTS,1977-08-26 13:20,1977-08-26 16:20
WTS,1977-09-05 06:00,1977-09-05 18:00
WTS,1977-09-08 01:00,1977-09-08 03:00
WTS,1977-09-08 19:00,1977-09-09 06:00
WTS,1977-09-29 02:30,1977-09-29 06:30
WTS,1977-09-30 07:00,1977-09-30 10:00
WTS,1977-10-02 08:45,1977-10-02 11:45
WTS,1977-10-03 13:05,1977-10-03 15:05
WTS,1977-10-03 17:15,1977-10-03 21:15
WTS,1977-10-04 11:30,1977-10-04 23:00
WTS,1977-10-05 01:15,1977-10-05 07:15
WTS,1977-10-05 10:30,1977-10-05 12:30
WTS,1977-10-06 04:30,1977-10-06 07:30
WTS,1978-01-16 06:00,1978-01-16 18:00
WTS,1978-03-04 13:30,1978-03-05 00:00
WTS,1978-03-09 06:00,1978-03-09 14:00
WTS,1978-03-10 03:30,1978-03-10 11:30
WTS,1978-03-17 20:00,1978-03-18 08:00
WTS,1978-03-22 12:05,1978-03-22 16:05
WTS,1978-03-30 16:00,1978-03-30 20:00
WTS,1978-03-31 13:00,1978-04-01 06:30
WTS,1978-04-02 12:15,1978-04-02 20:00
WTS,1978-04-04 01:00,1978-04-04 06:00
WTS,1978-04-06 08:00,1978-04-06 21:00
WTS,1978-04-07 18:55,1978-04-08 05:55
WTS,1978-04-08 19:00,1978-04-09 00:00
WTS,1978-04-09 10:00,1978-04-09 13:00
WTS,1978-04-09 16:15,1978-04-10 13:00
WTS,1978-04-15 16:20,1978-04-16 06:15
WTS,1978-04-16 14:30,1978-04-17 06:30
WTS,1978-04-19 16:00,1978-04-19 20:00
WTS,1978-04-25 14:15,1978-04-25 16:15
WTS,1978-04-28 07:00,1978-04-28 16:00
WTS,1978-04-29 14:30,1978-04-30 06:30
WTS,1978-04-30 09:30,1978-05-01 06:30
WTS,1978-05-04 11:30,1978-05-04 13:30
WTS,1978-05-04 19:15,1978-05-05 07:15
WTS,1978-05-05 12:20,1978-05-05 15:20
WTS,1978-05-20 14:30,1978-05-20 19:30
WTS,1978-05-21 23:45,1978-05-22 10:30
WTS,1978-05-23 00:00,1978-05-23 06:00
WTS,1978-05-24 12:15,1978-05-25 06:00
WTS,1978-05-28 13:40,1978-05-28 15:40
WTS,1978-06-01 18:00,1978-06-02 00:00
WTS,1978-06-02 06:00,1978-06-02 10:00
WTS,1978-06-06 08:10,1978-06-06 11:10
WTS,1978-06-06 20:45,1978-06-07 09:45
WTS,1978-06-07 17:00,1978-06-08 11:00
WTS,1978-06-16 02:05,1978-06-16 06:05
WTS,1978-06-16 09:15,1978-06-16 11:15
WTS,1978-06-16 22:00,1978-06-17 05:00
WTS,1978-06-19 13:30,1978-06-19 16:30
WTS,1978-06-22 06:00,1978-06-23 00:00
WTS,1978-06-23 02:10,1978-06-23 07:10
WTS,1978-07-17 15:00,1978-07-17 18:00
WTS,1978-07-21 12:15,1978-07-21 16:15
WTS,1978-07-23 11:50,1978-07-24 00:00
WTS,1978-07-25 00:10,1978-07-25 06:10
WTS,1978-08-04 11:20,1978-08-04 15:20
WTS,1978-08-05 13:35,1978-08-05 23:00
WTS,1978-08-09 09:55,1978-08-09 15:00
WTS,1978-08-18 22:20,1978-08-19 02:20
WTS,1978-08-19 13:15,1978-08-19 16:15
WTS,1978-08-20 04:30,1978-08-20 12:00
WTS,1978-08-20 21:00,1978-08-22 13:30
WTS,1978-08-22 23:00,1978-08-23 07:00
WTS,1978-08-23 14:30,1978-08-23 17:30
WTS,1978-08-29 15:15,1978-08-30 05:15
WTS,1978-09-08 04:00,1978-09-08 07:00
WTS,1978-09-10 03:00,1978-09-10 07:00
WTS,1978-09-10 14:10,1978-09-11 06:00
WTS,1978-09-15 14:45,1978-09-15 21:45
WTS,1978-09-19 02:00,1978-09-19 08:00
WTS,1978-09-20 02:20,1978-09-20 10:00
WTS,1978-09-21 18:00,1978-09-21 21:00
WTS,1978-09-21 23:30,1978-09-22 07:30
WTS,1978-09-26 06:00,1978-09-26 11:00
WTS,1978-09-26 16:45,1978-09-27 07:00
WTS,1978-09-27 17:45,1978-09-27 21:45
WTS,1978-09-27 23:00,1978-09-28 08:00
WTS,1978-10-05 02:00,1978-10-05 06:00
WTS,1978-11-10 22:50,1978-11-11 10:50
WTS,1979-03-20 11:30,1979-03-20 14:30
WTS,1979-03-22 14:00,1979-03-23 06:00
WTS,1979-03-23 23:00,1979-03-24 09:00
WTS,1979-03-26 00:15,1979-03-26 05:15
WTS,1979-04-02 07:50,1979-04-04 07:30
WTS,1979-04-04 23:15,1979-04-05 08:15
WTS,1979-04-10 16:15,1979-04-11 07:15
WTS,1979-04-19 14:30,1979-04-19 23:00
WTS,1979-04-29 14:00,1979-04-29 19:00
WTS,1979-05-01 22:00,1979-05-02 06:00
WTS,1979-05-13 08:00,1979-05-13 20:00
WTS,1979-05-13 23:45,1979-05-15 21:00
WTS,1979-05-23 01:00,1979-05-23 08:00
WTS,1979-05-24 06:00,1979-05-24 10:00
WTS,1979-05-27 22:30,1979-05-29 14:00
WTS,1979-06-07 07:45,1979-06-07 10:45
WTS,1979-06-07 14:20,1979-06-08 07:20
WTS,1979-06-08 17:50,1979-06-11 17:00
WTS,1979-06-28 13:20,1979-06-28 19:30
WTS,1979-06-29 10:00,1979-06-29 17:00
WTS,1979-06-30 08:30,1979-06-30 11:30
WTS,1979-07-01 09:15,1979-07-01 12:15
WTS,1979-07-31 21:00,1979-08-01 07:00
WTS,1979-08-04 10:15,1979-08-04 14:15
WTS,1979-08-09 15:45,1979-08-10 00:00
WTS,1979-08-12 14:00,1979-08-12 16:00
WTS,1979-08-16 16:30,1979-08-16 20:30
WTS,1979-08-17 11:15,1979-08-17 15:15
WTS,1979-08-17 17:50,1979-08-17 21:50
WTS,1979-08-18 05:30,1979-08-18 11:30
WTS,1979-08-18 20:25,1979-08-19 00:25
WTS,1979-08-19 04:30,1979-08-19 16:00
WTS,1979-08-20 05:30,1979-08-20 16:30
WTS,1979-08-21 16:10,1979-08-22 00:00
WTS,1979-08-23 11:35,1979-08-24 00:00
WTS,1979-08-24 06:50,1979-08-24 11:50
WTS,1979-08-24 16:00,1979-08-24 22:00
WTS,1979-08-25 06:30,1979-08-25 10:30
WTS,1979-08-26 12:15,1979-08-26 14:15
WTS,1979-08-28 15:15,1979-08-28 21:15
WTS,1979-08-29 14:00,1979-08-29 16:00
WTS,1979-08-29 17:15,1979-08-29 19:15
WTS,1979-08-29 20:05,1979-08-30 15:00
WTS,1979-08-31 14:10,1979-09-01 12:00
WTS,1979-09-02 03:10,1979-09-02 07:10
WTS,1979-09-02 11:45,1979-09-02 20:45
WTS,1979-09-05 07:30,1979-09-05 09:30
WTS,1979-09-05 13:40,1979-09-05 16:40
WTS,1979-09-05 17:45,1979-09-05 20:45
WTS,1979-09-06 06:05,1979-09-06 12:05
WTS,1979-09-09 14:30,1979-09-09 18:30
WTS,1979-09-09 20:00,1979-09-10 07:00
WTS,1979-09-10 11:40,1979-09-10 19:40
WTS,1979-09-11 03:30,1979-09-11 09:30
WTS,1979-09-11 09:30,1979-09-11 12:30
WTS,1979-09-12 03:00,1979-09-12 17:00
WTS,1980-02-23 06:10,1980-02-23 16:00
WTS,1980-02-25 06:15,1980-02-25 12:15
WTS,1980-02-26 08:15,1980-02-26 17:00
WTS,1980-02-27 03:15,1980-02-27 09:15
WTS,1980-03-03 17:00,1980-03-04 11:00
WTS,1980-03-05 11:40,1980-03-05 16:40
WTS,1980-03-06 04:10,1980-03-07 07:00
WTS,1980-04-09 21:00,1980-04-10 07:00
WTS,1980-04-12 13:45,1980-04-14 06:00
WTS,1980-04-21 12:40,1980-04-22 10:00
WTS,1980-04-22 15:30,1980-04-23 06:00
WTS,1980-04-23 15:00,1980-04-24 06:00
WTS,1980-04-24 17:00,1980-04-24 23:00
WTS,1980-04-25 11:30,1980-04-25 20:30
WTS,1980-04-26 18:45,1980-04-27 00:45
WTS,1980-04-30 19:15,1980-04-30 23:15
WTS,1980-05-03 13:25,1980-05-05 09:00
WTS,1980-05-06 08:45,1980-05-07 13:00
WTS,1980-05-07 19:00,1980-05-08 12:00
WTS,1980-05-08 12:00,1980-05-08 18:00
WTS,1980-05-15 14:15,1980-05-16 07:00
WTS,1980-05-26 07:30,1980-05-26 15:30
WTS,1980-05-30 09:30,1980-05-31 18:00
WTS,1980-06-01 09:00,1980-06-01 14:00
WTS,1980-06-01 14:00,1980-06-01 21:00
WTS,1980-06-03 15:30,1980-06-03 19:30
WTS,1980-06-28 19:50,1980-06-29 06:50
WTS,1980-06-29 08:45,1980-06-29 23:00
WTS,1980-07-12 08:10,1980-07-12 23:00
WTS,1980-07-13 01:40,1980-07-14 23:00
WTS,1980-07-23 11:00,1980-07-23 23:00
WTS,1980-07-28 07:30,1980-07-28 13:30
WTS,1980-08-05 12:30,1980-08-06 10:00
WTS,1980-08-06 16:10,1980-08-08 10:00
WTS,1980-08-09 04:25,1980-08-09 15:00
WTS,1980-08-19 22:10,1980-08-20 06:10
WTS,1980-08-20 09:10,1980-08-21 06:00
WTS,1980-08-22 15:40,1980-08-22 20:40
WTS,1980-08-22 22:00,1980-08-23 10:00
WTS,1980-08-27 13:45,1980-08-27 19:45
WTS,1980-08-29 11:20,1980-08-29 16:20
WTS,1980-08-30 11:45,1980-08-30 19:45
WTS,1980-09-01 04:15,1980-09-03 11:00
WTS,1980-09-05 06:45,1980-09-05 15:30
WTS,1980-09-05 18:40,1980-09-06 05:40
WTS,1980-09-07 15:10,1980-09-07 17:10
WTS,1980-09-22 14:10,1980-09-23 12:00
WTS,1980-09-23 17:40,1980-09-24 05:40
WTS,1980-10-18 15:00,1980-10-19 07:00
WTS,1980-10-24 11:45,1980-10-24 16:45
WTS,1981-03-15 03:15,1981-03-15 20:00
WTS,1981-03-17 10:30,1981-03-18 08:00
WTS,1981-03-18 12:15,1981-03-20 12:00
WTS,1981-03-22 01:40,1981-03-23 07:00
WTS,1981-03-30 10:30,1981-03-30 14:30
WTS,1981-04-09 14:30,1981-04-10 06:30
WTS,1981-04-10 12:30,1981-04-10 16:30
WTS,1981-04-10 22:00,1981-04-11 07:00
WTS,1981-04-12 15:00,1981-04-12 20:00
WTS,1981-04-14 17:30,1981-04-15 10:00
WTS,1981-04-19 16:20,1981-04-20 10:30
WTS,1981-04-23 12:40,1981-04-23 16:40
WTS,1981-04-23 17:00,1981-04-23 19:00
WTS,1981-04-25 14:30,1981-04-25 18:30
WTS,1981-04-29 14:30,1981-04-29 20:30
WTS,1981-05-10 11:00,1981-05-11 12:00
WTS,1981-05-11 13:40,1981-05-11 23:00
WTS,1981-05-15 15:20,1981-05-15 19:20
WTS,1981-05-15 20:15,1981-05-15 23:15
WTS,1981-05-31 00:45,1981-05-31 10:15
WTS,1981-05-31 20:55,1981-06-01 06:55
WTS,1981-06-01 22:00,1981-06-02 06:00
WTS,1981-06-30 12:30,1981-07-01 16:00
WTS,1981-07-17 18:30,1981-07-19 07:00
WTS,1981-07-20 22:10,1981-07-21 14:15
WTS,1981-07-21 20:30,1981-07-22 16:00
WTS,1981-07-23 08:45,1981-07-24 07:00
WTS,1981-07-24 18:00,1981-07-25 07:00
WTS,1981-07-25 12:45,1981-07-26 06:00
WTS,1981-07-26 09:30,1981-07-26 19:00
WTS,1981-07-27 04:15,1981-07-27 16:15
WTS,1981-07-28 12:00,1981-07-28 19:00
WTS,1981-08-01 15:30,1981-08-01 21:30
WTS,1981-08-02 04:15,1981-08-02 16:00
WTS,1981-08-16 08:40,1981-08-16 15:40
WTS,1981-08-27 04:40,1981-08-27 19:00
WTS,1981-08-27 22:40,1981-08-28 07:40
WTS,1981-08-31 02:15,1981-08-31 10:00
WTS,1981-08-31 23:15,1981-09-01 07:15
WTS,1981-09-01 22:50,1981-09-02 05:50
WTS,1981-09-03 06:00,1981-09-03 19:00
WTS,1981-09-04 02:15,1981-09-05 16:00
WTS,1981-09-05 21:00,1981-09-06 06:00
WTS,1981-09-14 19:30,1981-09-14 23:30
WTS,1981-09-29 02:00,1981-09-29 14:00
WTS,1981-10-19 03:00,1981-10-19 07:00
WTS,1982-02-27 21:15,1982-02-28 03:15
WTS,1982-02-28 07:30,1982-02-28 15:30
WTS,1982-03-01 01:40,1982-03-01 07:40
WTS,1982-03-01 11:10,1982-03-01 17:10
WTS,1982-04-02 12:30,1982-04-02 23:30
WTS,1982-04-03 18:00,1982-04-04 00:00
WTS,1982-04-22 18:40,1982-04-23 07:00
WTS,1982-04-23 10:00,1982-04-23 20:00
WTS,1982-04-24 07:20,1982-04-25 20:00
WTS,1982-04-26 17:15,1982-04-27 07:00
WTS,1982-04-27 10:00,1982-04-27 14:00
WTS,1982-04-27 16:30,1982-04-27 21:30
WTS,1982-04-27 23:15,1982-04-28 07:15
WTS,1982-04-28 10:20,1982-04-28 20:20
WTS,1982-04-28 23:30,1982-04-29 05:30
WTS,1982-04-29 15:25,1982-04-29 21:25
WTS,1982-04-30 11:15,1982-04-30 15:15
WTS,1982-05-01 06:30,1982-05-01 09:30
WTS,1982-05-01 13:45,1982-05-01 19:45
WTS,1982-05-02 15:00,1982-05-02 21:00
WTS,1982-05-02 21:00,1982-05-03 07:00
WTS,1982-05-06 10:15,1982-05-07 10:00
WTS,1982-05-09 13:05,1982-05-09 19:05
WTS,1982-05-19 22:05,1982-05-20 04:05
WTS,1982-05-28 10:45,1982-05-28 23:00
WTS,1982-05-29 00:15,1982-05-30 07:00
WTS,1982-05-30 14:00,1982-05-30 20:00
WTS,1982-05-31 03:15,1982-06-01 06:00
WTS,1982-06-02 08:30,1982-06-02 17:30
WTS,1982-06-08 12:30,1982-06-08 16:30
WTS,1982-06-09 05:20,1982-06-09 09:20
WTS,1982-06-09 12:35,1982-06-10 07:00
WTS,1982-06-21 05:30,1982-06-21 09:30
WTS,1982-06-22 22:00,1982-06-23 22:00
WTS,1982-07-02 02:25,1982-07-02 12:00
WTS,1982-07-02 23:45,1982-07-03 12:00
WTS,1982-07-04 00:10,1982-07-04 12:00
WTS,1982-07-04 17:20,1982-07-05 07:20
WTS,1982-07-05 11:50,1982-07-05 21:00
WTS,1982-07-06 03:00,1982-07-06 12:00
WTS,1982-07-07 11:05,1982-07-08 05:00
WTS,1982-07-13 08:10,1982-07-13 11:10
WTS,1982-07-30 21:00,1982-07-31 16:00
WTS,1982-07-31 23:30,1982-08-01 07:30
WTS,1982-08-01 08:55,1982-08-01 21:00
WTS,1982-08-03 08:10,1982-08-04 01:00
WTS,1982-08-07 10:40,1982-08-08 11:00
WTS,1982-08-09 14:40,1982-08-09 18:40
WTS,1982-08-10 04:20,1982-08-10 07:20
WTS,1982-08-13 13:00,1982-08-13 17:00
WTS,1982-08-14 16:10,1982-08-14 19:10
WTS,1982-08-15 15:10,1982-08-16 21:00
WTS,1982-08-16 23:00,1982-08-17 14:00
WTS,1982-08-17 21:00,1982-08-18 18:00
WTS,1982-08-19 03:45,1982-08-19 10:00
WTS,1982-08-19 22:50,1982-08-20 06:50
WTS,1982-08-20 11:45,1982-08-20 13:45
WTS,1982-09-01 22:55,1982-09-02 04:55
WTS,1982-09-07 22:10,1982-09-08 08:10
WTS,1982-09-09 21:00,1982-09-09 23:00
WTS,1982-09-16 21:00,1982-09-17 05:00
WTS,1982-09-21 12:50,1982-09-21 16:50
WTS,1982-09-21 18:00,1982-09-21 23:00
WTS,1982-09-22 22:10,1982-09-23 07:10
WTS,1982-09-25 11:35,1982-09-25 15:35
WTS,1982-09-30 11:10,1982-09-30 18:10
WTS,1982-10-03 16:15,1982-10-04 06:00
WTS,1982-10-05 05:18,1982-10-05 08:18
WTS,1982-10-05 18:00,1982-10-05 23:00
WTS,1982-11-05 11:30,1982-11-05 15:30
WTS,1982-11-06 21:35,1982-11-07 06:35
WTS,1983-02-11 07:15,1983-02-11 18:00
WTS,1983-02-11 19:15,1983-02-12 10:00
WTS,1983-02-12 17:40,1983-02-13 08:00
WTS,1983-02-15 17:20,1983-02-16 07:00
WTS,1983-02-24 13:30,1983-02-24 16:30
WTS,1983-02-25 04:00,1983-02-25 08:00
WTS,1983-02-26 08:45,1983-02-26 10:45
WTS,1983-02-26 18:20,1983-02-26 22:20
WTS,1983-03-01 04:40,1983-03-01 12:10
WTS,1983-03-01 14:00,1983-03-01 17:00
WTS,1983-03-01 17:35,1983-03-02 10:00
WTS,1983-03-02 11:00,1983-03-02 20:30
WTS,1983-03-12 07:15,1983-03-12 11:15
WTS,1983-03-12 14:00,1983-03-12 17:00
WTS,1983-03-14 15:15,1983-03-14 18:15
WTS,1983-03-15 15:05,1983-03-16 10:05
WTS,1983-03-17 13:45,1983-03-17 17:45
WTS,1983-03-19 16:30,1983-03-19 20:30
WTS,1983-03-19 20:35,1983-03-20 06:00
WTS,1983-03-25 10:00,1983-03-26 06:00
WTS,1983-03-26 14:45,1983-03-26 19:30
WTS,1983-03-27 01:00,1983-03-27 17:00
WTS,1983-03-27 18:10,1983-03-27 23:10
WTS,1983-03-27 23:10,1983-03-28 07:10
WTS,1983-03-28 14:40,1983-03-28 17:40
WTS,1983-04-05 16:45,1983-04-05 20:45
WTS,1983-04-06 04:00,1983-04-06 08:00
WTS,1983-04-07 02:00,1983-04-07 08:00
WTS,1983-04-07 13:00,1983-04-08 20:00
WTS,1983-04-08 20:50,1983-04-08 22:50
WTS,1983-04-16 18:20,1983-04-16 22:20
WTS,1983-04-16 22:20,1983-04-17 07:00
WTS,1983-05-06 12:00,1983-05-06 16:00
WTS,1983-05-09 11:50,1983-05-09 15:50
WTS,1983-05-12 13:30,1983-05-12 21:30
WTS,1983-05-15 03:50,1983-05-15 06:50
WTS,1983-05-15 08:00,1983-05-15 16:00
WTS,1983-05-20 04:40,1983-05-21 00:00
WTS,1983-05-23 09:00,1983-05-23 13:00
WTS,1983-05-24 06:45,1983-05-24 14:45
WTS,1983-05-26 08:05,1983-05-26 12:05
WTS,1983-05-27 01:05,1983-05-27 10:05
WTS,1983-05-27 23:35,1983-05-28 06:35
WTS,1983-05-28 09:20,1983-05-28 13:20
WTS,1983-05-29 03:10,1983-05-29 06:10
WTS,1983-06-03 14:50,1983-06-03 22:50
WTS,1983-06-16 23:00,1983-06-17 23:00
WTS,1983-06-19 08:45,1983-06-19 12:45
WTS,1983-07-16 21:30,1983-07-17 05:15
WTS,1983-07-27 04:00,1983-07-27 12:00
WTS,1983-07-28 07:05,1983-07-28 10:05
WTS,1983-08-02 05:15,1983-08-02 11:15
WTS,1983-08-02 13:15,1983-08-02 16:15
WTS,1983-08-03 09:40,1983-08-03 12:40
WTS,1983-08-14 13:05,1983-08-14 16:05
WTS,1983-08-15 05:00,1983-08-15 13:00
WTS,1983-08-16 06:30,1983-08-16 09:30
WTS,1983-08-17 02:15,1983-08-17 06:15
WTS,1983-08-19 04:00,1983-08-20 06:00
WTS,1983-08-21 08:52,1983-08-21 19:00
WTS,1983-08-22 01:25,1983-08-22 10:00
WTS,1983-08-22 22:15,1983-08-23 05:15
WTS,1983-08-23 20:15,1983-08-24 14:15
WTS,1983-08-31 05:00,1983-08-31 09:00
WTS,1983-08-31 10:05,1983-08-31 13:05
WTS,1983-09-03 11:40,1983-09-03 14:40
WTS,1983-09-07 13:45,1983-09-07 15:45
WTS,1983-09-08 10:15,1983-09-08 14:15
WTS,1983-09-11 15:40,1983-09-11 23:00
WTS,1983-09-12 13:00,1983-09-12 15:00
WTS,1983-09-20 12:30,1983-09-20 16:30
WTS,1983-09-24 17:45,1983-09-24 19:45
WTS,1983-10-03 05:30,1983-10-03 12:30
WTS,1984-03-19 13:35,1984-03-19 17:35
WTS,1984-04-17 10:00,1984-04-17 18:00
WTS,1984-04-18 19:00,1984-04-18 23:00
WTS,1984-04-21 06:10,1984-04-21 14:00
WTS,1984-04-21 17:00,1984-04-21 21:00
WTS,1984-04-27 16:00,1984-04-28 04:00
WTS,1984-05-04 08:00,1984-05-04 16:00
WTS,1984-05-14 03:00,1984-05-14 05:00
WTS,1984-05-14 14:20,1984-05-14 19:00
WTS,1984-05-14 21:00,1984-05-15 07:00
WTS,1984-05-16 06:00,1984-05-16 12:00
WTS,1984-05-17 05:50,1984-05-18 08:00
WTS,1984-05-18 15:55,1984-05-19 08:00
WTS,1984-05-19 14:00,1984-05-19 16:00
WTS,1984-05-28 07:45,1984-05-28 11:45
WTS,1984-05-29 06:15,1984-05-29 10:15
WTS,1984-05-30 04:00,1984-05-30 12:00
WTS,1984-06-02 13:30,1984-06-02 19:00
WTS,1984-06-03 12:30,1984-06-03 14:30
WTS,1984-06-03 16:40,1984-06-03 20:35
WTS,1984-06-04 03:15,1984-06-04 11:15
WTS,1984-06-04 12:15,1984-06-05 08:00
WTS,1984-06-05 11:30,1984-06-05 16:30
WTS,1984-06-16 01:15,1984-06-16 12:15
WTS,1984-06-28 11:30,1984-06-28 14:30
WTS,1984-07-03 04:25,1984-07-03 11:25
WTS,1984-07-31 23:45,1984-08-01 03:45
WTS,1984-08-01 13:05,1984-08-01 17:05
WTS,1984-08-04 05:15,1984-08-04 09:15
WTS,1984-08-09 23:50,1984-08-10 03:50
WTS,1984-08-13 17:30,1984-08-13 19:30
WTS,1984-08-14 16:15,1984-08-14 18:15
WTS,1984-08-15 00:45,1984-08-15 02:45
WTS,1984-08-15 15:50,1984-08-15 19:50
WTS,1984-08-26 10:45,1984-08-26 14:45
WTS,1984-08-27 02:45,1984-08-27 06:45
WTS,1984-08-27 12:00,1984-08-27 16:00
WTS,1984-09-12 07:20,1984-09-12 09:20
WTS,1984-09-12 09:25,1984-09-12 11:25
WTS,1984-09-13 00:00,1984-09-13 06:00
WTS,1984-09-16 05:10,1984-09-16 08:10
WTS,1984-09-16 10:35,1984-09-16 14:35
WTS,1984-09-17 06:00,1984-09-17 09:00
WTS,1984-09-18 07:45,1984-09-18 10:45
WTS,1984-09-18 17:00,1984-09-18 20:00
WTS,1984-09-20 05:00,1984-09-20 07:00
WTS,1984-09-20 08:00,1984-09-20 10:00
WTS,1984-09-20 10:25,1984-09-20 12:25
WTS,1984-09-22 16:45,1984-09-22 17:45
WTS,1984-10-04 14:30,1984-10-04 15:30
WTS,1985-02-07 12:30,1985-02-07 16:30
WTS,1985-02-07 20:40,1985-02-08 21:00
WTS,1985-02-09 02:30,1985-02-09 08:30
WTS,1985-03-29 03:30,1985-03-29 10:30
WTS,1985-03-29 11:55,1985-03-29 15:55
WTS,1985-04-08 20:20,1985-04-08 23:20
WTS,1985-04-09 09:30,1985-04-09 17:00
WTS,1985-04-09 18:05,1985-04-09 22:05
WTS,1985-04-10 10:40,1985-04-10 14:40
WTS,1985-04-10 16:20,1985-04-11 08:20
WTS,1985-04-11 21:50,1985-04-12 06:50
WTS,1985-04-12 13:00,1985-04-12 17:00
WTS,1985-04-12 21:00,1985-04-13 07:00
WTS,1985-04-13 11:00,1985-04-13 16:00
WTS,1985-04-14 02:00,1985-04-14 07:00
WTS,1985-04-19 22:15,1985-04-20 02:15
WTS,1985-05-21 09:00,1985-05-21 12:00
WTS,1985-05-27 23:00,1985-05-28 07:00
WTS,1985-05-28 07:00,1985-05-28 11:00
WTS,1985-05-30 23:00,1985-05-31 07:00
WTS,1985-05-31 07:15,1985-05-31 09:15
WTS,1985-05-31 09:15,1985-05-31 13:15
WTS,1985-05-31 13:15,1985-05-31 17:00
WTS,1985-05-31 17:00,1985-05-31 23:00
WTS,1985-06-07 11:00,1985-06-07 15:00
WTS,1985-06-13 05:00,1985-06-13 07:00
WTS,1985-06-25 02:10,1985-06-25 06:10
WTS,1985-06-25 23:50,1985-06-26 09:00
WTS,1985-06-26 16:30,1985-06-26 19:30
WTS,1985-06-27 01:50,1985-06-27 04:50
WTS,1985-06-29 15:30,1985-06-29 18:30
WTS,1985-07-08 00:30,1985-07-08 03:30
WTS,1985-07-08 17:00,1985-07-08 19:00
WTS,1985-07-08 20:30,1985-07-08 23:30
WTS,1985-07-09 02:00,1985-07-09 09:00
WTS,1985-07-18 04:00,1985-07-18 06:00
WTS,1985-07-18 07:10,1985-07-18 11:10
WTS,1985-07-18 12:55,1985-07-18 16:55
WTS,1985-07-19 03:05,1985-07-19 06:05
WTS,1985-07-19 09:30,1985-07-19 18:30
WTS,1985-07-20 02:00,1985-07-20 14:00
WTS,1985-07-23 06:00,1985-07-23 08:00
WTS,1985-07-26 09:30,1985-07-26 16:00
WTS,1985-07-27 11:20,1985-07-27 17:20
WTS,1985-07-30 12:55,1985-07-30 15:55
WTS,1985-07-30 23:05,1985-07-31 06:05
WTS,1985-08-03 05:05,1985-08-03 08:05
WTS,1985-08-03 13:25,1985-08-03 15:25
WTS,1985-08-14 12:35,1985-08-14 17:35
WTS,1985-08-15 12:20,1985-08-15 15:20
WTS,1985-08-16 03:00,1985-08-16 07:00
WTS,1985-08-16 10:15,1985-08-16 18:15
WTS,1985-08-18 17:00,1985-08-18 19:00
WTS,1985-08-19 14:45,1985-08-19 18:45
WTS,1985-08-20 22:50,1985-08-21 07:00
WTS,1985-08-21 19:40,1985-08-22 06:40
WTS,1985-08-25 09:00,1985-08-25 16:00
WTS,1985-08-25 21:10,1985-08-26 10:10
WTS,1985-08-26 15:00,1985-08-26 18:00
WTS,1985-08-28 13:00,1985-08-28 16:00
WTS,1985-08-29 07:15,1985-08-29 09:15
WTS,1985-09-04 16:30,1985-09-04 19:30
WTS,1985-09-09 16:15,1985-09-09 19:15
WTS,1985-09-10 17:25,1985-09-10 20:25
WTS,1985-09-19 12:25,1985-09-19 13:25
WTS,1985-09-20 08:50,1985-09-20 12:50
WTS,1985-09-25 02:45,1985-09-25 05:45
WTS,1985-09-29 05:10,1985-09-29 07:10
WTS,1986-02-18 07:35,1986-02-18 09:35
WTS,1986-03-27 21:30,1986-03-27 23:30
WTS,1986-03-28 03:45,1986-03-28 04:45
WTS,1986-03-28 13:15,1986-03-28 16:15
WTS,1986-04-20 12:40,1986-04-20 14:40
WTS,1986-04-20 23:00,1986-04-21 14:00
WTS,1986-04-22 06:00,1986-04-22 08:00
WTS,1986-05-02 16:05,1986-05-02 20:05
WTS,1986-05-03 01:05,1986-05-03 05:05
WTS,1986-05-06 12:50,1986-05-06 20:50
WTS,1986-05-11 10:50,1986-05-12 08:00
WTS,1986-05-13 19:00,1986-05-13 22:00
WTS,1986-05-14 04:00,1986-05-14 09:00
WTS,1986-05-30 23:20,1986-05-31 02:20
WTS,1986-06-03 09:00,1986-06-03 11:00
WTS,1986-06-04 01:30,1986-06-04 07:30
WTS,1986-06-04 12:00,1986-06-04 16:00
WTS,1986-06-06 06:30,1986-06-06 13:30
WTS,1986-06-06 18:30,1986-06-06 23:30
WTS,1986-06-07 05:30,1986-06-07 10:30
WTS,1986-06-13 00:50,1986-06-13 04:50
WTS,1986-06-13 14:35,1986-06-13 16:35
WTS,1986-06-17 17:00,1986-06-17 21:00
WTS,1986-06-18 14:05,1986-06-18 16:05
WTS,1986-06-18 21:30,1986-06-18 23:30
WTS,1986-06-26 08:45,1986-06-26 14:45
WTS,1986-07-03 10:40,1986-07-03 17:40
WTS,1986-07-04 04:30,1986-07-04 11:30
WTS,1986-07-07 03:00,1986-07-07 05:00
WTS,1986-07-07 05:40,1986-07-07 09:40
WTS,1986-07-08 13:50,1986-07-08 17:50
WTS,1986-07-10 17:35,1986-07-11 06:00
WTS,1986-07-14 03:30,1986-07-14 06:30
WTS,1986-07-20 08:00,1986-07-20 10:00
WTS,1986-07-21 14:10,1986-07-21 18:10
WTS,1986-07-31 14:30,1986-07-31 16:30
WTS,1986-07-31 18:40,1986-07-31 20:40
WTS,1986-08-01 12:10,1986-08-01 18:10
WTS,1986-08-01 20:30,1986-08-01 22:30
WTS,1986-08-02 14:30,1986-08-02 18:30
WTS,1986-08-05 14:20,1986-08-05 16:20
WTS,1986-08-06 14:50,1986-08-06 18:50
WTS,1986-08-09 22:05,1986-08-10 06:15
WTS,1986-08-11 13:30,1986-08-11 17:30
WTS,1986-08-11 22:05,1986-08-11 23:05
WTS,1986-08-15 14:40,1986-08-15 16:40
WTS,1986-08-16 19:30,1986-08-16 22:30
WTS,1986-08-17 16:45,1986-08-17 18:45
WTS,1986-08-21 20:00,1986-08-21 22:00
WTS,1986-08-22 11:10,1986-08-22 14:10
WTS,1986-08-23 08:30,1986-08-23 14:30
WTS,1986-08-30 01:50,1986-08-30 05:50
WTS,1986-08-30 09:05,1986-08-30 11:05
WTS,1986-08-30 15:45,1986-08-30 17:45
WTS,1986-09-01 11:50,1986-09-01 12:50
WTS,1986-09-01 18:50,1986-09-01 23:00
WTS,1986-09-03 00:30,1986-09-03 05:30
WTS,1986-09-03 17:30,1986-09-04 08:00
WTS,1986-09-06 20:30,1986-09-06 23:30
WTS,1986-09-08 14:40,1986-09-08 16:40
WTS,1986-09-08 20:30,1986-09-08 22:30
WTS,1986-09-16 13:25,1986-09-16 20:25
WTS,1986-09-28 13:15,1986-09-28 17:00
WTS,1986-10-28 12:25,1986-10-28 14:25
WTS,1987-03-16 05:00,1987-03-16 10:00
WTS,1987-03-16 11:20,1987-03-16 16:20
WTS,1987-03-17 00:00,1987-03-17 06:00
WTS,1987-03-17 07:20,1987-03-17 16:20
WTS,1987-03-18 05:20,1987-03-18 11:20
WTS,1987-03-21 10:00,1987-03-21 12:00
WTS,1987-03-25 01:20,1987-03-25 06:20
WTS,1987-04-05 15:00,1987-04-06 06:00
WTS,1987-04-06 08:00,1987-04-06 19:00
WTS,1987-04-06 21:45,1987-04-07 06:00
WTS,1987-04-07 09:30,1987-04-07 15:30
WTS,1987-04-12 07:10,1987-04-12 11:00
WTS,1987-05-03 08:00,1987-05-03 12:00
WTS,1987-05-07 16:00,1987-05-07 19:00
WTS,1987-05-07 23:35,1987-05-08 05:35
WTS,1987-05-08 07:55,1987-05-08 13:55
WTS,1987-05-08 15:30,1987-05-08 17:30
WTS,1987-05-16 06:20,1987-05-17 07:00
WTS,1987-05-20 03:30,1987-05-20 08:30
WTS,1987-05-20 13:45,1987-05-20 15:45
WTS,1987-05-21 04:35,1987-05-21 15:30
WTS,1987-05-22 00:40,1987-05-22 12:00
WTS,1987-05-22 13:00,1987-05-22 17:00
WTS,1987-05-22 19:10,1987-05-23 05:10
WTS,1987-05-23 06:35,1987-05-23 12:35
WTS,1987-05-25 14:30,1987-05-25 18:30
WTS,1987-05-26 07:15,1987-05-26 12:15
WTS,1987-05-27 02:00,1987-05-27 09:00
WTS,1987-05-27 09:40,1987-05-27 19:00
WTS,1987-05-31 12:00,1987-05-31 14:00
WTS,1987-06-01 17:30,1987-06-01 21:30
WTS,1987-06-04 08:25,1987-06-04 17:30
WTS,1987-06-05 02:10,1987-06-05 14:00
WTS,1987-06-06 08:00,1987-06-06 10:00
WTS,1987-06-07 08:00,1987-06-07 12:00
WTS,1987-07-05 10:30,1987-07-05 12:30
WTS,1987-07-07 15:00,1987-07-07 17:00
WTS,1987-07-08 11:45,1987-07-08 13:45
WTS,1987-07-09 00:20,1987-07-09 06:20
WTS,1987-07-09 20:30,1987-07-09 22:30
WTS,1987-07-14 02:05,1987-07-14 05:05
WTS,1987-07-14 13:05,1987-07-14 19:00
WTS,1987-07-16 03:30,1987-07-16 06:30
WTS,1987-07-16 13:00,1987-07-16 15:00
WTS,1987-07-19 05:00,1987-07-19 07:00
WTS,1987-07-21 23:35,1987-07-22 05:35
WTS,1987-07-22 07:50,1987-07-23 16:30
WTS,1987-07-24 04:40,1987-07-24 07:40
WTS,1987-07-24 10:00,1987-07-24 12:00
WTS,1987-07-25 04:45,1987-07-25 13:45
WTS,1987-07-25 23:25,1987-07-26 05:25
WTS,1987-07-26 07:00,1987-07-26 12:00
WTS,1987-07-26 20:20,1987-07-26 21:20
WTS,1987-07-27 14:25,1987-07-27 17:25
WTS,1987-07-28 00:15,1987-07-28 16:30
WTS,1987-07-28 19:30,1987-07-29 12:00
WTS,1987-07-29 15:00,1987-07-31 07:00
WTS,1987-07-31 19:15,1987-07-31 23:15
WTS,1987-08-15 06:45,1987-08-15 08:45
WTS,1987-08-15 16:55,1987-08-15 18:55
WTS,1987-08-16 05:48,1987-08-16 08:00
WTS,1987-08-16 17:35,1987-08-16 19:35
WTS,1987-08-17 01:00,1987-08-17 08:00
WTS,1987-08-20 12:00,1987-08-20 17:00
WTS,1987-08-22 02:00,1987-08-22 05:00
WTS,1987-08-22 15:00,1987-08-22 16:00
WTS,1987-08-23 19:10,1987-08-23 20:10
WTS,1987-08-29 19:00,1987-08-29 22:00
WTS,1987-08-30 16:20,1987-08-30 18:20
WTS,1987-08-31 09:20,1987-08-31 12:20
WTS,1987-09-01 07:30,1987-09-01 09:30
WTS,1987-09-02 00:24,1987-09-02 07:24
WTS,1987-09-02 13:00,1987-09-02 15:00
WTS,1987-09-03 11:00,1987-09-03 13:00
WTS,1987-09-06 05:34,1987-09-06 06:34
WTS,1987-09-18 16:10,1987-09-18 18:10
WTS,1987-09-21 23:35,1987-09-22 06:35
WTS,1987-09-24 10:35,1987-09-24 14:00
WTS,1987-09-25 13:00,1987-09-25 15:00
WTS,1987-09-25 19:30,1987-09-25 22:30
WTS,1987-10-03 14:25,1987-10-03 16:25
WTS,1987-10-08 12:30,1987-10-08 14:30
WTS,1987-10-08 15:00,1987-10-08 17:00
WTS,1987-10-15 13:40,1987-10-15 16:40
WTS,1987-10-29 06:35,1987-10-29 08:35
WTS,1988-03-22 16:22,1988-03-22 18:22
WTS,1988-04-07 05:15,1988-04-07 09:15
WTS,1988-04-07 19:25,1988-04-07 21:25
WTS,1988-04-08 01:20,1988-04-08 06:20
WTS,1988-04-11 00:10,1988-04-11 10:10
WTS,1988-04-11 21:25,1988-04-12 13:25
WTS,1988-04-20 14:15,1988-04-20 16:15
WTS,1988-04-21 00:00,1988-04-21 07:00
WTS,1988-04-21 16:20,1988-04-22 08:00
WTS,1988-04-28 18:00,1988-04-28 22:00
WTS,1988-04-30 13:45,1988-04-30 15:45
WTS,1988-05-05 06:15,1988-05-05 14:00
WTS,1988-05-09 12:25,1988-05-09 14:25
WTS,1988-05-10 02:15,1988-05-10 09:15
WTS,1988-05-11 15:10,1988-05-12 09:10
WTS,1988-05-12 12:50,1988-05-12 18:50
WTS,1988-05-22 13:00,1988-05-22 18:00
WTS,1988-05-24 05:00,1988-05-24 09:00
WTS,1988-05-26 07:00,1988-05-26 12:00
WTS,1988-05-31 20:50,1988-05-31 22:50
WTS,1988-06-21 07:15,1988-06-21 09:15
WTS,1988-06-23 07:05,1988-06-23 10:05
WTS,1988-06-23 11:00,1988-06-23 18:00
WTS,1988-06-23 23:00,1988-06-24 19:00
WTS,1988-06-24 23:15,1988-06-25 07:15
WTS,1988-06-26 06:00,1988-06-26 15:00
WTS,1988-06-27 00:30,1988-06-27 06:30
WTS,1988-06-27 08:55,1988-06-27 11:55
WTS,1988-06-27 17:15,1988-06-27 19:15
WTS,1988-06-30 12:40,1988-06-30 14:40
WTS,1988-07-01 04:50,1988-07-01 07:50
WTS,1988-07-03 14:20,1988-07-03 16:20
WTS,1988-07-10 07:45,1988-07-10 12:00
WTS,1988-07-10 20:15,1988-07-11 09:00
WTS,1988-07-12 16:50,1988-07-12 19:50
WTS,1988-07-13 10:00,1988-07-13 11:00
WTS,1988-07-19 03:00,1988-07-19 12:00
WTS,1988-07-19 17:00,1988-07-20 09:00
WTS,1988-07-20 13:35,1988-07-20 16:35
WTS,1988-07-21 06:30,1988-07-21 08:30
WTS,1988-07-27 00:00,1988-07-27 07:00
WTS,1988-07-27 15:00,1988-07-28 09:00
WTS,1988-07-28 12:00,1988-07-28 16:00
WTS,1988-07-28 23:00,1988-07-29 07:00
WTS,1988-07-29 13:35,1988-07-29 15:35
WTS,1988-07-29 19:30,1988-07-30 07:00
WTS,1988-07-30 12:40,1988-07-30 16:30
WTS,1988-08-02 13:30,1988-08-03 10:00
WTS,1988-08-03 13:00,1988-08-03 19:00
WTS,1988-08-04 08:50,1988-08-04 20:30
WTS,1988-08-05 06:00,1988-08-05 10:00
WTS,1988-08-05 11:40,1988-08-05 17:00
WTS,1988-08-08 14:00,1988-08-08 18:00
WTS,1988-08-09 06:00,1988-08-09 10:00
WTS,1988-08-09 11:30,1988-08-09 23:00
WTS,1988-08-10 08:45,1988-08-10 11:45
WTS,1988-08-11 07:00,1988-08-11 10:00
WTS,1988-08-11 12:45,1988-08-11 17:00
WTS,1988-08-12 10:50,1988-08-12 19:00
WTS,1988-08-13 15:00,1988-08-13 19:00
WTS,1988-08-13 19:30,1988-08-13 22:30
WTS,1988-08-14 02:30,1988-08-14 19:00
WTS,1988-08-14 23:00,1988-08-15 14:00
WTS,1988-08-16 06:50,1988-08-16 14:30
WTS,1988-08-16 19:20,1988-08-16 23:20
WTS,1988-08-17 17:40,1988-08-18 15:00
WTS,1988-08-20 14:30,1988-08-20 16:30
WTS,1988-08-25 05:30,1988-08-25 07:30
WTS,1988-08-30 00:00,1988-08-31 16:00
WTS,1988-09-01 01:00,1988-09-01 07:00
WTS,1988-09-04 17:00,1988-09-04 19:00
WTS,1988-09-05 21:15,1988-09-05 23:15
WTS,1988-09-13 05:40,1988-09-13 11:30
WTS,1988-09-15 13:35,1988-09-15 15:35
WTS,1988-09-16 20:40,1988-09-17 07:00
WTS,1988-09-23 16:30,1988-09-23 21:30
WTS,1988-09-24 00:00,1988-09-24 07:00
WTS,1989-03-25 00:45,1989-03-25 10:00
WTS,1989-03-25 15:00,1989-03-25 18:00
WTS,1989-04-04 11:35,1989-04-04 14:35
WTS,1989-04-04 18:00,1989-04-04 20:00
WTS,1989-04-05 11:10,1989-04-05 17:00
WTS,1989-04-06 03:50,1989-04-06 05:50
WTS,1989-04-06 17:05,1989-04-06 19:05
WTS,1989-04-06 23:00,1989-04-08 18:00
WTS,1989-04-08 23:00,1989-04-09 07:00
WTS,1989-04-15 06:50,1989-04-15 12:00
WTS,1989-04-16 00:45,1989-04-16 02:45
WTS,1989-04-16 19:20,1989-04-16 21:20
WTS,1989-04-17 04:20,1989-04-17 10:00
WTS,1989-04-17 14:05,1989-04-17 19:00
WTS,1989-04-22 19:25,1989-04-23 12:00
WTS,1989-04-26 05:00,1989-04-26 08:00
WTS,1989-05-01 12:00,1989-05-02 18:00
WTS,1989-05-03 03:25,1989-05-03 05:25
WTS,1989-05-03 09:20,1989-05-03 19:00
WTS,1989-05-13 13:05,1989-05-13 19:00
WTS,1989-05-17 08:00,1989-05-17 12:00
WTS,1989-05-24 04:15,1989-05-24 07:15
WTS,1989-05-30 15:15,1989-05-30 17:15
WTS,1989-06-06 01:45,1989-06-06 06:45
WTS,1989-06-10 11:45,1989-06-10 13:45
WTS,1989-06-11 12:50,1989-06-11 14:50
WTS,1989-06-12 05:40,1989-06-12 07:40
WTS,1989-06-20 02:45,1989-06-20 09:00
WTS,1989-06-23 01:45,1989-06-23 08:00
WTS,1989-06-26 22:25,1989-06-27 02:25
WTS,1989-06-27 07:00,1989-06-27 09:00
WTS,1989-06-27 13:10,1989-06-27 14:10
WTS,1989-06-28 14:35,1989-06-28 16:35
WTS,1989-07-05 13:30,1989-07-05 15:30
WTS,1989-07-23 17:40,1989-07-23 21:40
WTS,1989-07-23 23:00,1989-07-24 07:00
WTS,1989-07-28 02:00,1989-07-28 07:00
WTS,1989-07-28 20:40,1989-07-29 06:40
WTS,1989-08-02 14:40,1989-08-02 17:40
WTS,1989-08-02 17:40,1989-08-02 20:40
WTS,1989-08-05 03:45,1989-08-05 07:45
WTS,1989-08-05 15:20,1989-08-05 17:20
WTS,1989-08-14 23:40,1989-08-15 01:40
WTS,1989-08-15 21:00,1989-08-16 01:00
WTS,1989-08-17 18:00,1989-08-17 22:00
WTS,1989-08-18 15:05,1989-08-18 18:05
WTS,1989-08-20 14:10,1989-08-20 19:10
WTS,1989-08-20 22:20,1989-08-21 06:30
WTS,1989-08-21 16:45,1989-08-21 20:45
WTS,1989-08-22 13:30,1989-08-23 13:00
WTS,1989-08-24 00:10,1989-08-24 05:10
WTS,1989-08-24 11:25,1989-08-24 15:30
WTS,1989-08-25 05:35,1989-08-25 06:35
WTS,1989-08-25 11:00,1989-08-25 16:30
WTS,1989-08-26 04:30,1989-08-26 12:15
WTS,1989-08-26 13:45,1989-08-26 22:00
WTS,1989-08-26 22:15,1989-08-27 07:15
WTS,1989-08-27 11:10,1989-08-27 15:00
WTS,1989-08-28 06:50,1989-08-28 07:50
WTS,1989-08-28 09:50,1989-08-28 15:00
WTS,1989-08-29 06:55,1989-08-29 10:30
WTS,1989-08-29 11:15,1989-08-29 12:15
WTS,1989-08-29 12:50,1989-08-29 14:50
WTS,1989-08-29 16:05,1989-08-29 18:05
WTS,1989-08-29 20:20,1989-08-29 22:20
WTS,1989-09-06 19:45,1989-09-07 12:00
WTS,1989-09-07 12:45,1989-09-07 14:45
WTS,1989-09-07 21:50,1989-09-08 07:00
WTS,1989-09-17 13:45,1989-09-17 16:15
WTS,1989-09-19 15:15,1989-09-19 17:15
WTS,1989-09-20 00:00,1989-09-20 07:00
WTS,1989-09-20 08:15,1989-09-20 14:15
WTS,1989-09-20 23:00,1989-09-21 07:00
WTS,1989-09-21 17:00,1989-09-22 07:00
WTS,1989-09-22 12:00,1989-09-22 15:00
WTS,1989-09-22 17:05,1989-09-22 21:05
WTS,1989-09-22 23:45,1989-09-23 06:45
WTS,1989-09-24 12:40,1989-09-24 13:40
WTS,1989-09-28 06:10,1989-09-28 12:10
WTS,1989-09-29 15:35,1989-09-29 20:35
WTS,1989-09-30 17:00,1989-09-30 19:00
WTS,1989-10-16 18:00,1989-10-16 21:00
WTS,1990-02-16 07:45,1990-02-16 09:45
WTS,1990-02-17 11:30,1990-02-17 22:00
WTS,1990-02-17 23:05,1990-02-18 06:05
WTS,1990-02-18 15:10,1990-02-18 17:10
WTS,1990-02-21 10:45,1990-02-21 13:45
WTS,1990-02-21 22:15,1990-02-22 06:15
WTS,1990-02-22 15:25,1990-02-22 16:25
WTS,1990-02-22 22:50,1990-02-23 08:00
WTS,1990-02-23 14:30,1990-02-23 15:30
WTS,1990-02-24 11:50,1990-02-24 13:50
WTS,1990-03-29 13:00,1990-03-29 17:00
WTS,1990-03-30 07:30,1990-03-30 12:30
WTS,1990-03-30 19:15,1990-03-30 23:15
WTS,1990-03-31 12:00,1990-03-31 15:00
WTS,1990-04-01 14:15,1990-04-01 16:15
WTS,1990-04-02 00:15,1990-04-02 06:15
WTS,1990-04-03 23:30,1990-04-04 02:30
WTS,1990-04-09 15:00,1990-04-10 06:00
WTS,1990-04-10 16:00,1990-04-10 20:00
WTS,1990-04-11 02:50,1990-04-11 11:15
WTS,1990-04-11 12:05,1990-04-11 14:05
WTS,1990-04-11 16:00,1990-04-11 22:00
WTS,1990-04-16 09:20,1990-04-16 11:20
WTS,1990-04-19 13:20,1990-04-19 15:20
WTS,1990-04-23 14:45,1990-04-23 16:45
WTS,1990-04-23 18:00,1990-04-23 20:00
WTS,1990-04-24 01:20,1990-04-24 06:20
WTS,1990-04-25 21:55,1990-04-26 05:00
WTS,1990-05-03 20:30,1990-05-04 06:00
WTS,1990-05-09 02:55,1990-05-09 09:00
WTS,1990-05-09 10:25,1990-05-09 12:25
WTS,1990-05-12 23:45,1990-05-13 05:45
WTS,1990-06-01 10:50,1990-06-01 21:00
WTS,1990-06-06 22:20,1990-06-06 23:20
WTS,1990-06-07 08:40,1990-06-07 09:40
WTS,1990-06-08 09:20,1990-06-08 13:30
WTS,1990-06-08 16:00,1990-06-08 21:00
WTS,1990-06-09 02:00,1990-06-09 07:30
WTS,1990-06-09 09:30,1990-06-09 10:30
WTS,1990-06-10 13:50,1990-06-10 17:50
WTS,1990-06-11 08:00,1990-06-11 10:00
WTS,1990-06-17 05:00,1990-06-17 09:00
WTS,1990-06-26 02:20,1990-06-26 08:00
WTS,1990-06-28 20:40,1990-06-28 22:40
WTS,1990-06-29 03:40,1990-06-29 16:00
WTS,1990-06-30 08:15,1990-06-30 18:00
WTS,1990-07-03 15:20,1990-07-03 16:20
WTS,1990-07-04 02:35,1990-07-04 05:35
WTS,1990-07-04 08:05,1990-07-04 10:05
WTS,1990-07-12 03:00,1990-07-12 06:00
WTS,1990-07-12 17:35,1990-07-12 18:35
WTS,1990-07-12 20:50,1990-07-12 22:50
WTS,1990-07-12 23:55,1990-07-13 10:00
WTS,1990-07-13 10:35,1990-07-13 14:30
WTS,1990-07-14 02:00,1990-07-14 19:00
WTS,1990-07-15 02:45,1990-07-15 08:00
WTS,1990-07-17 04:40,1990-07-17 06:40
WTS,1990-07-18 05:35,1990-07-18 07:45
WTS,1990-07-20 23:15,1990-07-21 05:00
WTS,1990-07-21 05:45,1990-07-21 07:45
WTS,1990-07-23 08:30,1990-07-23 10:30
WTS,1990-07-23 12:30,1990-07-23 14:30
WTS,1990-07-27 15:00,1990-07-27 17:00
WTS,1990-07-28 11:55,1990-07-28 19:00
WTS,1990-07-28 22:10,1990-07-29 06:00
WTS,1990-07-29 15:00,1990-07-29 20:00
WTS,1990-07-31 17:00,1990-07-31 19:00
WTS,1990-08-02 02:10,1990-08-02 12:00
WTS,1990-08-02 16:05,1990-08-02 18:05
WTS,1990-08-03 03:40,1990-08-03 12:00
WTS,1990-08-04 03:15,1990-08-04 07:15
WTS,1990-08-05 07:48,1990-08-05 10:00
WTS,1990-08-11 07:35,1990-08-11 09:35
WTS,1990-08-13 13:35,1990-08-13 14:35
WTS,1990-08-16 18:45,1990-08-16 20:45
WTS,1990-08-18 15:00,1990-08-18 17:00
WTS,1990-08-26 00:00,1990-08-26 02:00
WTS,1990-09-05 15:15,1990-09-05 17:15
WTS,1990-09-06 13:35,1990-09-06 15:35
WTS,1990-09-06 16:05,1990-09-06 18:05
WTS,1990-09-06 20:05,1990-09-06 22:05
WTS,1990-09-07 18:55,1990-09-07 20:55
WTS,1990-09-08 15:50,1990-09-09 06:00
WTS,1990-09-09 10:40,1990-09-10 06:00
WTS,1990-09-10 06:05,1990-09-10 19:00
WTS,1990-09-10 23:25,1990-09-11 11:00
WTS,1990-09-12 17:15,1990-09-12 19:15
WTS,1990-09-19 10:30,1990-09-19 11:30
WTS,1990-09-19 12:32,1990-09-19 19:30
WTS,1990-09-20 11:00,1990-09-20 14:00
WTS,1990-09-24 19:20,1990-09-24 23:20
WTS,1990-09-25 02:45,1990-09-25 06:45
WTS,1990-09-28 15:30,1990-09-28 17:30
WTS,1990-10-04 02:25,1990-10-04 10:00
WTS,1990-10-05 01:00,1990-10-05 08:00
WTS,1990-11-09 08:30,1990-11-09 12:00
WTS,1991-03-22 11:15,1991-03-22 12:20
WTS,1991-03-22 12:20,1991-03-22 14:20
WTS,1991-03-31 00:05,1991-03-31 06:05
WTS,1991-04-30 06:50,1991-04-30 10:30
WTS,1991-05-01 17:55,1991-05-01 20:55
WTS,1991-05-15 19:30,1991-05-16 05:00
WTS,1991-05-27 14:30,1991-05-27 16:30
WTS,1991-05-29 08:20,1991-05-29 11:20
WTS,1991-06-08 00:01,1991-06-08 05:01
WTS,1991-06-08 07:06,1991-06-08 15:00
WTS,1991-06-09 04:13,1991-06-09 16:00
WTS,1991-06-10 00:05,1991-06-10 16:00
WTS,1991-06-10 18:35,1991-06-10 21:35
WTS,1991-06-11 14:22,1991-06-11 16:22
WTS,1991-06-18 04:00,1991-06-18 07:00
WTS,1991-06-18 13:00,1991-06-18 15:00
WTS,1991-06-19 05:40,1991-06-19 12:00
WTS,1991-06-19 22:00,1991-06-20 09:00
WTS,1991-06-20 19:50,1991-06-20 23:15
WTS,1991-06-21 15:40,1991-06-21 23:15
WTS,1991-06-22 13:05,1991-06-22 15:05
WTS,1991-06-23 07:15,1991-06-23 09:15
WTS,1991-07-03 01:00,1991-07-03 06:00
WTS,1991-07-13 15:00,1991-07-13 17:00
WTS,1991-07-14 14:00,1991-07-14 16:00
WTS,1991-07-19 15:45,1991-07-19 18:45
WTS,1991-07-20 05:40,1991-07-20 09:40
WTS,1991-07-21 04:40,1991-07-21 06:40
WTS,1991-07-21 21:55,1991-07-21 22:55
WTS,1991-07-25 13:25,1991-07-25 17:30
WTS,1991-07-29 01:00,1991-07-29 07:00
WTS,1991-07-29 10:00,1991-07-29 12:00
WTS,1991-07-29 12:10,1991-07-29 17:00
WTS,1991-07-29 18:05,1991-07-29 21:05
WTS,1991-07-30 11:55,1991-07-30 13:55
WTS,1991-07-31 01:40,1991-07-31 09:40
WTS,1991-08-09 15:45,1991-08-09 17:45
WTS,1991-08-10 09:25,1991-08-10 11:25
WTS,1991-08-10 17:30,1991-08-10 19:30
WTS,1991-08-11 01:30,1991-08-11 05:30
WTS,1991-08-11 08:25,1991-08-11 10:25
WTS,1991-08-11 14:00,1991-08-11 17:00
WTS,1991-08-11 21:20,1991-08-12 07:30
WTS,1991-08-12 08:30,1991-08-12 12:30
WTS,1991-08-12 22:00,1991-08-13 09:00
WTS,1991-08-14 13:10,1991-08-14 21:00
WTS,1991-08-19 06:50,1991-08-19 08:50
WTS,1991-08-19 19:10,1991-08-19 21:10
WTS,1991-08-20 06:12,1991-08-20 10:30
WTS,1991-08-20 13:50,1991-08-20 15:50
WTS,1991-08-21 04:55,1991-08-21 09:00
WTS,1991-08-21 15:25,1991-08-21 17:25
WTS,1991-08-22 16:18,1991-08-22 18:18
WTS,1991-08-24 12:00,1991-08-24 14:00
WTS,1991-08-25 05:50,1991-08-25 09:50
WTS,1991-08-26 12:45,1991-08-26 14:45
WTS,1991-09-04 04:00,1991-09-04 04:30
WTS,1991-09-04 04:30,1991-09-04 08:00
WTS,1991-09-04 16:15,1991-09-04 18:15
WTS,1991-09-12 16:35,1991-09-12 23:00
WTS,1991-09-14 19:20,1991-09-15 03:00
WTS,1991-09-15 04:15,1991-09-15 07:15
WTS,1992-01-05 02:00,1992-01-05 08:00
WTS,1992-02-07 11:45,1992-02-07 18:00
WTS,1992-02-12 00:30,1992-02-12 06:30
WTS,1992-02-12 08:15,1992-02-12 14:00
WTS,1992-02-15 09:50,1992-02-15 11:50
WTS,1992-02-19 09:40,1992-02-19 16:30
WTS,1992-03-04 01:15,1992-03-04 03:15
WTS,1992-03-26 12:00,1992-03-26 20:00
WTS,1992-03-27 02:30,1992-03-27 06:30
WTS,1992-03-27 10:15,1992-03-27 12:15
WTS,1992-03-27 16:45,1992-03-27 19:45
WTS,1992-03-27 23:00,1992-03-28 11:00
WTS,1992-03-28 12:05,1992-03-28 16:05
WTS,1992-03-28 18:20,1992-03-29 06:00
WTS,1992-03-31 16:00,1992-03-31 18:00
WTS,1992-04-03 01:55,1992-04-03 03:55
WTS,1992-04-03 10:55,1992-04-03 16:55
WTS,1992-04-03 19:30,1992-04-04 06:30
WTS,1992-04-04 15:30,1992-04-04 19:30
WTS,1992-04-04 22:00,1992-04-05 06:30
WTS,1992-04-05 07:25,1992-04-05 08:25
WTS,1992-04-05 10:00,1992-04-05 18:00
WTS,1992-04-05 18:15,1992-04-05 20:15
WTS,1992-04-05 23:25,1992-04-06 06:25
WTS,1992-04-06 08:50,1992-04-06 18:30
WTS,1992-04-06 21:40,1992-04-07 15:00
WTS,1992-04-07 18:30,1992-04-08 06:30
WTS,1992-04-08 13:50,1992-04-08 19:00
WTS,1992-04-09 06:10,1992-04-09 09:10
WTS,1992-04-09 14:35,1992-04-09 19:35
WTS,1992-04-09 23:05,1992-04-10 06:35
WTS,1992-04-10 12:50,1992-04-10 14:50
WTS,1992-04-10 16:45,1992-04-11 01:45
WTS,1992-04-11 10:00,1992-04-11 12:00
WTS,1992-04-11 13:25,1992-04-11 15:25
WTS,1992-04-18 16:15,1992-04-18 18:15
WTS,1992-04-21 17:10,1992-04-21 18:10
WTS,1992-04-21 23:00,1992-04-22 07:00
WTS,1992-05-02 10:20,1992-05-02 11:20
WTS,1992-05-07 10:40,1992-05-07 15:40
WTS,1992-05-07 23:15,1992-05-08 18:00
WTS,1992-05-08 23:00,1992-05-09 08:00
WTS,1992-05-09 11:00,1992-05-09 21:00
WTS,1992-05-09 23:00,1992-05-10 06:00
WTS,1992-05-10 13:55,1992-05-10 18:00
WTS,1992-05-14 22:55,1992-05-15 05:55
WTS,1992-05-15 06:55,1992-05-15 14:00
WTS,1992-05-16 15:25,1992-05-16 17:25
WTS,1992-05-16 23:00,1992-05-17 06:00
WTS,1992-05-17 08:30,1992-05-17 21:30
WTS,1992-05-21 17:00,1992-05-22 06:30
WTS,1992-05-29 19:00,1992-05-29 21:00
WTS,1992-05-29 23:00,1992-05-30 08:00
WTS,1992-05-30 12:30,1992-05-30 17:00
WTS,1992-05-30 23:05,1992-05-31 06:05
WTS,1992-06-05 13:15,1992-06-05 15:15
WTS,1992-06-06 03:20,1992-06-06 05:20
WTS,1992-06-06 06:20,1992-06-06 16:00
WTS,1992-06-06 23:05,1992-06-07 21:00
WTS,1992-06-08 09:00,1992-06-08 11:00
WTS,1992-06-08 17:05,1992-06-08 19:05
WTS,1992-06-09 13:20,1992-06-09 15:50
WTS,1992-06-09 23:15,1992-06-10 12:30
WTS,1992-06-10 15:30,1992-06-10 19:30
WTS,1992-06-10 23:15,1992-06-11 07:15
WTS,1992-06-11 09:30,1992-06-11 14:30
WTS,1992-06-11 23:00,1992-06-12 07:00
WTS,1992-06-12 11:00,1992-06-12 14:00
WTS,1992-06-13 09:40,1992-06-14 16:00
WTS,1992-06-14 16:50,1992-06-14 19:50
WTS,1992-06-15 05:00,1992-06-15 19:00
WTS,1992-06-15 23:00,1992-06-16 07:00
WTS,1992-06-17 23:00,1992-06-18 14:00
WTS,1992-06-18 23:00,1992-06-19 08:00
WTS,1992-06-19 13:45,1992-06-19 16:45
WTS,1992-06-19 16:50,1992-06-19 19:50
WTS,1992-06-19 21:35,1992-06-20 10:30
WTS,1992-06-20 14:05,1992-06-20 16:05
WTS,1992-06-20 23:00,1992-06-21 06:00
WTS,1992-06-28 21:40,1992-06-29 06:30
WTS,1992-07-04 08:55,1992-07-04 12:00
WTS,1992-07-06 18:15,1992-07-07 09:30
WTS,1992-07-10 01:40,1992-07-10 10:00
WTS,1992-07-12 12:40,1992-07-12 16:30
WTS,1992-07-12 18:30,1992-07-12 20:00
WTS,1992-07-12 21:00,1992-07-12 23:00
WTS,1992-07-17 09:45,1992-07-17 13:45
WTS,1992-07-18 02:15,1992-07-18 08:05
WTS,1992-07-18 09:10,1992-07-18 16:00
WTS,1992-07-18 17:00,1992-07-18 19:00
WTS,1992-07-30 21:45,1992-07-30 23:45
WTS,1992-08-01 15:15,1992-08-01 18:15
WTS,1992-08-06 13:45,1992-08-06 15:45
WTS,1992-08-08 12:00,1992-08-08 14:00
WTS,1992-08-08 15:35,1992-08-08 17:35
WTS,1992-08-08 18:15,1992-08-08 22:15
WTS,1992-08-09 12:35,1992-08-09 14:35
WTS,1992-08-10 21:25,1992-08-10 23:25
WTS,1992-08-15 18:05,1992-08-15 19:05
WTS,1992-08-21 15:50,1992-08-21 17:50
WTS,1992-08-22 03:00,1992-08-22 06:30
WTS,1992-08-25 18:05,1992-08-25 20:05
WTS,1992-08-27 16:20,1992-08-27 21:30
WTS,1992-08-28 19:00,1992-08-28 22:00
WTS,1992-09-05 21:25,1992-09-06 07:00
WTS,1992-09-07 01:45,1992-09-07 09:30
WTS,1992-09-07 16:36,1992-09-07 18:36
WTS,1992-09-08 05:10,1992-09-08 07:10
WTS,1992-09-08 10:10,1992-09-08 12:10
WTS,1992-09-08 14:20,1992-09-08 16:20
WTS,1992-09-08 22:40,1992-09-09 05:40
WTS,1992-09-10 15:25,1992-09-10 17:25
WTS,1992-09-10 20:30,1992-09-11 06:00
WTS,1992-09-11 12:55,1992-09-11 14:55
WTS,1992-09-16 11:05,1992-09-16 15:00
WTS,1992-09-16 22:05,1992-09-17 07:05
WTS,1992-09-17 08:35,1992-09-17 11:35
WTS,1993-03-16 21:35,1993-03-17 12:00
WTS,1993-04-07 20:25,1993-04-08 07:00
WTS,1993-04-17 23:05,1993-04-18 08:00
WTS,1993-04-20 11:30,1993-04-20 21:00
WTS,1993-04-20 23:00,1993-04-21 15:30
WTS,1993-04-22 23:00,1993-04-23 07:00
WTS,1993-04-23 15:00,1993-04-23 19:00
WTS,1993-04-25 20:40,1993-04-26 06:30
WTS,1993-04-27 10:05,1993-04-27 13:05
WTS,1993-04-27 15:30,1993-04-27 19:30
WTS,1993-04-29 00:30,1993-04-29 06:30
WTS,1993-04-29 09:45,1993-04-29 13:45
WTS,1993-04-29 19:25,1993-04-30 06:30
WTS,1993-05-01 02:30,1993-05-01 19:00
WTS,1993-05-01 21:50,1993-05-02 07:50
WTS,1993-05-02 11:00,1993-05-02 20:00
WTS,1993-05-04 08:25,1993-05-04 12:00
WTS,1993-05-09 12:45,1993-05-10 07:00
WTS,1993-05-15 08:55,1993-05-15 10:55
WTS,1993-05-22 08:40,1993-05-22 12:40
WTS,1993-05-23 04:10,1993-05-23 09:30
WTS,1993-05-23 13:00,1993-05-23 17:00
WTS,1993-05-23 18:25,1993-05-23 20:25
WTS,1993-05-23 22:45,1993-05-24 17:00
WTS,1993-05-24 23:00,1993-05-25 16:00
WTS,1993-05-25 23:00,1993-05-26 09:00
WTS,1993-05-31 03:40,1993-05-31 07:40
WTS,1993-06-01 22:30,1993-06-02 06:30
WTS,1993-06-02 13:00,1993-06-02 16:30
WTS,1993-06-03 04:45,1993-06-03 09:45
WTS,1993-06-03 12:35,1993-06-03 14:35
WTS,1993-06-03 16:05,1993-06-04 07:30
WTS,1993-06-04 11:45,1993-06-04 16:45
WTS,1993-06-04 23:00,1993-06-05 07:00
WTS,1993-06-05 09:00,1993-06-05 12:20
WTS,1993-06-05 15:00,1993-06-05 19:00
WTS,1993-06-06 00:05,1993-06-06 07:05
WTS,1993-06-07 03:00,1993-06-07 10:00
WTS,1993-06-07 14:15,1993-06-07 16:15
WTS,1993-06-07 23:00,1993-06-08 07:30
WTS,1993-06-08 23:00,1993-06-09 07:00
WTS,1993-06-09 09:20,1993-06-09 17:00
WTS,1993-06-09 17:40,1993-06-10 09:30
WTS,1993-06-10 11:00,1993-06-10 14:00
WTS,1993-06-10 20:05,1993-06-10 23:05
WTS,1993-06-11 04:45,1993-06-11 10:45
WTS,1993-06-11 13:00,1993-06-12 07:00
WTS,1993-06-13 04:00,1993-06-13 10:30
WTS,1993-06-13 12:45,1993-06-13 14:45
WTS,1993-06-15 19:45,1993-06-15 23:00
WTS,1993-06-16 00:05,1993-06-16 20:00
WTS,1993-06-16 23:00,1993-06-17 09:00
WTS,1993-06-17 18:25,1993-06-17 21:25
WTS,1993-06-18 14:00,1993-06-18 16:00
WTS,1993-06-21 07:40,1993-06-21 09:40
WTS,1993-06-24 05:35,1993-06-24 07:35
WTS,1993-06-24 11:15,1993-06-24 13:15
WTS,1993-06-24 22:05,1993-06-25 06:30
WTS,1993-06-26 08:20,1993-06-26 10:20
WTS,1993-07-10 16:40,1993-07-10 18:40
WTS,1993-07-10 21:25,1993-07-11 06:00
WTS,1993-07-11 12:50,1993-07-11 14:50
WTS,1993-07-13 14:05,1993-07-13 16:05
WTS,1993-07-22 04:00,1993-07-22 10:00
WTS,1993-07-28 04:35,1993-07-28 07:35
WTS,1993-07-29 19:15,1993-07-29 21:15
WTS,1993-07-30 08:25,1993-07-30 11:25
WTS,1993-07-30 13:35,1993-07-30 15:35
WTS,1993-07-31 00:05,1993-07-31 07:05
WTS,1993-07-31 08:45,1993-07-31 14:30
WTS,1993-07-31 16:00,1993-07-31 20:00
WTS,1993-07-31 23:30,1993-08-01 07:30
WTS,1993-08-03 05:15,1993-08-03 07:15
WTS,1993-08-08 09:45,1993-08-08 11:45
WTS,1993-08-09 07:10,1993-08-09 10:30
WTS,1993-08-09 13:15,1993-08-09 16:15
WTS,1993-08-10 02:05,1993-08-10 07:00
WTS,1993-08-10 10:25,1993-08-10 16:25
WTS,1993-08-15 10:05,1993-08-15 12:05
WTS,1993-08-17 15:05,1993-08-17 17:05
WTS,1993-08-21 11:45,1993-08-21 19:00
WTS,1993-08-31 22:30,1993-09-01 00:30
WTS,1993-09-14 19:30,1993-09-15 07:45
WTS,1993-09-16 17:15,1993-09-16 23:15
WTS,1993-09-18 06:35,1993-09-18 08:35
WTS,1993-09-18 15:40,1993-09-18 17:40
WTS,1993-09-23 11:45,1993-09-23 16:00
WTS,1993-09-23 23:00,1993-09-24 06:30
WTS,1993-09-26 13:35,1993-09-27 06:00
WTS,1993-09-27 08:30,1993-09-27 10:30
WTS,1993-09-30 15:00,1993-09-30 16:30
WTS,1993-10-13 23:05,1993-10-14 07:05
WTS,1993-11-05 00:00,1993-11-05 11:00
WTS,1994-04-21 01:30,1994-04-21 06:30
WTS,1994-04-21 13:45,1994-04-21 19:45
WTS,1994-04-28 23:40,1994-04-29 06:40
WTS,1994-04-29 13:30,1994-04-29 17:30
WTS,1994-05-03 07:00,1994-05-03 10:30
WTS,1994-05-03 11:00,1994-05-03 15:00
WTS,1994-05-04 06:00,1994-05-04 09:00
WTS,1994-05-04 10:30,1994-05-04 12:30
WTS,1994-05-11 01:00,1994-05-11 06:00
WTS,1994-05-11 18:35,1994-05-11 20:35
WTS,1994-05-15 07:50,1994-05-15 12:00
WTS,1994-05-17 15:30,1994-05-17 19:00
WTS,1994-05-26 18:10,1994-05-26 20:10
WTS,1994-05-27 10:25,1994-05-27 12:25
WTS,1994-05-27 18:00,1994-05-27 20:00
WTS,1994-05-27 23:00,1994-05-28 06:00
WTS,1994-05-28 15:35,1994-05-28 17:35
WTS,1994-05-29 16:55,1994-05-29 18:55
WTS,1994-05-30 10:45,1994-05-30 12:45
WTS,1994-05-31 00:05,1994-05-31 05:00
WTS,1994-06-10 12:55,1994-06-10 16:55
WTS,1994-06-17 11:40,1994-06-17 14:40
WTS,1994-06-17 23:30,1994-06-18 11:30
WTS,1994-06-18 14:05,1994-06-18 18:05
WTS,1994-06-19 07:50,1994-06-19 13:50
WTS,1994-06-19 20:30,1994-06-20 08:00
WTS,1994-06-20 14:25,1994-06-20 16:25
WTS,1994-07-02 15:10,1994-07-02 17:10
WTS,1994-07-03 13:00,1994-07-03 16:00
WTS,1994-07-03 23:00,1994-07-04 06:00
WTS,1994-07-04 21:35,1994-07-04 23:35
WTS,1994-07-05 14:50,1994-07-05 20:50
WTS,1994-07-08 03:10,1994-07-08 05:10
WTS,1994-07-08 08:25,1994-07-08 13:25
WTS,1994-07-11 21:00,1994-07-12 08:00
WTS,1994-07-13 17:00,1994-07-13 19:00
WTS,1994-07-13 21:00,1994-07-13 23:00
WTS,1994-07-14 05:15,1994-07-14 07:15
WTS,1994-07-15 00:05,1994-07-15 02:05
WTS,1994-07-15 02:30,1994-07-15 08:00
WTS,1994-07-15 10:25,1994-07-15 11:25
WTS,1994-07-15 11:50,1994-07-15 15:30
WTS,1994-07-15 17:00,1994-07-15 19:00
WTS,1994-07-16 21:50,1994-07-16 23:50
WTS,1994-07-17 12:20,1994-07-17 14:20
WTS,1994-07-20 09:55,1994-07-20 13:30
WTS,1994-07-20 16:55,1994-07-20 18:55
WTS,1994-07-21 07:05,1994-07-21 12:00
WTS,1994-07-21 19:10,1994-07-22 16:00
WTS,1994-07-22 17:00,1994-07-22 20:00
WTS,1994-07-22 22:25,1994-07-23 13:25
WTS,1994-07-23 18:45,1994-07-24 18:00
WTS,1994-07-24 21:45,1994-07-25 09:30
WTS,1994-07-25 10:40,1994-07-25 15:00
WTS,1994-07-27 14:15,1994-07-27 16:15
WTS,1994-08-03 17:00,1994-08-03 22:00
WTS,1994-08-04 06:30,1994-08-04 11:30
WTS,1994-08-04 13:35,1994-08-04 16:35
WTS,1994-08-04 18:00,1994-08-05 06:00
WTS,1994-08-05 09:00,1994-08-05 11:00
WTS,1994-08-05 13:15,1994-08-05 15:15
WTS,1994-08-05 20:15,1994-08-06 10:15
WTS,1994-08-06 13:00,1994-08-07 07:15
WTS,1994-08-07 08:20,1994-08-07 14:00
WTS,1994-08-08 06:00,1994-08-08 08:00
WTS,1994-08-08 12:15,1994-08-08 16:15
WTS,1994-08-08 16:50,1994-08-09 06:00
WTS,1994-08-09 07:15,1994-08-09 14:00
WTS,1994-08-09 14:40,1994-08-09 16:40
WTS,1994-08-09 18:45,1994-08-10 12:00
WTS,1994-08-10 23:45,1994-08-11 06:45
WTS,1994-08-13 02:35,1994-08-13 07:00
WTS,1994-08-13 22:10,1994-08-14 06:00
WTS,1994-08-15 09:25,1994-08-15 14:30
WTS,1994-08-16 06:20,1994-08-16 16:15
WTS,1994-08-16 23:00,1994-08-17 14:00
WTS,1994-08-17 14:40,1994-08-17 16:40
WTS,1994-08-18 12:10,1994-08-18 13:10
WTS,1994-08-19 15:05,1994-08-19 17:00
WTS,1994-08-19 22:15,1994-08-20 00:15
WTS,1994-08-20 15:35,1994-08-20 18:35
WTS,1994-08-21 13:35,1994-08-21 19:00
WTS,1994-08-26 08:15,1994-08-26 12:00
WTS,1994-08-27 10:05,1994-08-27 14:00
WTS,1994-08-27 16:45,1994-08-27 18:45
WTS,1994-08-28 09:40,1994-08-28 16:00
WTS,1994-08-28 19:30,1994-08-29 06:00
WTS,1994-08-31 16:10,1994-08-31 18:10
WTS,1994-09-01 16:40,1994-09-01 18:40
WTS,1994-09-02 12:55,1994-09-02 14:55
WTS,1994-09-03 05:20,1994-09-03 06:20
WTS,1994-09-05 16:00,1994-09-05 18:00
WTS,1994-09-05 18:30,1994-09-05 22:00
WTS,1994-09-05 23:15,1994-09-06 06:15
WTS,1994-09-06 12:30,1994-09-06 14:30
WTS,1994-09-08 14:00,1994-09-08 16:00
WTS,1994-09-10 12:30,1994-09-10 16:00
WTS,1994-09-10 19:40,1994-09-10 22:40
WTS,1994-09-11 05:55,1994-09-11 10:00
WTS,1994-09-11 16:50,1994-09-11 19:50
WTS,1994-09-17 23:45,1994-09-18 05:45
WTS,1994-09-20 05:50,1994-09-20 06:50
WTS,1994-09-22 23:30,1994-09-23 08:00
WTS,1994-09-23 17:00,1994-09-23 19:00
WTS,1994-09-23 19:45,1994-09-23 23:30
WTS,1994-09-28 00:15,1994-09-28 02:15
WTS,1995-01-03 12:30,1995-01-03 14:30
WTS,1995-02-13 16:40,1995-02-14 11:30
WTS,1995-03-17 10:30,1995-03-17 13:30
WTS,1995-04-07 11:25,1995-04-07 15:25
WTS,1995-04-19 17:45,1995-04-19 21:45
WTS,1995-04-30 14:30,1995-04-30 16:30
WTS,1995-05-04 13:15,1995-05-04 18:15
WTS,1995-05-21 18:30,1995-05-21 21:30
WTS,1995-06-05 12:05,1995-06-05 15:05
WTS,1995-06-08 11:00,1995-06-08 19:00
WTS,1995-06-08 23:00,1995-06-09 06:00
WTS,1995-06-10 14:10,1995-06-11 06:00
WTS,1995-06-14 11:05,1995-06-14 15:05
WTS,1995-06-14 16:35,1995-06-15 06:00
WTS,1995-06-15 14:15,1995-06-15 16:15
WTS,1995-06-16 09:30,1995-06-16 10:30
WTS,1995-06-17 13:05,1995-06-17 15:05
WTS,1995-06-17 23:45,1995-06-18 13:00
WTS,1995-06-19 15:20,1995-06-19 16:20
WTS,1995-06-27 23:55,1995-06-28 05:55
WTS,1995-06-28 13:30,1995-06-28 17:00
WTS,1995-06-30 06:45,1995-06-30 08:45
WTS,1995-07-01 05:45,1995-07-01 06:45
WTS,1995-07-01 23:45,1995-07-02 05:45
WTS,1995-07-02 13:45,1995-07-02 15:45
WTS,1995-07-02 23:30,1995-07-03 06:30
WTS,1995-07-03 11:00,1995-07-03 15:00
WTS,1995-07-03 19:05,1995-07-03 21:05
WTS,1995-07-03 23:00,1995-07-04 06:00
WTS,1995-07-04 07:40,1995-07-04 09:40
WTS,1995-07-04 12:10,1995-07-04 18:00
WTS,1995-07-04 23:00,1995-07-05 08:00
WTS,1995-07-06 03:20,1995-07-06 05:20
WTS,1995-07-07 09:05,1995-07-07 11:05
WTS,1995-07-09 06:15,1995-07-09 08:15
WTS,1995-07-09 15:00,1995-07-09 18:00
WTS,1995-07-12 05:00,1995-07-12 08:00
WTS,1995-07-12 11:45,1995-07-12 13:45
WTS,1995-07-12 17:15,1995-07-12 19:15
WTS,1995-07-12 19:35,1995-07-13 15:00
WTS,1995-07-14 06:45,1995-07-14 11:45
WTS,1995-07-15 07:05,1995-07-15 16:00
WTS,1995-07-15 19:55,1995-07-16 07:00
WTS,1995-07-16 15:05,1995-07-16 17:05
WTS,1995-07-24 11:15,1995-07-24 13:15
WTS,1995-07-25 04:25,1995-07-25 06:25
WTS,1995-07-25 16:10,1995-07-25 19:10
WTS,1995-07-25 20:15,1995-07-26 06:00
WTS,1995-07-26 14:15,1995-07-26 18:00
WTS,1995-07-26 21:40,1995-07-27 11:30
WTS,1995-07-27 12:45,1995-07-27 14:45
WTS,1995-07-30 17:55,1995-07-30 19:55
WTS,1995-07-31 12:10,1995-07-31 15:10
WTS,1995-07-31 16:15,1995-07-31 18:15
WTS,1995-07-31 23:00,1995-08-01 08:00
WTS,1995-08-01 12:15,1995-08-01 13:15
WTS,1995-08-02 09:15,1995-08-02 12:15
WTS,1995-08-02 22:15,1995-08-03 06:15
WTS,1995-08-03 06:45,1995-08-04 06:00
WTS,1995-08-04 09:40,1995-08-04 16:40
WTS,1995-08-04 23:30,1995-08-05 12:30
WTS,1995-08-05 14:20,1995-08-05 16:20
WTS,1995-08-07 11:00,1995-08-07 15:00
WTS,1995-08-12 16:40,1995-08-13 06:00
WTS,1995-08-13 08:30,1995-08-13 14:00
WTS,1995-08-14 00:00,1995-08-14 17:00
WTS,1995-08-14 22:00,1995-08-15 06:00
WTS,1995-08-24 13:15,1995-08-24 16:15
WTS,1995-08-24 17:45,1995-08-24 19:45
WTS,1995-08-25 14:10,1995-08-25 20:00
WTS,1995-08-26 21:20,1995-08-27 08:00
WTS,1995-08-31 16:45,1995-08-31 19:45
WTS,1995-08-31 22:00,1995-09-01 08:00
WTS,1995-09-14 17:55,1995-09-14 20:55
WTS,1995-09-16 06:00,1995-09-16 08:00
WTS,1995-10-05 17:45,1995-10-06 09:00
WTS,1995-10-14 13:45,1995-10-14 17:00
WTS,1996-03-29 07:10,1996-03-29 11:10
WTS,1996-04-01 14:45,1996-04-01 16:45
WTS,1996-04-19 05:25,1996-04-19 17:25
WTS,1996-04-30 12:30,1996-04-30 20:30
WTS,1996-05-01 11:25,1996-05-01 14:25
WTS,1996-05-04 11:45,1996-05-04 21:45
WTS,1996-05-05 02:50,1996-05-05 09:50
WTS,1996-05-06 03:15,1996-05-06 17:00
WTS,1996-05-07 17:10,1996-05-07 22:10
WTS,1996-05-25 19:00,1996-05-26 09:00
WTS,1996-05-27 11:30,1996-05-27 14:30
WTS,1996-05-28 02:20,1996-05-28 12:20
WTS,1996-05-28 22:00,1996-05-29 10:00
WTS,1996-05-29 11:00,1996-05-29 13:00
WTS,1996-05-29 21:20,1996-05-30 07:00
WTS,1996-06-09 09:30,1996-06-09 13:30
WTS,1996-06-14 11:30,1996-06-14 13:30
WTS,1996-06-14 15:00,1996-06-14 18:15
WTS,1996-06-14 21:30,1996-06-15 07:30
WTS,1996-06-15 13:00,1996-06-16 18:00
WTS,1996-06-21 20:05,1996-06-22 19:00
WTS,1996-06-22 21:45,1996-06-23 07:30
WTS,1996-06-24 05:00,1996-06-24 13:00
WTS,1996-06-24 21:15,1996-06-25 07:00
WTS,1996-06-27 23:00,1996-06-28 07:00
WTS,1996-06-29 10:30,1996-06-29 12:30
WTS,1996-07-03 05:35,1996-07-03 07:35
WTS,1996-07-11 15:15,1996-07-11 17:15
WTS,1996-07-11 23:10,1996-07-12 11:00
WTS,1996-07-19 02:50,1996-07-19 09:00
WTS,1996-07-21 11:55,1996-07-21 13:55
WTS,1996-07-21 18:15,1996-07-21 20:15
WTS,1996-07-21 22:45,1996-07-22 07:45
WTS,1996-07-22 12:15,1996-07-22 14:15
WTS,1996-07-23 07:10,1996-07-23 10:30
WTS,1996-07-23 13:05,1996-07-23 15:05
WTS,1996-07-26 15:50,1996-07-26 23:00
WTS,1996-07-27 20:50,1996-07-28 10:00
WTS,1996-07-28 22:45,1996-07-29 06:45
WTS,1996-07-30 04:15,1996-07-30 08:15
WTS,1996-08-01 22:55,1996-08-02 06:55
WTS,1996-08-02 11:00,1996-08-02 14:00
WTS,1996-08-04 09:10,1996-08-04 11:10
WTS,1996-08-04 19:20,1996-08-04 22:20
WTS,1996-08-10 12:15,1996-08-10 17:15
WTS,1996-08-11 10:15,1996-08-11 12:15
WTS,1996-08-11 15:05,1996-08-11 19:05
WTS,1996-08-14 02:15,1996-08-14 04:15
WTS,1996-08-14 09:50,1996-08-14 13:50
WTS,1996-08-15 02:00,1996-08-15 07:00
WTS,1996-08-15 09:50,1996-08-15 19:00
WTS,1996-08-16 06:45,1996-08-16 12:45
WTS,1996-08-16 22:30,1996-08-17 10:30
WTS,1996-08-18 04:30,1996-08-18 07:30
WTS,1996-08-20 20:30,1996-08-20 22:30
WTS,1996-08-21 18:30,1996-08-21 20:30
WTS,1996-08-25 06:00,1996-08-25 10:00
WTS,1996-08-31 03:00,1996-08-31 10:00
WTS,1996-08-31 19:50,1996-08-31 22:00
WTS,1996-09-02 13:50,1996-09-02 15:50
WTS,1996-09-03 10:40,1996-09-03 15:40
WTS,1996-09-04 00:35,1996-09-04 06:35
WTS,1996-09-04 13:30,1996-09-04 15:30
WTS,1996-09-05 02:00,1996-09-05 07:00
WTS,1996-09-07 19:15,1996-09-07 21:20
WTS,1996-09-13 00:05,1996-09-13 09:05
WTS,1996-09-13 20:45,1996-09-14 07:00
WTS,1996-09-14 11:55,1996-09-14 19:55
WTS,1996-09-19 12:00,1996-09-19 14:00
WTS,1996-09-19 14:45,1996-09-19 18:45
WTS,1996-09-20 10:30,1996-09-20 12:30
WTS,1996-09-21 06:25,1996-09-21 08:25
WTS,1996-09-21 10:20,1996-09-21 18:30
WTS,1996-09-22 02:50,1996-09-22 06:50
WTS,1997-02-02 21:10,1997-02-03 08:00
WTS,1997-03-16 16:00,1997-03-16 18:00
WTS,1997-03-19 09:45,1997-03-19 11:45
WTS,1997-03-20 16:30,1997-03-20 19:30
WTS,1997-03-21 08:30,1997-03-21 10:30
WTS,1997-03-29 05:15,1997-03-29 08:15
WTS,1997-04-04 04:45,1997-04-04 11:45
WTS,1997-04-10 04:45,1997-04-10 08:45
WTS,1997-04-13 20:45,1997-04-14 06:00
WTS,1997-04-15 19:00,1997-04-15 21:00
WTS,1997-04-15 23:00,1997-04-16 04:45
WTS,1997-04-30 13:25,1997-04-30 18:25
WTS,1997-05-01 03:30,1997-05-01 10:00
WTS,1997-05-03 22:30,1997-05-04 12:30
WTS,1997-05-04 17:10,1997-05-05 09:00
WTS,1997-05-06 18:30,1997-05-06 21:30
WTS,1997-05-07 06:30,1997-05-07 09:50
WTS,1997-05-08 08:30,1997-05-08 13:30
WTS,1997-05-08 19:45,1997-05-09 06:45
WTS,1997-05-16 22:45,1997-05-17 01:45
WTS,1997-05-18 02:50,1997-05-18 06:50
WTS,1997-05-18 11:10,1997-05-18 13:10
WTS,1997-05-19 15:30,1997-05-19 17:30
WTS,1997-05-19 19:05,1997-05-20 04:40
WTS,1997-06-03 04:45,1997-06-03 12:45
WTS,1997-06-04 01:00,1997-06-04 14:00
WTS,1997-06-05 02:15,1997-06-05 05:30
WTS,1997-06-05 23:15,1997-06-06 06:15
WTS,1997-06-10 13:40,1997-06-10 15:40
WTS,1997-06-10 16:35,1997-06-10 18:35
WTS,1997-06-13 04:40,1997-06-13 08:40
WTS,1997-06-13 12:00,1997-06-14 07:00
WTS,1997-06-14 15:20,1997-06-14 17:20
WTS,1997-06-14 23:15,1997-06-15 09:15
WTS,1997-06-15 23:15,1997-06-16 06:15
WTS,1997-06-22 08:00,1997-06-22 10:00
WTS,1997-06-22 12:15,1997-06-22 14:15
WTS,1997-06-23 01:00,1997-06-23 05:45
WTS,1997-06-23 07:25,1997-06-23 09:25
WTS,1997-06-24 03:00,1997-06-24 11:30
WTS,1997-06-26 11:20,1997-06-26 14:20
WTS,1997-06-28 11:25,1997-06-28 14:25
WTS,1997-06-29 04:45,1997-06-29 06:45
WTS,1997-06-29 15:00,1997-06-29 17:00
WTS,1997-06-29 19:45,1997-06-29 21:45
WTS,1997-06-30 00:30,1997-06-30 07:30
WTS,1997-06-30 09:30,1997-06-30 11:30
WTS,1997-06-30 14:50,1997-06-30 16:50
WTS,1997-07-01 05:00,1997-07-01 14:00
WTS,1997-07-02 03:15,1997-07-02 13:15
WTS,1997-07-02 14:30,1997-07-03 09:30
WTS,1997-07-03 16:25,1997-07-04 10:25
WTS,1997-07-06 10:20,1997-07-06 14:20
WTS,1997-07-07 07:30,1997-07-07 08:15
WTS,1997-07-07 09:05,1997-07-07 12:00
WTS,1997-07-08 09:50,1997-07-08 11:50
WTS,1997-07-09 01:15,1997-07-09 06:00
WTS,1997-07-09 09:35,1997-07-09 11:35
WTS,1997-07-09 21:00,1997-07-10 13:00
WTS,1997-07-11 07:15,1997-07-11 09:15
WTS,1997-07-14 19:35,1997-07-14 21:35
WTS,1997-07-15 17:45,1997-07-16 06:45
WTS,1997-07-18 12:00,1997-07-18 14:00
WTS,1997-07-18 23:55,1997-07-19 16:00
WTS,1997-07-25 11:25,1997-07-25 14:40
WTS,1997-08-03 04:30,1997-08-03 11:30
WTS,1997-08-07 11:30,1997-08-07 15:30
WTS,1997-08-07 23:00,1997-08-08 07:00
WTS,1997-08-08 09:00,1997-08-08 12:00
WTS,1997-08-09 12:15,1997-08-09 17:00
WTS,1997-08-10 03:10,1997-08-10 06:10
WTS,1997-08-10 08:15,1997-08-10 14:15
WTS,1997-08-11 00:00,1997-08-11 07:00
WTS,1997-08-11 19:45,1997-08-12 17:00
WTS,1997-08-12 19:45,1997-08-12 21:45
WTS,1997-08-12 23:00,1997-08-13 12:00
WTS,1997-08-14 05:30,1997-08-14 07:30
WTS,1997-08-16 13:00,1997-08-16 17:00
WTS,1997-08-16 17:15,1997-08-16 19:15
WTS,1997-08-17 18:30,1997-08-17 19:40
WTS,1997-08-20 16:05,1997-08-20 20:05
WTS,1997-08-22 12:00,1997-08-22 17:00
WTS,1997-08-25 18:30,1997-08-25 20:30
WTS,1997-09-02 13:00,1997-09-02 15:00
WTS,1997-09-03 08:00,1997-09-03 10:00
WTS,1997-09-03 18:45,1997-09-03 22:45
WTS,1997-09-07 04:50,1997-09-07 06:50
WTS,1997-09-07 09:45,1997-09-07 11:45
WTS,1997-09-08 01:00,1997-09-08 09:00
WTS,1997-09-08 12:20,1997-09-08 16:15
WTS,1997-09-13 15:00,1997-09-13 17:00
WTS,1997-09-14 01:45,1997-09-14 07:45
WTS,1997-10-12 12:10,1997-10-12 14:10
WTS,1997-10-17 14:00,1997-10-17 16:00
WTS,1997-10-17 22:10,1997-10-18 08:00
WTS,1998-01-14 13:15,1998-01-14 19:15
WTS,1998-01-15 00:00,1998-01-15 07:00
WTS,1998-02-14 02:52,1998-02-14 07:52
WTS,1998-02-14 10:45,1998-02-14 14:45
WTS,1998-02-15 18:45,1998-02-16 06:00
WTS,1998-02-17 08:30,1998-02-17 10:30
WTS,1998-02-17 14:15,1998-02-17 21:15
WTS,1998-02-17 21:45,1998-02-18 06:45
WTS,1998-02-18 09:15,1998-02-18 16:30
WTS,1998-02-22 21:30,1998-02-23 06:00
WTS,1998-03-04 06:45,1998-03-04 13:45
WTS,1998-03-09 23:00,1998-03-10 06:00
WTS,1998-03-10 13:20,1998-03-10 15:20
WTS,1998-04-12 04:15,1998-04-12 09:15
WTS,1998-04-14 05:45,1998-04-14 07:45
WTS,1998-04-19 17:00,1998-04-19 19:00
WTS,1998-04-24 20:40,1998-04-25 05:45
WTS,1998-04-25 12:30,1998-04-25 14:45
WTS,1998-04-26 17:45,1998-04-27 06:00
WTS,1998-04-27 07:30,1998-04-27 20:30
WTS,1998-04-28 01:40,1998-04-28 06:40
WTS,1998-04-30 14:00,1998-04-30 17:00
WTS,1998-04-30 18:30,1998-04-30 21:30
WTS,1998-05-02 15:50,1998-05-03 06:00
WTS,1998-05-03 11:20,1998-05-03 13:20
WTS,1998-05-04 07:10,1998-05-04 10:10
WTS,1998-05-12 11:30,1998-05-12 13:30
WTS,1998-05-15 04:20,1998-05-15 13:20
WTS,1998-05-17 10:10,1998-05-17 16:10
WTS,1998-05-19 08:45,1998-05-19 11:45
WTS,1998-05-21 13:50,1998-05-21 15:50
WTS,1998-05-21 16:20,1998-05-21 18:20
WTS,1998-05-24 07:00,1998-05-24 17:00
WTS,1998-05-30 12:25,1998-05-30 14:25
WTS,1998-06-01 08:45,1998-06-01 12:45
WTS,1998-06-02 07:30,1998-06-02 09:30
WTS,1998-06-02 12:45,1998-06-02 14:45
WTS,1998-06-02 23:00,1998-06-03 07:00
WTS,1998-06-03 10:50,1998-06-03 18:50
WTS,1998-06-03 23:00,1998-06-04 15:00
WTS,1998-06-04 18:15,1998-06-05 07:00
WTS,1998-06-05 20:00,1998-06-06 07:00
WTS,1998-06-08 07:00,1998-06-08 10:00
WTS,1998-06-08 14:00,1998-06-08 16:00
WTS,1998-06-08 20:15,1998-06-09 21:00
WTS,1998-06-09 22:40,1998-06-10 12:00
WTS,1998-06-10 18:20,1998-06-11 12:00
WTS,1998-06-11 23:00,1998-06-12 07:00
WTS,1998-06-18 13:30,1998-06-18 15:30
WTS,1998-06-19 07:50,1998-06-19 11:50
WTS,1998-06-20 03:15,1998-06-20 07:15
WTS,1998-06-22 20:05,1998-06-24 09:00
WTS,1998-06-24 11:30,1998-06-24 16:30
WTS,1998-06-26 08:55,1998-06-26 10:55
WTS,1998-06-26 13:20,1998-06-26 17:20
WTS,1998-06-27 07:00,1998-06-27 16:00
WTS,1998-06-27 17:45,1998-06-27 19:45
WTS,1998-07-02 10:25,1998-07-02 19:25
WTS,1998-07-03 08:15,1998-07-03 16:15
WTS,1998-07-04 06:10,1998-07-04 12:10
WTS,1998-07-04 17:30,1998-07-05 06:30
WTS,1998-07-05 12:05,1998-07-05 16:05
WTS,1998-07-06 01:10,1998-07-06 06:00
WTS,1998-07-06 09:10,1998-07-06 12:10
WTS,1998-07-06 16:45,1998-07-06 18:45
WTS,1998-07-07 08:55,1998-07-07 10:55
WTS,1998-07-10 16:50,1998-07-10 18:50
WTS,1998-07-12 18:35,1998-07-12 20:35
WTS,1998-07-13 00:40,1998-07-13 08:40
WTS,1998-07-13 18:15,1998-07-13 21:15
WTS,1998-07-27 05:00,1998-07-27 07:00
WTS,1998-08-02 04:20,1998-08-02 05:45
WTS,1998-08-06 10:50,1998-08-06 12:50
WTS,1998-08-06 14:35,1998-08-06 16:35
WTS,1998-08-07 04:10,1998-08-07 14:10
WTS,1998-08-18 12:20,1998-08-18 14:20
WTS,1998-08-18 14:45,1998-08-18 16:45
WTS,1998-08-22 03:00,1998-08-22 06:00
WTS,1998-08-22 11:25,1998-08-22 13:25
WTS,1998-08-22 14:40,1998-08-22 16:40
WTS,1998-08-22 22:15,1998-08-23 06:15
WTS,1998-08-23 12:20,1998-08-23 14:20
WTS,1998-08-25 12:30,1998-08-25 14:30
WTS,1998-08-26 04:25,1998-08-26 06:25
WTS,1998-08-26 11:30,1998-08-26 14:30
WTS,1998-08-26 15:15,1998-08-26 18:15
WTS,1998-08-27 05:45,1998-08-27 07:45
WTS,1998-08-27 09:30,1998-08-27 16:30
WTS,1998-08-28 02:00,1998-08-28 08:00
WTS,1998-08-28 08:30,1998-08-28 17:30
WTS,1998-08-29 01:45,1998-08-29 07:45
WTS,1998-08-30 21:30,1998-08-31 09:00
WTS,1998-08-31 14:00,1998-08-31 22:00
WTS,1998-09-01 09:45,1998-09-01 13:45
WTS,1998-09-02 10:45,1998-09-02 13:30
WTS,1998-09-05 05:30,1998-09-05 07:30
WTS,1998-09-06 01:20,1998-09-06 07:20
WTS,1998-09-06 08:45,1998-09-06 10:45
WTS,1998-09-06 13:45,1998-09-06 17:45
WTS,1998-09-07 05:10,1998-09-07 09:10
WTS,1998-09-08 10:25,1998-09-08 12:25
WTS,1998-09-08 20:15,1998-09-08 21:15
WTS,1998-09-09 10:30,1998-09-09 16:30
WTS,1998-09-09 16:52,1998-09-09 17:30
WTS,1998-09-09 23:15,1998-09-10 06:00
WTS,1998-09-11 15:30,1998-09-11 19:30
WTS,1998-09-12 02:45,1998-09-12 06:45
WTS,1998-09-12 23:00,1998-09-13 06:00
WTS,1998-09-14 02:45,1998-09-14 06:45
WTS,1998-09-14 07:25,1998-09-14 11:25
WTS,1998-10-10 10:15,1998-10-10 14:15
WTS,1998-10-10 17:40,1998-10-10 19:40
WTS,1999-03-16 11:25,1999-03-16 13:25
WTS,1999-03-17 15:20,1999-03-17 18:30
WTS,1999-03-27 22:00,1999-03-28 00:00
WTS,1999-04-12 00:30,1999-04-12 08:30
WTS,1999-04-18 23:30,1999-04-19 13:30
WTS,1999-04-24 07:35,1999-04-24 09:35
WTS,1999-04-24 10:25,1999-04-24 20:25
WTS,1999-05-05 10:00,1999-05-05 13:00
WTS,1999-05-18 15:30,1999-05-18 19:30
WTS,1999-05-19 01:00,1999-05-19 15:00
WTS,1999-05-24 18:00,1999-05-24 20:00
WTS,1999-05-25 01:00,1999-05-25 07:00
WTS,1999-05-26 19:55,1999-05-27 07:30
WTS,1999-06-10 03:15,1999-06-10 07:45
WTS,1999-06-17 05:45,1999-06-17 11:45
WTS,1999-06-18 09:07,1999-06-18 11:07
WTS,1999-06-18 14:10,1999-06-18 15:10
WTS,1999-06-18 23:00,1999-06-19 09:00
WTS,1999-06-20 01:15,1999-06-20 06:15
WTS,1999-06-20 10:05,1999-06-20 15:00
WTS,1999-06-21 03:25,1999-06-21 11:30
WTS,1999-06-21 22:55,1999-06-22 06:55
WTS,1999-06-22 09:25,1999-06-22 10:25
WTS,1999-06-23 06:32,1999-06-23 08:32
WTS,1999-06-23 12:30,1999-06-23 16:15
WTS,1999-07-04 18:20,1999-07-04 19:20
WTS,1999-07-06 20:45,1999-07-06 22:45
WTS,1999-07-08 09:15,1999-07-08 12:15
WTS,1999-07-09 01:45,1999-07-09 05:45
WTS,1999-07-09 09:15,1999-07-09 15:15
WTS,1999-07-13 04:35,1999-07-13 07:35
WTS,1999-07-14 04:40,1999-07-14 06:40
WTS,1999-07-15 09:05,1999-07-15 12:50
WTS,1999-07-16 09:25,1999-07-16 11:25
WTS,1999-07-16 19:20,1999-07-16 20:20
WTS,1999-07-17 14:00,1999-07-17 16:00
WTS,1999-07-18 12:10,1999-07-18 14:10
WTS,1999-07-20 15:20,1999-07-20 17:20
WTS,1999-07-22 05:45,1999-07-22 07:45
WTS,1999-07-22 12:55,1999-07-22 14:25
WTS,1999-07-22 16:00,1999-07-22 17:00
WTS,1999-07-23 10:10,1999-07-23 13:10
WTS,1999-08-02 15:20,1999-08-02 17:20
WTS,1999-08-03 09:00,1999-08-03 12:00
WTS,1999-08-03 18:00,1999-08-03 20:00
WTS,1999-08-04 04:10,1999-08-04 10:00
WTS,1999-08-04 23:30,1999-08-05 06:00
WTS,1999-08-05 12:55,1999-08-05 22:55
WTS,1999-08-06 13:40,1999-08-06 16:40
WTS,1999-08-06 21:15,1999-08-06 23:15
WTS,1999-08-07 11:10,1999-08-07 12:00
WTS,1999-08-08 04:45,1999-08-08 09:45
WTS,1999-08-09 00:55,1999-08-09 10:30
WTS,1999-08-09 15:55,1999-08-09 17:55
WTS,1999-08-09 23:00,1999-08-10 08:00
WTS,1999-08-10 11:45,1999-08-10 14:45
WTS,1999-08-11 00:55,1999-08-11 09:00
WTS,1999-08-11 11:30,1999-08-11 20:00
WTS,1999-08-12 05:35,1999-08-12 14:30
WTS,1999-08-12 22:30,1999-08-13 16:30
WTS,1999-08-13 18:10,1999-08-14 10:30
WTS,1999-08-21 15:05,1999-08-21 18:05
WTS,1999-08-24 00:35,1999-08-24 12:00
WTS,1999-08-25 01:35,1999-08-25 16:00
WTS,1999-08-28 08:45,1999-08-28 16:00
WTS,1999-08-28 23:00,1999-08-29 08:00
WTS,1999-08-29 08:50,1999-08-29 11:45
WTS,1999-08-31 03:45,1999-08-31 05:45
WTS,1999-09-01 13:40,1999-09-01 21:00
WTS,1999-09-02 13:40,1999-09-02 15:40
WTS,1999-09-03 14:55,1999-09-03 17:55
WTS,1999-09-03 19:40,1999-09-03 21:40
WTS,1999-09-05 04:35,1999-09-05 06:35
WTS,1999-09-05 08:05,1999-09-05 10:05
WTS,1999-09-05 12:12,1999-09-05 14:12
WTS,1999-09-06 06:00,1999-09-06 07:00
WTS,1999-09-06 13:50,1999-09-06 15:50
WTS,1999-09-08 12:40,1999-09-08 14:40
WTS,1999-09-09 09:00,1999-09-09 15:00
WTS,1999-09-10 12:40,1999-09-10 15:40
WTS,1999-09-11 11:35,1999-09-11 13:35
WTS,1999-09-12 14:00,1999-09-12 18:00
WTS,1999-09-13 18:00,1999-09-13 21:00
WTS,1999-09-14 16:08,1999-09-14 18:08
WTS,1999-09-17 19:05,1999-09-17 21:05
WTS,1999-09-18 02:20,1999-09-18 07:20
WTS,1999-09-18 07:55,1999-09-18 09:55
WTS,1999-09-19 17:00,1999-09-19 19:00
WTS,1999-09-20 11:30,1999-09-20 21:30
WTS,1999-09-26 08:40,1999-09-26 11:40
WTS,1999-09-28 01:45,1999-09-28 06:45
WTS,1999-10-03 01:10,1999-10-03 03:10
WTS,1999-10-03 13:15,1999-10-03 23:00
WTS,1999-10-16 04:45,1999-10-16 08:45
WTS,1999-10-16 13:45,1999-10-16 17:45
WTS,2000-04-01 00:15,2000-04-01 10:50
WTS,2000-04-02 21:40,2000-04-03 09:00
WTS,2000-04-03 18:10,2000-04-04 05:00
WTS,2000-04-13 14:55,2000-04-14 16:30
WTS,2000-04-14 23:45,2000-04-15 04:20
WTS,2000-04-21 10:30,2000-04-21 17:30
WTS,2000-04-22 07:30,2000-04-22 09:30
WTS,2000-04-22 21:50,2000-04-23 21:00
WTS,2000-04-26 08:55,2000-04-26 22:00
WTS,2000-04-27 23:00,2000-04-28 07:00
WTS,2000-04-28 10:45,2000-04-28 21:45
WTS,2000-04-29 07:45,2000-04-29 13:45
WTS,2000-04-30 23:30,2000-05-01 05:45
WTS,2000-05-01 13:00,2000-05-01 16:00
WTS,2000-05-01 21:45,2000-05-03 06:00
WTS,2000-05-10 00:00,2000-05-10 08:00
WTS,2000-05-10 11:45,2000-05-10 15:30
WTS,2000-05-24 13:05,2000-05-24 14:45
WTS,2000-05-24 23:55,2000-05-25 03:50
WTS,2000-06-06 12:50,2000-06-06 13:50
WTS,2000-06-07 09:30,2000-06-07 10:30
WTS,2000-06-08 03:15,2000-06-08 08:00
WTS,2000-06-11 23:15,2000-06-12 09:40
WTS,2000-06-17 22:55,2000-06-18 10:30
WTS,2000-06-20 05:10,2000-06-20 17:00
WTS,2000-06-21 04:10,2000-06-21 08:00
WTS,2000-06-22 06:30,2000-06-22 07:30
WTS,2000-06-23 04:10,2000-06-23 08:10
WTS,2000-06-23 09:10,2000-06-23 11:30
WTS,2000-06-23 12:30,2000-06-23 14:30
WTS,2000-06-26 02:10,2000-06-26 06:10
WTS,2000-07-02 01:20,2000-07-02 06:20
WTS,2000-07-02 17:45,2000-07-02 19:45
WTS,2000-07-03 07:30,2000-07-03 09:30
WTS,2000-07-03 20:30,2000-07-03 21:30
WTS,2000-07-03 22:15,2000-07-04 06:15
WTS,2000-07-04 18:15,2000-07-04 19:15
WTS,2000-07-05 21:30,2000-07-06 00:30
WTS,2000-07-06 08:50,2000-07-06 10:50
WTS,2000-07-06 14:30,2000-07-06 18:30
WTS,2000-07-07 12:15,2000-07-07 13:15
WTS,2000-07-07 14:00,2000-07-07 17:00
WTS,2000-07-07 21:20,2000-07-08 06:00
WTS,2000-07-08 13:40,2000-07-08 17:40
WTS,2000-07-09 00:50,2000-07-09 06:00
WTS,2000-07-09 15:20,2000-07-09 16:20
WTS,2000-07-10 23:15,2000-07-11 05:15
WTS,2000-07-17 02:45,2000-07-17 05:45
WTS,2000-07-18 02:45,2000-07-18 11:45
WTS,2000-07-18 23:00,2000-07-19 06:00
WTS,2000-07-19 11:00,2000-07-19 14:30
WTS,2000-07-19 19:15,2000-07-19 21:15
WTS,2000-07-20 03:00,2000-07-20 06:00
WTS,2000-07-20 08:50,2000-07-20 16:30
WTS,2000-07-21 06:50,2000-07-21 10:30
WTS,2000-07-21 14:25,2000-07-21 17:30
WTS,2000-07-31 21:45,2000-08-01 12:30
WTS,2000-08-02 02:55,2000-08-02 10:05
WTS,2000-08-02 12:05,2000-08-02 15:00
WTS,2000-08-03 00:40,2000-08-03 08:30
WTS,2000-08-03 09:30,2000-08-03 13:30
WTS,2000-08-04 03:40,2000-08-04 11:45
WTS,2000-08-04 13:00,2000-08-04 16:00
WTS,2000-08-05 08:45,2000-08-05 11:45
WTS,2000-08-05 13:30,2000-08-05 16:30
WTS,2000-08-06 08:05,2000-08-06 10:50
WTS,2000-08-08 14:55,2000-08-08 15:55
WTS,2000-08-12 22:15,2000-08-13 05:15
WTS,2000-08-14 00:45,2000-08-14 05:45
WTS,2000-08-14 07:25,2000-08-14 08:25
WTS,2000-08-14 14:25,2000-08-14 16:25
WTS,2000-08-15 10:00,2000-08-15 11:00
WTS,2000-08-15 11:30,2000-08-15 13:30
WTS,2000-08-16 01:25,2000-08-16 07:25
WTS,2000-08-16 23:15,2000-08-17 05:15
WTS,2000-08-17 14:55,2000-08-17 15:55
WTS,2000-08-18 14:35,2000-08-18 17:35
WTS,2000-08-23 14:05,2000-08-23 15:05
WTS,2000-08-23 17:00,2000-08-24 10:00
WTS,2000-08-24 10:45,2000-08-24 18:45
WTS,2000-08-24 19:15,2000-08-25 12:30
WTS,2000-08-25 23:55,2000-08-26 16:00
WTS,2000-08-27 00:10,2000-08-27 06:00
WTS,2000-08-27 13:00,2000-08-27 19:00
WTS,2000-08-30 17:20,2000-08-30 19:30
WTS,2000-08-31 16:30,2000-08-31 20:30
WTS,2000-08-31 23:45,2000-09-01 12:00
WTS,2000-09-01 22:30,2000-09-02 14:00
WTS,2000-09-02 16:00,2000-09-02 18:00
WTS,2000-09-03 00:45,2000-09-03 07:30
WTS,2000-09-06 17:00,2000-09-06 19:00
WTS,2000-09-07 14:30,2000-09-07 16:30
WTS,2000-09-07 19:05,2000-09-07 21:05
WTS,2000-09-25 07:30,2000-09-25 08:30
WTS,2000-10-04 12:45,2000-10-04 14:45
WTS,2000-10-05 13:40,2000-10-05 14:40
WTS,2000-10-06 07:40,2000-10-06 08:40
WTS,2000-10-06 12:10,2000-10-06 14:00
WTS,2000-10-07 13:05,2000-10-07 14:05
WTS,2000-10-07 16:50,2000-10-07 18:50
WTS,2000-10-22 04:50,2000-10-22 06:50
WTS,2001-01-25 09:10,2001-01-25 14:00
WTS,2001-01-26 00:30,2001-01-26 08:30
WTS,2001-03-25 12:15,2001-03-25 15:15
WTS,2001-04-04 05:45,2001-04-04 15:00
WTS,2001-04-09 15:05,2001-04-09 20:00
WTS,2001-04-11 02:20,2001-04-11 06:20
WTS,2001-04-18 13:40,2001-04-18 15:40
WTS,2001-04-21 10:15,2001-04-21 15:00
WTS,2001-04-22 04:45,2001-04-22 08:00
WTS,2001-04-24 18:00,2001-04-24 20:00
WTS,2001-04-30 23:45,2001-05-01 08:30
WTS,2001-05-08 04:35,2001-05-08 06:35
WTS,2001-05-08 21:35,2001-05-09 08:00
WTS,2001-05-09 14:30,2001-05-09 17:30
WTS,2001-05-17 19:05,2001-05-17 21:05
WTS,2001-05-17 22:45,2001-05-18 16:30
WTS,2001-05-19 14:00,2001-05-19 18:00
WTS,2001-05-21 16:35,2001-05-21 21:35
WTS,2001-05-22 04:25,2001-05-22 07:25
WTS,2001-05-22 11:50,2001-05-22 15:00
WTS,2001-05-22 15:45,2001-05-22 19:30
WTS,2001-05-30 11:20,2001-05-30 21:00
WTS,2001-06-02 13:30,2001-06-02 15:30
WTS,2001-06-03 22:45,2001-06-04 05:45
WTS,2001-06-04 10:40,2001-06-04 15:00
WTS,2001-06-04 23:55,2001-06-05 09:00
WTS,2001-06-05 13:45,2001-06-06 12:00
WTS,2001-06-06 17:30,2001-06-06 21:30
WTS,2001-06-06 23:30,2001-06-08 18:00
WTS,2001-06-09 00:00,2001-06-09 15:00
WTS,2001-06-09 23:45,2001-06-10 14:00
WTS,2001-06-11 01:10,2001-06-11 15:15
WTS,2001-06-12 00:30,2001-06-12 15:30
WTS,2001-06-13 01:00,2001-06-13 12:00
WTS,2001-06-13 15:20,2001-06-13 19:20
WTS,2001-06-15 06:50,2001-06-15 12:00
WTS,2001-06-16 06:45,2001-06-16 07:45
WTS,2001-06-16 10:20,2001-06-16 11:20
WTS,2001-06-16 12:15,2001-06-16 16:00
WTS,2001-06-17 09:10,2001-06-17 10:45
WTS,2001-06-20 13:00,2001-06-20 17:00
WTS,2001-06-23 14:15,2001-06-24 08:00
WTS,2001-06-24 18:25,2001-06-24 19:25
WTS,2001-06-25 16:45,2001-06-25 22:30
WTS,2001-06-26 05:50,2001-06-26 07:50
WTS,2001-06-26 13:45,2001-06-26 18:45
WTS,2001-06-26 21:50,2001-06-27 22:00
WTS,2001-06-28 04:05,2001-06-28 07:00
WTS,2001-06-30 07:20,2001-06-30 09:20
WTS,2001-06-30 10:35,2001-06-30 12:35
WTS,2001-06-30 13:50,2001-06-30 18:00
WTS,2001-07-01 02:00,2001-07-01 07:00
WTS,2001-07-01 16:15,2001-07-01 20:30
WTS,2001-07-03 01:45,2001-07-03 07:45
WTS,2001-07-05 16:25,2001-07-05 18:25
WTS,2001-07-06 17:00,2001-07-07 00:00
WTS,2001-07-12 23:00,2001-07-13 06:00
WTS,2001-07-15 00:15,2001-07-15 19:00
WTS,2001-07-16 14:00,2001-07-16 19:00
WTS,2001-07-17 01:30,2001-07-18 09:00
WTS,2001-07-18 10:30,2001-07-18 15:30
WTS,2001-07-19 02:50,2001-07-19 08:35
WTS,2001-07-19 12:15,2001-07-19 13:15
WTS,2001-07-20 05:50,2001-07-20 06:50
WTS,2001-07-20 09:25,2001-07-20 13:30
WTS,2001-07-20 20:30,2001-07-21 07:00
WTS,2001-07-21 08:30,2001-07-21 11:30
WTS,2001-07-21 13:00,2001-07-21 15:00
WTS,2001-07-24 12:30,2001-07-24 19:00
WTS,2001-07-26 12:40,2001-07-26 15:40
WTS,2001-07-27 01:30,2001-07-27 06:30
WTS,2001-08-01 13:10,2001-08-01 17:10
WTS,2001-08-02 11:25,2001-08-03 09:00
WTS,2001-08-10 17:30,2001-08-10 21:30
WTS,2001-08-11 00:20,2001-08-11 06:20
WTS,2001-08-12 14:50,2001-08-12 15:50
WTS,2001-08-12 17:30,2001-08-13 06:00
WTS,2001-08-13 14:45,2001-08-13 16:45
WTS,2001-08-14 12:15,2001-08-14 13:15
WTS,2001-08-14 22:45,2001-08-15 07:00
WTS,2001-08-15 13:50,2001-08-15 16:50
WTS,2001-08-15 20:55,2001-08-15 23:55
WTS,2001-08-16 12:05,2001-08-16 15:05
WTS,2001-08-16 18:25,2001-08-16 21:25
WTS,2001-08-18 15:55,2001-08-18 18:00
WTS,2001-08-19 12:40,2001-08-19 14:30
WTS,2001-08-27 13:30,2001-08-28 06:00
WTS,2001-08-29 15:10,2001-08-29 17:10
WTS,2001-08-30 01:50,2001-08-30 17:00
WTS,2001-08-30 20:45,2001-08-31 12:00
WTS,2001-08-31 23:30,2001-09-01 13:00
WTS,2001-09-01 15:00,2001-09-02 06:00
WTS,2001-09-02 10:00,2001-09-02 12:00
WTS,2001-09-02 23:00,2001-09-03 15:00
WTS,2001-09-05 03:25,2001-09-05 11:30
WTS,2001-09-06 12:30,2001-09-06 19:30
WTS,2001-09-07 10:00,2001-09-08 06:00
WTS,2001-09-14 14:35,2001-09-14 16:35
WTS,2001-09-18 13:30,2001-09-18 15:30
WTS,2001-09-20 18:40,2001-09-21 15:30
WTS,2001-10-04 14:35,2001-10-04 16:35
WTS,2001-10-09 03:35,2001-10-09 06:35
WTS,2002-03-23 05:40,2002-03-23 09:40
WTS,2002-03-24 05:40,2002-03-24 07:40
WTS,2002-03-29 19:30,2002-03-30 06:00
WTS,2002-03-30 17:10,2002-03-31 06:00
WTS,2002-03-31 07:55,2002-03-31 12:00
WTS,2002-03-31 13:35,2002-03-31 15:35
WTS,2002-04-06 09:10,2002-04-06 11:00
WTS,2002-04-10 15:10,2002-04-10 17:10
WTS,2002-05-10 03:45,2002-05-10 08:45
WTS,2002-05-10 14:45,2002-05-10 16:55
WTS,2002-05-11 01:30,2002-05-11 06:30
WTS,2002-05-12 07:50,2002-05-12 09:50
WTS,2002-05-14 16:45,2002-05-14 23:00
WTS,2002-05-16 10:00,2002-05-16 12:00
WTS,2002-05-16 19:05,2002-05-17 08:00
WTS,2002-05-19 09:00,2002-05-19 11:00
WTS,2002-05-19 16:25,2002-05-19 21:00
WTS,2002-05-20 19:30,2002-05-21 06:00
WTS,2002-05-22 14:15,2002-05-23 06:15
WTS,2002-05-30 14:45,2002-05-30 20:00
WTS,2002-05-31 00:10,2002-05-31 06:10
WTS,2002-06-01 14:50,2002-06-01 15:45
WTS,2002-06-01 23:00,2002-06-02 06:00
WTS,2002-06-02 11:35,2002-06-02 15:35
WTS,2002-06-03 03:35,2002-06-03 06:35
WTS,2002-06-09 11:10,2002-06-09 19:45
WTS,2002-06-10 05:35,2002-06-10 09:45
WTS,2002-06-10 15:30,2002-06-10 19:30
WTS,2002-06-11 00:30,2002-06-11 22:00
WTS,2002-06-12 00:15,2002-06-12 12:00
WTS,2002-06-16 07:08,2002-06-16 09:08
WTS,2002-06-16 09:25,2002-06-16 10:25
WTS,2002-06-16 12:15,2002-06-16 14:15
WTS,2002-06-19 17:10,2002-06-19 19:10
WTS,2002-06-20 06:20,2002-06-20 10:00
WTS,2002-06-20 12:46,2002-06-20 16:15
WTS,2002-06-23 15:20,2002-06-23 17:30
WTS,2002-06-27 09:05,2002-06-27 11:05
WTS,2002-06-29 03:45,2002-06-29 07:40
WTS,2002-07-01 12:40,2002-07-01 15:00
WTS,2002-07-01 20:35,2002-07-02 08:00
WTS,2002-07-02 17:20,2002-07-02 19:20
WTS,2002-07-03 12:40,2002-07-03 14:40
WTS,2002-07-03 15:20,2002-07-03 19:00
WTS,2002-07-04 12:45,2002-07-04 14:45
WTS,2002-07-06 03:20,2002-07-06 15:30
WTS,2002-07-07 11:40,2002-07-07 15:30
WTS,2002-07-09 00:00,2002-07-09 06:00
WTS,2002-07-09 19:50,2002-07-09 21:50
WTS,2002-07-13 15:45,2002-07-13 16:45
WTS,2002-07-14 11:55,2002-07-14 13:55
WTS,2002-07-16 11:50,2002-07-16 17:00
WTS,2002-07-16 19:30,2002-07-16 21:30
WTS,2002-07-17 01:00,2002-07-17 09:00
WTS,2002-07-18 22:50,2002-07-19 05:50
WTS,2002-07-19 15:25,2002-07-19 17:25
WTS,2002-07-19 19:05,2002-07-19 21:05
WTS,2002-07-20 01:40,2002-07-20 05:40
WTS,2002-07-20 23:30,2002-07-21 03:30
WTS,2002-07-21 15:50,2002-07-21 16:50
WTS,2002-07-21 18:30,2002-07-21 22:30
WTS,2002-07-22 11:35,2002-07-22 16:00
WTS,2002-07-23 13:50,2002-07-23 15:50
WTS,2002-07-24 08:30,2002-07-24 09:30
WTS,2002-07-24 12:10,2002-07-24 14:10
WTS,2002-07-25 01:35,2002-07-25 06:35
WTS,2002-07-26 02:30,2002-07-26 09:30
WTS,2002-07-26 11:00,2002-07-26 15:00
WTS,2002-07-27 10:15,2002-07-27 12:15
WTS,2002-07-27 13:05,2002-07-27 15:05
WTS,2002-07-28 06:30,2002-07-28 15:00
WTS,2002-07-28 19:00,2002-07-28 20:00
WTS,2002-07-29 02:25,2002-07-29 04:25
WTS,2002-07-29 11:00,2002-07-29 15:00
WTS,2002-07-29 17:55,2002-07-29 19:55
WTS,2002-07-30 09:20,2002-07-30 15:00
WTS,2002-07-31 08:35,2002-07-31 09:35
WTS,2002-07-31 10:35,2002-07-31 14:30
WTS,2002-08-02 01:35,2002-08-02 06:35
WTS,2002-08-02 14:30,2002-08-02 19:00
WTS,2002-08-03 06:50,2002-08-03 09:50
WTS,2002-08-03 16:50,2002-08-03 19:50
WTS,2002-08-05 13:05,2002-08-05 17:50
WTS,2002-08-06 01:10,2002-08-06 14:00
WTS,2002-08-07 13:25,2002-08-07 15:00
WTS,2002-08-08 02:00,2002-08-08 10:00
WTS,2002-08-09 05:00,2002-08-09 19:00
WTS,2002-08-10 02:20,2002-08-10 13:30
WTS,2002-08-19 07:45,2002-08-19 09:45
WTS,2002-08-19 14:40,2002-08-19 15:40
WTS,2002-08-30 14:05,2002-08-30 16:05
WTS,2002-08-31 14:15,2002-08-31 15:15
WTS,2002-09-01 17:05,2002-09-01 18:05
WTS,2002-09-02 08:25,2002-09-02 09:25
WTS,2002-09-02 10:50,2002-09-02 12:50
WTS,2002-09-03 10:50,2002-09-03 14:30
WTS,2002-09-03 15:15,2002-09-03 19:15
WTS,2002-09-10 15:20,2002-09-10 22:30
WTS,2002-09-12 10:40,2002-09-12 11:40
WTS,2002-09-13 11:55,2002-09-13 14:15
WTS,2002-09-14 09:10,2002-09-14 11:10
WTS,2002-09-14 19:20,2002-09-15 18:30
WTS,2002-09-15 19:30,2002-09-16 05:30
WTS,2002-09-16 12:15,2002-09-17 05:30
WTS,2002-09-17 07:40,2002-09-17 10:40
WTS,2002-09-17 13:00,2002-09-17 21:00
WTS,2002-09-17 23:00,2002-09-18 05:00
WTS,2002-09-22 00:40,2002-09-22 09:00
WTS,2002-10-06 06:20,2002-10-06 08:20
WTS,2002-10-18 02:00,2002-10-18 13:30
WTS,2002-10-21 03:35,2002-10-21 08:30
WTS,2002-12-19 20:10,2002-12-19 22:10
WTS,2002-12-20 13:55,2002-12-20 15:55
WTS,2003-04-08 17:45,2003-04-09 01:00
WTS,2003-04-30 04:30,2003-04-30 05:30
WTS,2003-05-03 18:05,2003-05-04 00:05
WTS,2003-05-04 02:30,2003-05-04 09:00
WTS,2003-05-04 10:40,2003-05-04 14:00
WTS,2003-05-04 18:20,2003-05-04 21:30
WTS,2003-05-04 23:00,2003-05-06 01:00
WTS,2003-05-08 11:55,2003-05-08 13:55
WTS,2003-05-09 00:05,2003-05-09 01:35
WTS,2003-05-14 20:15,2003-05-14 23:55
WTS,2003-05-17 21:50,2003-05-18 06:30
WTS,2003-05-24 12:20,2003-05-24 15:30
WTS,2003-05-24 22:00,2003-05-25 09:00
WTS,2003-05-25 14:30,2003-05-25 20:30
WTS,2003-06-06 09:20,2003-06-06 12:20
WTS,2003-06-06 17:35,2003-06-06 21:35
WTS,2003-06-07 07:45,2003-06-07 11:45
WTS,2003-06-07 15:15,2003-06-07 17:45
WTS,2003-06-07 19:10,2003-06-07 21:10
WTS,2003-06-09 01:50,2003-06-09 17:50
WTS,2003-06-10 03:20,2003-06-10 11:30
WTS,2003-06-10 12:15,2003-06-10 14:30
WTS,2003-06-10 19:15,2003-06-11 15:45
WTS,2003-06-12 12:30,2003-06-12 15:30
WTS,2003-06-13 05:50,2003-06-13 11:50
WTS,2003-06-13 14:40,2003-06-13 23:00
WTS,2003-06-14 03:05,2003-06-14 12:00
WTS,2003-06-14 17:00,2003-06-14 19:00
WTS,2003-06-14 20:30,2003-06-14 21:30
WTS,2003-06-15 03:42,2003-06-15 04:30
WTS,2003-06-15 12:05,2003-06-15 17:30
WTS,2003-06-15 21:35,2003-06-16 03:35
WTS,2003-06-16 10:10,2003-06-16 12:10
WTS,2003-06-20 07:30,2003-06-20 09:30
WTS,2003-06-20 12:40,2003-06-20 14:40
WTS,2003-06-20 23:59,2003-06-21 03:00
WTS,2003-06-21 07:20,2003-06-21 09:20
WTS,2003-06-21 10:30,2003-06-21 12:30
WTS,2003-06-21 16:50,2003-06-22 00:00
WTS,2003-06-22 12:35,2003-06-22 14:35
WTS,2003-06-23 11:45,2003-06-23 12:45
WTS,2003-06-26 06:45,2003-06-26 09:45
WTS,2003-06-28 00:50,2003-06-28 03:40
WTS,2003-06-28 07:10,2003-06-28 09:10
WTS,2003-06-28 12:42,2003-06-28 13:42
WTS,2003-07-10 07:43,2003-07-10 13:40
WTS,2003-07-10 14:40,2003-07-10 16:40
WTS,2003-07-10 18:30,2003-07-10 21:25
WTS,2003-07-10 22:25,2003-07-11 01:25
WTS,2003-07-11 03:30,2003-07-11 06:30
WTS,2003-07-11 12:50,2003-07-11 15:50
WTS,2003-07-11 16:20,2003-07-11 16:50
WTS,2003-07-12 06:55,2003-07-12 07:55
WTS,2003-07-20 12:15,2003-07-20 15:15
WTS,2003-07-21 00:05,2003-07-21 01:05
WTS,2003-07-21 06:00,2003-07-21 09:30
WTS,2003-07-21 12:50,2003-07-21 13:50
WTS,2003-07-21 15:20,2003-07-21 16:20
WTS,2003-07-21 18:25,2003-07-21 22:25
WTS,2003-07-23 15:45,2003-07-23 17:45
WTS,2003-08-04 18:21,2003-08-05 03:00
WTS,2003-08-05 19:00,2003-08-05 21:00
WTS,2003-08-05 21:30,2003-08-05 23:40
WTS,2003-08-06 00:50,2003-08-06 05:50
WTS,2003-08-06 11:55,2003-08-06 16:35
WTS,2003-08-07 13:50,2003-08-07 15:50
WTS,2003-08-07 20:50,2003-08-07 22:50
WTS,2003-08-08 09:45,2003-08-08 12:45
WTS,2003-08-09 00:45,2003-08-09 05:00
WTS,2003-08-09 13:56,2003-08-09 14:56
WTS,2003-08-12 13:35,2003-08-12 16:35
WTS,2003-08-14 03:05,2003-08-14 04:05
WTS,2003-08-14 11:05,2003-08-14 14:25
WTS,2003-08-15 14:00,2003-08-15 16:00
WTS,2003-08-16 07:55,2003-08-16 15:30
WTS,2003-08-16 23:45,2003-08-17 05:00
WTS,2003-08-17 15:30,2003-08-17 20:30
WTS,2003-08-18 16:45,2003-08-18 18:45
WTS,2003-08-19 15:45,2003-08-19 17:45
WTS,2003-08-19 18:55,2003-08-19 23:55
WTS,2003-08-20 13:20,2003-08-20 18:30
WTS,2003-08-21 00:40,2003-08-21 05:40
WTS,2003-08-21 11:25,2003-08-21 16:30
WTS,2003-08-21 23:10,2003-08-22 06:10
WTS,2003-08-22 07:52,2003-08-22 13:00
WTS,2003-08-22 15:50,2003-08-22 21:00
WTS,2003-08-24 03:20,2003-08-24 06:20
WTS,2003-08-25 10:10,2003-08-25 12:10
WTS,2003-08-25 12:20,2003-08-25 13:20
WTS,2003-08-25 14:25,2003-08-25 16:25
WTS,2003-08-25 17:15,2003-08-25 19:15
WTS,2003-08-25 21:25,2003-08-25 23:25
WTS,2003-08-31 23:15,2003-09-01 01:15
WTS,2003-09-01 20:40,2003-09-01 22:40
WTS,2003-09-03 16:35,2003-09-03 20:30
WTS,2003-09-03 21:05,2003-09-03 22:05
WTS,2003-09-03 22:15,2003-09-04 00:15
WTS,2003-09-05 07:20,2003-09-05 08:35
WTS,2003-09-05 16:10,2003-09-05 19:00
WTS,2003-09-05 23:10,2003-09-06 01:00
WTS,2003-09-06 10:50,2003-09-06 14:00
WTS,2003-09-06 15:55,2003-09-06 19:00
WTS,2003-09-07 02:50,2003-09-07 06:30
WTS,2003-09-07 07:40,2003-09-07 08:40
WTS,2003-09-07 16:05,2003-09-07 18:05
WTS,2003-09-07 18:17,2003-09-08 02:30
WTS,2003-09-10 21:10,2003-09-10 22:40
WTS,2003-09-14 00:50,2003-09-14 02:05
WTS,2003-09-14 07:40,2003-09-14 09:05
WTS,2003-09-15 04:10,2003-09-15 06:10
WTS,2003-09-15 12:30,2003-09-15 14:30
WTS,2003-09-15 20:00,2003-09-15 23:30
WTS,2003-09-16 08:50,2003-09-16 09:50
WTS,2003-09-16 14:50,2003-09-16 19:00
WTS,2003-09-19 14:55,2003-09-19 15:55
WTS,2003-09-20 19:35,2003-09-20 21:35
WTS,2003-09-21 13:20,2003-09-21 18:00
WTS,2003-10-11 10:25,2003-10-11 12:25
WTS,2003-10-11 14:00,2003-10-11 17:00
WTS,2003-10-13 15:30,2003-10-13 17:20
WTS,2003-11-08 12:37,2003-11-08 16:15
WTS,2004-03-17 13:40,2004-03-17 15:40
WTS,2004-03-30 03:00,2004-03-30 09:00
WTS,2004-03-30 17:35,2004-03-31 05:45
WTS,2004-04-01 03:00,2004-04-01 05:00
WTS,2004-04-01 10:15,2004-04-01 17:15
WTS,2004-04-13 21:35,2004-04-13 23:00
WTS,2004-04-14 02:45,2004-04-14 06:45
WTS,2004-04-17 10:25,2004-04-17 12:25
WTS,2004-04-17 15:50,2004-04-17 19:30
WTS,2004-04-27 04:25,2004-04-27 08:25
WTS,2004-05-04 06:30,2004-05-04 12:30
WTS,2004-05-08 01:30,2004-05-08 10:30
WTS,2004-05-14 03:20,2004-05-14 05:20
WTS,2004-05-14 06:20,2004-05-14 12:00
WTS,2004-05-27 13:50,2004-05-27 14:50
WTS,2004-05-28 10:20,2004-05-29 00:20
WTS,2004-05-29 05:25,2004-05-29 07:25
WTS,2004-05-29 11:15,2004-05-29 14:45
WTS,2004-05-30 13:00,2004-05-30 16:00
WTS,2004-06-01 13:20,2004-06-01 14:20
WTS,2004-06-02 16:27,2004-06-02 17:27
WTS,2004-06-15 07:50,2004-06-15 11:50
WTS,2004-06-16 04:50,2004-06-16 12:00
WTS,2004-06-17 13:50,2004-06-17 14:50
WTS,2004-06-20 21:45,2004-06-21 09:30
WTS,2004-06-30 12:25,2004-06-30 16:35
WTS,2004-07-01 14:06,2004-07-01 14:35
WTS,2004-07-02 14:25,2004-07-02 16:25
WTS,2004-07-03 00:15,2004-07-03 10:00
WTS,2004-07-03 14:15,2004-07-03 17:00
WTS,2004-07-03 21:40,2004-07-03 23:40
WTS,2004-07-04 14:05,2004-07-04 19:05
WTS,2004-07-04 19:40,2004-07-04 21:40
WTS,2004-07-06 00:25,2004-07-06 06:25
WTS,2004-07-06 06:27,2004-07-06 07:27
WTS,2004-07-07 09:40,2004-07-07 13:40
WTS,2004-07-10 12:15,2004-07-10 13:15
WTS,2004-07-10 15:05,2004-07-11 06:30
WTS,2004-07-11 07:10,2004-07-11 09:30
WTS,2004-07-11 13:15,2004-07-11 15:00
WTS,2004-07-11 15:35,2004-07-11 18:07
WTS,2004-07-12 04:40,2004-07-12 07:40
WTS,2004-07-12 10:20,2004-07-12 11:20
WTS,2004-07-12 20:50,2004-07-12 23:30
WTS,2004-07-13 04:43,2004-07-13 11:30
WTS,2004-07-17 00:45,2004-07-17 12:45
WTS,2004-07-18 14:50,2004-07-18 15:50
WTS,2004-07-19 11:05,2004-07-19 13:05
WTS,2004-07-20 02:45,2004-07-20 09:30
WTS,2004-07-20 12:00,2004-07-20 13:00
WTS,2004-07-20 22:18,2004-07-20 23:18
WTS,2004-07-21 04:05,2004-07-21 05:05
WTS,2004-07-21 08:10,2004-07-21 12:00
WTS,2004-07-21 16:45,2004-07-21 18:45
WTS,2004-07-21 20:40,2004-07-21 21:40
WTS,2004-07-22 03:45,2004-07-22 07:30
WTS,2004-07-26 12:15,2004-07-26 15:00
WTS,2004-07-27 14:50,2004-07-27 16:50
WTS,2004-07-28 04:28,2004-07-28 05:55
WTS,2004-07-28 11:35,2004-07-28 15:35
WTS,2004-07-28 21:30,2004-07-28 22:30
WTS,2004-07-29 00:15,2004-07-29 13:15
WTS,2004-08-04 12:42,2004-08-04 14:42
WTS,2004-08-04 18:15,2004-08-04 19:40
WTS,2004-08-04 21:40,2004-08-04 23:40
WTS,2004-08-05 03:10,2004-08-05 06:10
WTS,2004-08-05 10:28,2004-08-05 14:00
WTS,2004-08-06 02:38,2004-08-06 14:40
WTS,2004-08-08 14:20,2004-08-08 17:00
WTS,2004-08-10 21:20,2004-08-10 22:20
WTS,2004-08-11 06:30,2004-08-11 07:30
WTS,2004-08-11 12:00,2004-08-11 20:00
WTS,2004-08-12 08:15,2004-08-12 09:15
WTS,2004-08-14 03:35,2004-08-14 07:25
WTS,2004-08-14 19:35,2004-08-14 21:35
WTS,2004-08-18 16:00,2004-08-18 17:00
WTS,2004-08-19 11:10,2004-08-19 15:10
WTS,2004-08-19 17:00,2004-08-19 18:30
WTS,2004-08-20 03:30,2004-08-20 06:00
WTS,2004-08-20 11:35,2004-08-20 15:00
WTS,2004-08-20 19:10,2004-08-20 21:10
WTS,2004-08-21 02:00,2004-08-21 06:00
WTS,2004-08-21 07:15,2004-08-21 09:15
WTS,2004-08-21 09:55,2004-08-21 17:00
WTS,2004-08-22 07:25,2004-08-22 12:00
WTS,2004-08-23 14:40,2004-08-23 17:40
WTS,2004-08-24 12:40,2004-08-24 21:00
WTS,2004-08-29 07:00,2004-08-29 12:00
WTS,2004-08-29 13:10,2004-08-29 16:00
WTS,2004-08-29 18:00,2004-08-29 19:30
WTS,2004-08-30 01:00,2004-08-30 03:45
WTS,2004-08-30 08:35,2004-08-30 11:45
WTS,2004-08-30 19:45,2004-08-30 20:50
WTS,2004-08-31 03:26,2004-08-31 06:26
WTS,2004-09-02 13:37,2004-09-02 15:05
WTS,2004-09-03 11:00,2004-09-03 15:45
WTS,2004-09-06 05:45,2004-09-06 08:45
WTS,2004-09-06 16:15,2004-09-06 22:00
WTS,2004-09-07 14:50,2004-09-07 16:50
WTS,2004-09-08 01:15,2004-09-08 14:15
WTS,2004-09-08 17:15,2004-09-08 19:40
WTS,2004-09-08 21:00,2004-09-08 23:00
WTS,2004-09-09 03:40,2004-09-09 06:20
WTS,2004-09-09 08:30,2004-09-09 10:30
WTS,2004-09-17 11:15,2004-09-17 16:00
WTS,2004-09-18 02:10,2004-09-18 06:10
WTS,2004-09-18 10:10,2004-09-18 11:45
WTS,2004-09-18 12:10,2004-09-18 14:10
WTS,2004-09-19 06:55,2004-09-19 16:00
WTS,2004-09-20 12:07,2004-09-20 14:07
WTS,2004-09-21 14:05,2004-09-21 16:05
WTS,2004-09-21 18:50,2004-09-21 22:50
WTS,2004-09-22 15:25,2004-09-22 17:25
WTS,2004-10-01 19:48,2004-10-01 23:00
WTS,2005-02-27 09:55,2005-02-27 10:55
WTS,2005-03-01 00:30,2005-03-01 02:30
WTS,2005-03-03 09:20,2005-03-03 11:20
WTS,2005-03-22 09:50,2005-03-22 13:30
WTS,2005-03-23 17:45,2005-03-23 19:45
WTS,2005-04-13 04:20,2005-04-13 07:30
WTS,2005-04-25 20:35,2005-04-25 22:35
WTS,2005-05-04 13:25,2005-05-04 16:00
WTS,2005-05-06 02:15,2005-05-06 07:15
WTS,2005-05-08 08:05,2005-05-08 14:00
WTS,2005-05-09 11:25,2005-05-09 15:30
WTS,2005-05-09 18:45,2005-05-09 22:45
WTS,2005-05-10 00:40,2005-05-10 06:00
WTS,2005-05-10 07:20,2005-05-10 13:30
WTS,2005-05-10 19:45,2005-05-10 21:45
WTS,2005-05-15 23:58,2005-05-16 04:30
WTS,2005-05-17 09:55,2005-05-17 14:00
WTS,2005-05-18 15:35,2005-05-18 17:35
WTS,2005-05-18 21:05,2005-05-19 15:00
WTS,2005-05-19 16:45,2005-05-19 17:45
WTS,2005-05-20 10:45,2005-05-20 12:45
WTS,2005-05-20 14:20,2005-05-20 16:20
WTS,2005-05-20 19:00,2005-05-21 00:00
WTS,2005-05-23 04:35,2005-05-23 12:00
WTS,2005-05-23 14:50,2005-05-23 16:50
WTS,2005-05-24 01:30,2005-05-24 12:45
WTS,2005-05-26 08:25,2005-05-26 09:45
WTS,2005-05-26 12:35,2005-05-26 14:30
WTS,2005-05-26 19:30,2005-05-27 01:30
WTS,2005-05-27 13:10,2005-05-27 14:20
WTS,2005-05-27 17:30,2005-05-28 00:30
WTS,2005-06-01 16:50,2005-06-01 21:00
WTS,2005-06-02 07:30,2005-06-02 13:00
WTS,2005-06-03 17:00,2005-06-03 19:00
WTS,2005-06-03 20:30,2005-06-04 00:00
WTS,2005-06-04 06:50,2005-06-04 08:50
WTS,2005-06-04 11:00,2005-06-04 15:00
WTS,2005-06-04 22:35,2005-06-05 02:30
WTS,2005-06-12 18:00,2005-06-12 21:00
WTS,2005-06-13 08:08,2005-06-13 11:15
WTS,2005-06-13 13:25,2005-06-13 15:30
WTS,2005-06-14 12:55,2005-06-15 00:00
WTS,2005-06-15 07:50,2005-06-15 23:55
WTS,2005-06-16 06:15,2005-06-16 16:30
WTS,2005-06-17 00:30,2005-06-17 02:30
WTS,2005-06-17 13:40,2005-06-17 16:40
WTS,2005-06-18 01:30,2005-06-18 12:30
WTS,2005-06-20 09:55,2005-06-20 12:00
WTS,2005-06-21 07:05,2005-06-21 16:00
WTS,2005-06-21 21:20,2005-06-22 14:00
WTS,2005-06-23 01:45,2005-06-23 14:00
WTS,2005-06-23 14:15,2005-06-23 20:00
WTS,2005-06-23 23:50,2005-06-24 14:30
WTS,2005-06-25 09:05,2005-06-25 13:00
WTS,2005-06-26 04:30,2005-06-26 06:30
WTS,2005-06-26 08:00,2005-06-26 10:00
WTS,2005-06-26 11:10,2005-06-26 18:20
WTS,2005-06-27 17:20,2005-06-27 18:50
WTS,2005-06-29 12:20,2005-06-29 14:30
WTS,2005-06-29 18:45,2005-06-30 00:45
WTS,2005-06-30 06:20,2005-06-30 07:30
WTS,2005-06-30 10:45,2005-06-30 14:15
WTS,2005-06-30 20:20,2005-06-30 22:55
WTS,2005-07-01 03:15,2005-07-01 05:15
WTS,2005-07-01 15:30,2005-07-01 19:30
WTS,2005-07-07 04:55,2005-07-07 13:00
WTS,2005-07-07 14:00,2005-07-08 02:00
WTS,2005-07-09 08:45,2005-07-09 11:25
WTS,2005-07-09 12:30,2005-07-09 13:30
WTS,2005-07-10 07:15,2005-07-10 09:00
WTS,2005-07-13 04:00,2005-07-13 05:15
WTS,2005-07-16 12:20,2005-07-16 13:45
WTS,2005-07-18 23:30,2005-07-19 04:30
WTS,2005-07-20 19:55,2005-07-21 05:30
WTS,2005-07-21 08:15,2005-07-21 08:45
WTS,2005-07-21 16:05,2005-07-21 18:50
WTS,2005-07-22 03:35,2005-07-22 13:00
WTS,2005-07-23 12:25,2005-07-23 15:00
WTS,2005-07-28 07:20,2005-07-28 09:15
WTS,2005-07-29 14:00,2005-07-29 15:00
WTS,2005-07-30 04:05,2005-07-30 05:00
WTS,2005-07-30 07:40,2005-07-30 12:00
WTS,2005-07-30 17:30,2005-07-30 18:15
WTS,2005-07-31 02:00,2005-07-31 13:00
WTS,2005-08-01 01:05,2005-08-01 03:30
WTS,2005-08-05 06:15,2005-08-05 07:30
WTS,2005-08-05 14:40,2005-08-05 16:45
WTS,2005-08-06 04:35,2005-08-06 07:45
WTS,2005-08-06 14:00,2005-08-06 15:00
WTS,2005-08-07 02:25,2005-08-07 04:30
WTS,2005-08-07 09:45,2005-08-07 10:45
WTS,2005-08-09 02:40,2005-08-09 12:00
WTS,2005-08-09 20:05,2005-08-10 00:15
WTS,2005-08-10 14:40,2005-08-10 15:45
WTS,2005-08-10 16:55,2005-08-10 18:00
WTS,2005-08-11 00:01,2005-08-11 02:00
WTS,2005-08-12 18:00,2005-08-13 06:00
WTS,2005-08-13 10:45,2005-08-13 13:45
WTS,2005-08-13 15:55,2005-08-14 03:00
WTS,2005-08-15 08:55,2005-08-15 13:00
WTS,2005-08-15 14:10,2005-08-15 19:20
WTS,2005-08-16 03:20,2005-08-16 11:00
WTS,2005-08-17 00:15,2005-08-17 06:00
WTS,2005-08-17 09:40,2005-08-17 10:30
WTS,2005-08-18 06:20,2005-08-18 07:30
WTS,2005-08-19 20:00,2005-08-19 23:30
WTS,2005-08-20 05:55,2005-08-20 18:30
WTS,2005-08-21 04:15,2005-08-21 07:30
WTS,2005-08-21 09:00,2005-08-21 20:45
WTS,2005-08-22 02:05,2005-08-22 08:00
WTS,2005-08-24 09:20,2005-08-24 14:30
WTS,2005-08-25 05:15,2005-08-25 06:30
WTS,2005-08-26 12:20,2005-08-26 13:30
WTS,2005-08-26 22:55,2005-08-27 00:00
WTS,2005-08-27 05:15,2005-08-27 06:30
WTS,2005-08-27 08:40,2005-08-27 10:00
WTS,2005-08-28 16:10,2005-08-28 17:10
WTS,2005-08-29 01:00,2005-08-29 05:00
WTS,2005-08-29 14:20,2005-08-29 15:05
WTS,2005-08-30 08:05,2005-08-30 10:00
WTS,2005-08-31 23:05,2005-09-01 01:00
WTS,2005-09-03 05:20,2005-09-03 11:45
WTS,2005-09-03 14:25,2005-09-03 16:30
WTS,2005-09-04 08:08,2005-09-04 15:30
WTS,2005-09-06 15:30,2005-09-06 18:30
WTS,2005-09-07 23:30,2005-09-08 06:00
WTS,2005-09-08 14:10,2005-09-08 16:30
WTS,2005-09-09 12:15,2005-09-09 14:15
WTS,2005-09-09 18:30,2005-09-09 20:00
WTS,2005-09-10 15:07,2005-09-10 17:30
WTS,2005-09-10 19:10,2005-09-10 21:30
WTS,2005-09-12 10:35,2005-09-12 11:30
WTS,2005-09-13 02:00,2005-09-13 06:00
WTS,2005-09-13 11:50,2005-09-13 13:00
WTS,2005-09-14 06:20,2005-09-14 08:30
WTS,2005-09-17 13:45,2005-09-17 17:00
WTS,2005-09-18 16:20,2005-09-18 18:15
WTS,2005-09-18 19:45,2005-09-18 22:45
WTS,2005-09-19 01:20,2005-09-19 06:00
WTS,2005-09-20 06:15,2005-09-20 09:15
WTS,2005-09-25 03:15,2005-09-25 06:00
WTS,2005-09-25 09:55,2005-09-25 12:00
WTS,2005-09-25 18:35,2005-09-25 20:00
WTS,2005-09-25 21:00,2005-09-26 00:30
WTS,2005-09-26 00:50,2005-09-26 11:00
WTS,2005-09-27 08:35,2005-09-27 11:30
WTS,2005-09-27 12:30,2005-09-27 16:00
WTS,2005-10-02 04:20,2005-10-02 06:00
WTS,2005-10-02 15:25,2005-10-02 19:15
WTS,2005-10-04 22:50,2005-10-05 00:30
WTS,2006-02-28 11:15,2006-02-28 12:45
WTS,2006-03-23 10:35,2006-03-23 14:00
WTS,2006-03-24 02:55,2006-03-24 09:00
WTS,2006-03-24 12:30,2006-03-24 15:30
WTS,2006-03-25 13:00,2006-03-25 15:00
WTS,2006-04-15 18:00,2006-04-15 22:00
WTS,2006-04-24 00:15,2006-04-24 14:00
WTS,2006-04-26 06:00,2006-04-26 07:20
WTS,2006-04-27 02:00,2006-04-27 09:00
WTS,2006-04-28 02:45,2006-04-28 11:00
WTS,2006-04-28 12:30,2006-04-28 13:30
WTS,2006-05-02 16:05,2006-05-02 19:00
WTS,2006-05-02 20:15,2006-05-03 12:00
WTS,2006-05-05 10:05,2006-05-05 15:00
WTS,2006-05-11 12:35,2006-05-11 13:30
WTS,2006-05-13 13:25,2006-05-13 14:30
WTS,2006-05-21 14:10,2006-05-21 17:00
WTS,2006-05-22 16:45,2006-05-23 01:30
WTS,2006-05-23 02:50,2006-05-23 05:00
WTS,2006-05-23 08:37,2006-05-23 17:45
WTS,2006-05-23 18:30,2006-05-23 20:30
WTS,2006-05-27 07:10,2006-05-27 16:00
WTS,2006-05-28 01:30,2006-05-28 06:00
WTS,2006-05-28 09:35,2006-05-28 14:45
WTS,2006-05-31 03:00,2006-05-31 15:15
WTS,2006-06-01 04:30,2006-06-01 09:00
WTS,2006-06-01 11:20,2006-06-01 14:45
WTS,2006-06-02 00:05,2006-06-02 02:00
WTS,2006-06-02 07:15,2006-06-02 15:15
WTS,2006-06-02 16:15,2006-06-02 16:45
WTS,2006-06-02 17:40,2006-06-02 21:00
WTS,2006-06-02 22:15,2006-06-03 06:00
WTS,2006-06-03 10:50,2006-06-03 14:00
WTS,2006-06-03 15:30,2006-06-03 16:30
WTS,2006-06-05 07:45,2006-06-05 08:45
WTS,2006-06-06 09:10,2006-06-06 10:15
WTS,2006-06-07 09:25,2006-06-07 10:30
WTS,2006-06-08 22:50,2006-06-09 06:00
WTS,2006-06-09 07:25,2006-06-09 15:20
WTS,2006-06-09 18:00,2006-06-09 23:00
WTS,2006-06-12 09:30,2006-06-12 10:30
WTS,2006-06-12 13:35,2006-06-12 14:45
WTS,2006-06-13 02:15,2006-06-13 07:00
WTS,2006-06-18 13:30,2006-06-18 14:30
WTS,2006-06-18 14:50,2006-06-18 17:00
WTS,2006-06-18 21:30,2006-06-18 23:00
WTS,2006-06-19 06:00,2006-06-19 09:00
WTS,2006-06-19 11:15,2006-06-19 13:15
WTS,2006-06-20 10:55,2006-06-20 12:00
WTS,2006-06-20 13:20,2006-06-20 16:30
WTS,2006-06-20 18:10,2006-06-20 19:15
WTS,2006-06-20 23:45,2006-06-21 05:00
WTS,2006-06-21 10:40,2006-06-21 12:45
WTS,2006-06-21 13:20,2006-06-21 14:30
WTS,2006-06-21 15:35,2006-06-21 16:45
WTS,2006-06-22 08:30,2006-06-22 15:00
WTS,2006-06-26 13:13,2006-06-26 14:15
WTS,2006-06-27 06:40,2006-06-27 09:00
WTS,2006-06-27 12:15,2006-06-27 14:15
WTS,2006-06-28 09:05,2006-06-28 16:00
WTS,2006-06-28 16:20,2006-06-28 18:00
WTS,2006-06-29 08:20,2006-06-29 10:00
WTS,2006-06-29 11:20,2006-06-29 12:30
WTS,2006-06-30 01:45,2006-06-30 06:00
WTS,2006-06-30 10:40,2006-06-30 11:45
WTS,2006-07-02 09:10,2006-07-02 10:45
WTS,2006-07-03 16:50,2006-07-03 18:00
WTS,2006-07-04 01:40,2006-07-04 06:00
WTS,2006-07-04 08:40,2006-07-04 11:30
WTS,2006-07-07 10:05,2006-07-07 12:20
WTS,2006-07-08 07:05,2006-07-08 11:30
WTS,2006-07-09 08:25,2006-07-09 12:30
WTS,2006-07-10 04:55,2006-07-10 08:30
WTS,2006-07-10 09:25,2006-07-10 12:30
WTS,2006-07-11 04:25,2006-07-11 12:30
WTS,2006-07-13 14:45,2006-07-13 15:30
WTS,2006-07-13 18:40,2006-07-13 20:00
WTS,2006-07-14 18:10,2006-07-14 20:45
WTS,2006-07-15 00:30,2006-07-15 07:30
WTS,2006-07-15 09:30,2006-07-15 14:00
WTS,2006-07-15 17:35,2006-07-15 19:30
WTS,2006-07-16 01:05,2006-07-16 08:30
WTS,2006-07-16 09:30,2006-07-16 13:00
WTS,2006-07-16 16:15,2006-07-16 17:30
WTS,2006-07-24 14:45,2006-07-24 17:45
WTS,2006-07-25 23:55,2006-07-26 06:00
WTS,2006-07-26 22:00,2006-07-27 00:00
WTS,2006-07-27 03:45,2006-07-27 10:00
WTS,2006-07-28 01:35,2006-07-28 10:30
WTS,2006-07-28 12:55,2006-07-28 14:00
WTS,2006-07-28 20:40,2006-07-28 21:45
WTS,2006-07-29 04:00,2006-07-29 07:50
WTS,2006-07-29 09:50,2006-07-29 15:00
WTS,2006-07-29 16:30,2006-07-29 19:30
WTS,2006-08-02 04:40,2006-08-02 06:00
WTS,2006-08-05 04:03,2006-08-05 07:00
WTS,2006-08-05 09:50,2006-08-05 11:00
WTS,2006-08-06 04:40,2006-08-06 08:00
WTS,2006-08-08 13:50,2006-08-08 15:00
WTS,2006-08-09 16:55,2006-08-10 06:00
WTS,2006-08-18 23:00,2006-08-19 04:30
WTS,2006-08-20 12:15,2006-08-20 16:00
WTS,2006-08-24 10:25,2006-08-24 14:30
WTS,2006-08-24 17:00,2006-08-24 20:00
WTS,2006-08-24 22:00,2006-08-25 08:15
WTS,2006-08-25 12:40,2006-08-25 15:00
WTS,2006-08-25 15:55,2006-08-25 17:00
WTS,2006-08-25 17:50,2006-08-26 08:10
WTS,2006-08-27 04:45,2006-08-27 06:00
WTS,2006-08-28 02:30,2006-08-28 06:00
WTS,2006-08-28 10:30,2006-08-28 15:10
WTS,2006-08-28 17:00,2006-08-28 21:00
WTS,2006-09-02 12:15,2006-09-02 15:00
WTS,2006-09-03 07:35,2006-09-03 11:00
WTS,2006-09-03 11:30,2006-09-03 15:30
WTS,2006-09-04 04:15,2006-09-04 13:30
WTS,2006-09-06 01:50,2006-09-06 06:00
WTS,2006-09-06 13:30,2006-09-06 15:30
WTS,2006-09-06 19:30,2006-09-06 23:30
WTS,2006-09-07 07:20,2006-09-07 13:55
WTS,2006-09-08 10:20,2006-09-08 14:00
WTS,2006-09-09 04:00,2006-09-09 06:00
WTS,2006-09-09 10:50,2006-09-09 20:00
WTS,2006-09-09 22:15,2006-09-10 01:45
WTS,2006-09-13 03:35,2006-09-13 23:45
WTS,2006-09-14 12:05,2006-09-14 14:30
WTS,2006-09-15 14:42,2006-09-15 22:45
WTS,2006-10-16 05:15,2006-10-16 06:30
WTS,2006-11-21 13:45,2006-11-22 06:00
WTS,2007-03-19 03:15,2007-03-19 07:45
WTS,2007-04-02 11:35,2007-04-02 18:00
WTS,2007-04-03 00:25,2007-04-03 04:30
WTS,2007-04-03 21:45,2007-04-04 03:00
WTS,2007-04-04 18:20,2007-04-04 20:15
WTS,2007-04-04 22:00,2007-04-04 23:00
WTS,2007-04-17 20:00,2007-04-17 22:00
WTS,2007-04-22 17:55,2007-04-22 19:00
WTS,2007-04-23 07:15,2007-04-23 09:15
WTS,2007-04-24 09:15,2007-04-24 14:30
WTS,2007-04-24 16:00,2007-04-24 20:30
WTS,2007-04-25 13:35,2007-04-25 15:15
WTS,2007-05-16 19:35,2007-05-16 20:45
WTS,2007-05-18 17:15,2007-05-18 20:15
WTS,2007-05-19 12:50,2007-05-19 20:00
WTS,2007-05-20 06:20,2007-05-20 14:30
WTS,2007-05-22 04:40,2007-05-22 14:00
WTS,2007-05-23 07:15,2007-05-23 09:15
WTS,2007-05-27 01:20,2007-05-27 07:00
WTS,2007-05-27 11:55,2007-05-27 17:00
WTS,2007-05-28 03:00,2007-05-28 07:00
WTS,2007-05-28 10:40,2007-05-28 15:00
WTS,2007-05-30 12:50,2007-05-30 14:00
WTS,2007-05-31 05:30,2007-05-31 09:00
WTS,2007-06-01 01:05,2007-06-01 04:45
WTS,2007-06-01 07:30,2007-06-01 08:30
WTS,2007-06-02 01:36,2007-06-02 06:45
WTS,2007-06-02 07:10,2007-06-02 08:15
WTS,2007-06-02 13:40,2007-06-02 15:45
WTS,2007-06-04 09:40,2007-06-04 11:45
WTS,2007-06-05 08:40,2007-06-05 09:45
WTS,2007-06-06 09:40,2007-06-06 11:45
WTS,2007-06-06 15:00,2007-06-06 16:00
WTS,2007-06-06 16:40,2007-06-06 17:15
WTS,2007-06-06 23:20,2007-06-07 15:00
WTS,2007-06-08 07:45,2007-06-08 12:15
WTS,2007-06-08 15:00,2007-06-08 17:00
WTS,2007-06-09 15:00,2007-06-09 18:00
WTS,2007-06-10 01:50,2007-06-10 16:00
WTS,2007-06-11 13:20,2007-06-11 17:30
WTS,2007-06-12 11:35,2007-06-12 16:00
WTS,2007-06-12 19:30,2007-06-12 21:30
WTS,2007-06-13 02:00,2007-06-13 06:00
WTS,2007-06-13 10:20,2007-06-13 13:30
WTS,2007-06-13 19:00,2007-06-13 22:00
WTS,2007-06-14 03:00,2007-06-14 05:15
WTS,2007-06-14 06:30,2007-06-14 08:30
WTS,2007-06-14 12:30,2007-06-14 13:30
WTS,2007-06-14 17:45,2007-06-14 19:45
WTS,2007-06-17 04:45,2007-06-17 07:45
WTS,2007-06-17 08:30,2007-06-17 11:30
WTS,2007-06-19 12:30,2007-06-19 13:30
WTS,2007-06-20 12:45,2007-06-20 15:00
WTS,2007-06-21 12:35,2007-06-21 14:15
WTS,2007-06-22 16:05,2007-06-22 17:45
WTS,2007-06-24 10:15,2007-06-24 13:00
WTS,2007-06-25 07:25,2007-06-25 13:30
WTS,2007-06-26 11:10,2007-06-26 15:00
WTS,2007-06-26 18:00,2007-06-26 20:00
WTS,2007-06-26 20:30,2007-06-26 22:30
WTS,2007-06-27 03:15,2007-06-27 14:15
WTS,2007-06-27 21:20,2007-06-28 14:30
WTS,2007-06-29 03:15,2007-06-29 07:15
WTS,2007-06-29 10:25,2007-06-29 15:25
WTS,2007-06-29 19:30,2007-06-29 21:30
WTS,2007-06-30 00:30,2007-06-30 07:45
WTS,2007-06-30 10:30,2007-06-30 12:00
WTS,2007-06-30 12:35,2007-06-30 15:45
WTS,2007-06-30 20:30,2007-06-30 22:00
WTS,2007-06-30 22:50,2007-07-01 00:30
WTS,2007-07-01 09:00,2007-07-01 10:30
WTS,2007-07-01 13:48,2007-07-01 16:30
WTS,2007-07-02 04:50,2007-07-02 06:00
WTS,2007-07-02 16:40,2007-07-02 18:45
WTS,2007-07-05 13:50,2007-07-05 15:00
WTS,2007-07-05 16:35,2007-07-05 19:00
WTS,2007-07-05 22:25,2007-07-06 00:30
WTS,2007-07-16 04:30,2007-07-16 06:30
WTS,2007-07-17 00:35,2007-07-17 09:00
WTS,2007-07-18 04:10,2007-07-18 06:00
WTS,2007-07-19 03:05,2007-07-19 04:45
WTS,2007-07-27 06:30,2007-07-27 07:30
WTS,2007-07-27 07:45,2007-07-27 09:15
WTS,2007-07-27 13:40,2007-07-27 15:15
WTS,2007-07-28 05:30,2007-07-28 08:30
WTS,2007-07-29 07:50,2007-07-29 10:00
WTS,2007-07-29 14:20,2007-07-29 15:30
WTS,2007-07-30 13:57,2007-07-30 15:00
WTS,2007-07-31 11:53,2007-07-31 13:00
WTS,2007-08-01 12:35,2007-08-01 15:45
WTS,2007-08-04 13:20,2007-08-04 14:30
WTS,2007-08-05 10:15,2007-08-05 16:15
WTS,2007-08-05 17:30,2007-08-05 19:30
WTS,2007-08-06 02:20,2007-08-06 06:00
WTS,2007-08-06 07:10,2007-08-06 23:30
WTS,2007-08-07 08:30,2007-08-07 11:30
WTS,2007-08-08 16:30,2007-08-08 18:50
WTS,2007-08-12 10:40,2007-08-12 11:30
WTS,2007-08-13 11:20,2007-08-13 13:00
WTS,2007-08-14 11:45,2007-08-14 16:00
WTS,2007-08-14 19:10,2007-08-14 21:15
WTS,2007-08-14 22:10,2007-08-15 01:30
WTS,2007-08-15 16:15,2007-08-15 21:15
WTS,2007-08-18 19:30,2007-08-18 21:30
WTS,2007-08-20 05:00,2007-08-20 10:30
WTS,2007-08-20 18:00,2007-08-20 21:00
WTS,2007-08-22 02:20,2007-08-22 12:00
WTS,2007-08-22 15:25,2007-08-22 18:00
WTS,2007-08-22 19:30,2007-08-22 21:30
WTS,2007-08-23 08:05,2007-08-23 09:30
WTS,2007-08-23 11:30,2007-08-23 13:30
WTS,2007-08-24 02:15,2007-08-24 06:15
WTS,2007-08-25 13:12,2007-08-25 17:15
WTS,2007-08-25 18:30,2007-08-25 20:30
WTS,2007-08-25 20:50,2007-08-25 23:00
WTS,2007-08-26 15:15,2007-08-26 17:15
WTS,2007-08-27 07:30,2007-08-27 08:30
WTS,2007-08-27 18:45,2007-08-27 21:45
WTS,2007-08-28 21:22,2007-08-29 03:30
WTS,2007-08-29 12:50,2007-08-29 16:00
WTS,2007-08-30 11:35,2007-08-30 13:45
WTS,2007-08-30 15:00,2007-08-30 18:00
WTS,2007-08-31 13:33,2007-08-31 15:45
WTS,2007-09-02 06:30,2007-09-02 08:30
WTS,2007-09-02 10:00,2007-09-02 15:00
WTS,2007-09-03 04:15,2007-09-03 05:45
WTS,2007-09-03 09:15,2007-09-03 14:15
WTS,2007-09-04 05:00,2007-09-04 08:30
WTS,2007-09-04 12:30,2007-09-04 13:30
WTS,2007-09-04 16:45,2007-09-04 18:45
WTS,2007-09-04 20:15,2007-09-05 00:30
WTS,2007-09-11 22:45,2007-09-12 00:45
WTS,2007-09-24 02:25,2007-09-24 03:30
WTS,2007-09-24 08:20,2007-09-24 10:15
WTS,2007-09-24 13:15,2007-09-24 16:15
WTS,2007-09-25 08:15,2007-09-25 10:15
WTS,2007-09-25 11:35,2007-09-25 15:45
WTS,2008-03-22 13:15,2008-03-22 18:15
WTS,2008-04-12 17:35,2008-04-12 21:45
WTS,2008-04-19 13:30,2008-04-20 01:45
WTS,2008-05-05 14:10,2008-05-05 15:15
WTS,2008-05-05 20:05,2008-05-06 00:00
WTS,2008-05-09 21:45,2008-05-09 23:25
WTS,2008-05-24 02:55,2008-05-24 06:45
WTS,2008-05-25 09:15,2008-05-25 13:00
WTS,2008-05-26 09:37,2008-05-26 11:00
WTS,2008-05-26 14:10,2008-05-26 16:45
WTS,2008-05-26 17:30,2008-05-26 19:00
WTS,2008-05-28 10:05,2008-05-28 13:00
WTS,2008-05-29 07:20,2008-05-29 13:00
WTS,2008-05-30 03:15,2008-05-30 07:30
WTS,2008-05-30 08:35,2008-05-30 19:00
WTS,2008-05-31 11:45,2008-05-31 13:45
WTS,2008-06-01 03:15,2008-06-01 07:15
WTS,2008-06-02 03:30,2008-06-02 09:30
WTS,2008-06-02 14:20,2008-06-02 17:15
WTS,2008-06-03 08:55,2008-06-03 10:00
WTS,2008-06-03 12:15,2008-06-03 20:30
WTS,2008-06-04 08:25,2008-06-04 10:00
WTS,2008-06-04 14:40,2008-06-04 16:00
WTS,2008-06-05 13:55,2008-06-05 16:30
WTS,2008-06-06 11:13,2008-06-06 14:30
WTS,2008-06-07 03:55,2008-06-07 14:00
WTS,2008-06-07 14:40,2008-06-07 21:45
WTS,2008-06-08 02:15,2008-06-08 04:00
WTS,2008-06-08 08:15,2008-06-08 10:15
WTS,2008-06-08 11:15,2008-06-08 12:15
WTS,2008-06-09 06:45,2008-06-09 07:45
WTS,2008-06-11 05:40,2008-06-11 09:30
WTS,2008-06-11 13:05,2008-06-11 14:00
WTS,2008-06-12 00:10,2008-06-12 01:15
WTS,2008-06-12 03:55,2008-06-12 07:50
WTS,2008-06-12 12:35,2008-06-12 13:30
WTS,2008-06-12 20:10,2008-06-13 06:00
WTS,2008-06-13 08:50,2008-06-14 09:30
WTS,2008-06-14 10:15,2008-06-14 11:15
WTS,2008-06-14 22:15,2008-06-14 23:15
WTS,2008-06-15 02:15,2008-06-15 08:00
WTS,2008-06-15 11:45,2008-06-15 13:45
WTS,2008-06-16 05:36,2008-06-16 11:30
WTS,2008-06-16 13:07,2008-06-16 15:15
WTS,2008-06-16 16:30,2008-06-17 09:30
WTS,2008-06-17 16:15,2008-06-17 19:45
WTS,2008-06-18 10:35,2008-06-18 12:00
WTS,2008-06-18 14:30,2008-06-19 04:45
WTS,2008-06-25 06:25,2008-06-25 10:30
WTS,2008-06-25 14:20,2008-06-25 15:15
WTS,2008-06-26 06:00,2008-06-26 12:00
WTS,2008-06-26 22:35,2008-06-27 07:30
WTS,2008-06-27 08:30,2008-06-27 10:30
WTS,2008-06-28 05:20,2008-06-28 19:00
WTS,2008-06-29 05:40,2008-06-29 12:15
WTS,2008-06-29 18:20,2008-06-29 19:45
WTS,2008-06-30 03:30,2008-06-30 06:00
WTS,2008-06-30 07:45,2008-06-30 10:15
WTS,2008-06-30 15:25,2008-06-30 16:00
WTS,2008-07-01 04:25,2008-07-01 05:00
WTS,2008-07-05 12:15,2008-07-05 14:15
WTS,2008-07-05 14:50,2008-07-05 16:00
WTS,2008-07-06 01:45,2008-07-06 06:00
WTS,2008-07-06 09:15,2008-07-06 14:30
WTS,2008-07-06 16:05,2008-07-06 20:00
WTS,2008-07-07 02:45,2008-07-07 10:30
WTS,2008-07-07 12:20,2008-07-07 13:30
WTS,2008-07-07 21:20,2008-07-08 00:30
WTS,2008-07-08 07:20,2008-07-08 11:45
WTS,2008-07-08 15:40,2008-07-08 16:45
WTS,2008-07-08 18:45,2008-07-08 20:00
WTS,2008-07-08 23:05,2008-07-09 14:30
WTS,2008-07-09 16:30,2008-07-09 19:00
WTS,2008-07-09 22:55,2008-07-10 12:00
WTS,2008-07-10 13:40,2008-07-10 15:00
WTS,2008-07-11 02:10,2008-07-11 09:00
WTS,2008-07-11 20:15,2008-07-11 22:15
WTS,2008-07-11 23:15,2008-07-12 07:30
WTS,2008-07-13 03:05,2008-07-13 07:00
WTS,2008-07-13 10:45,2008-07-13 14:45
WTS,2008-07-14 13:50,2008-07-14 15:00
WTS,2008-07-14 17:05,2008-07-15 07:30
WTS,2008-07-15 13:00,2008-07-15 16:15
WTS,2008-07-16 12:20,2008-07-16 14:30
WTS,2008-07-19 08:10,2008-07-19 11:00
WTS,2008-07-19 19:30,2008-07-19 20:30
WTS,2008-07-20 13:05,2008-07-20 14:15
WTS,2008-07-21 02:05,2008-07-21 04:30
WTS,2008-07-27 14:15,2008-07-27 18:00
WTS,2008-07-28 18:10,2008-07-28 20:30
WTS,2008-07-28 21:20,2008-07-28 23:00
WTS,2008-07-30 05:40,2008-07-30 07:45
WTS,2008-07-31 14:10,2008-07-31 16:15
WTS,2008-08-04 16:50,2008-08-04 19:00
WTS,2008-08-06 12:30,2008-08-06 15:30
WTS,2008-08-07 23:25,2008-08-08 10:00
WTS,2008-08-08 10:05,2008-08-08 11:30
WTS,2008-08-12 14:55,2008-08-12 15:30
WTS,2008-08-21 13:40,2008-08-21 15:45
WTS,2008-08-21 17:15,2008-08-21 18:15
WTS,2008-09-01 22:15,2008-09-02 07:00
WTS,2008-09-02 11:10,2008-09-02 14:00
WTS,2008-09-02 14:45,2008-09-02 16:45
WTS,2008-09-03 02:05,2008-09-03 10:00
WTS,2008-09-04 01:05,2008-09-04 02:15
WTS,2008-09-05 04:20,2008-09-05 06:00
WTS,2008-09-05 10:45,2008-09-05 14:45
WTS,2008-09-06 11:10,2008-09-06 15:15
WTS,2008-09-07 14:45,2008-09-07 15:45
WTS,2008-09-07 21:00,2008-09-08 06:00
WTS,2008-09-11 15:00,2008-09-11 16:00
WTS,2008-09-11 16:50,2008-09-11 18:00
WTS,2008-09-12 17:30,2008-09-12 18:30
WTS,2008-09-17 13:30,2008-09-17 14:30
WTS,2008-09-17 18:00,2008-09-17 19:00
WTS,2008-09-18 07:05,2008-09-18 12:00
WTS,2008-09-18 19:50,2008-09-18 21:00
WTS,2008-09-19 02:15,2008-09-19 14:35
WTS,2008-09-19 23:50,2008-09-20 07:00
WTS,2008-09-23 14:15,2008-09-23 16:15
WTS,2008-09-24 10:10,2008-09-24 18:00
WTS,2008-09-25 14:50,2008-09-25 16:00
WTS,2008-09-25 22:40,2008-09-26 00:30
WTS,2008-09-26 15:05,2008-09-26 16:30
WTS,2008-09-26 23:45,2008-09-27 02:20
WTS,2008-10-04 02:10,2008-10-04 06:00
WTS,2008-10-04 17:00,2008-10-04 18:00
WTS,2008-10-05 00:10,2008-10-05 12:00
WTS,2008-10-05 17:00,2008-10-05 21:00
WTS,2008-11-03 09:45,2008-11-03 11:45
WTS,2009-03-05 13:20,2009-03-05 17:30
WTS,2009-03-05 18:10,2009-03-06 06:00
WTS,2009-03-06 09:00,2009-03-06 13:30
WTS,2009-03-07 02:50,2009-03-07 04:45
WTS,2009-03-24 07:20,2009-03-24 09:45
WTS,2009-03-25 02:45,2009-03-25 07:00
WTS,2009-03-25 12:00,2009-03-25 14:00
WTS,2009-03-27 07:20,2009-03-27 08:30
WTS,2009-03-27 14:24,2009-03-27 17:30
WTS,2009-03-29 02:00,2009-03-29 06:00
WTS,2009-03-29 07:25,2009-03-29 09:00
WTS,2009-04-13 15:05,2009-04-13 17:15
WTS,2009-04-16 00:40,2009-04-16 06:00
WTS,2009-04-25 03:40,2009-04-25 13:30
WTS,2009-05-19 02:15,2009-05-19 06:15
WTS,2009-05-20 17:45,2009-05-20 20:45
WTS,2009-05-21 01:55,2009-05-21 08:30
WTS,2009-05-21 10:25,2009-05-21 12:30
WTS,2009-05-21 13:40,2009-05-21 15:00
WTS,2009-05-21 15:50,2009-05-21 18:00
WTS,2009-05-23 00:50,2009-05-23 09:30
WTS,2009-05-23 11:45,2009-05-24 01:45
WTS,2009-05-24 07:05,2009-05-24 17:30
WTS,2009-05-25 06:15,2009-05-25 07:15
WTS,2009-05-25 11:20,2009-05-25 15:00
WTS,2009-05-26 01:30,2009-05-26 04:00
WTS,2009-05-27 14:10,2009-05-27 15:15
WTS,2009-06-03 09:15,2009-06-03 13:30
WTS,2009-06-03 23:30,2009-06-04 05:30
WTS,2009-06-08 17:25,2009-06-08 19:00
WTS,2009-06-08 21:00,2009-06-09 02:00
WTS,2009-06-09 06:15,2009-06-09 08:15
WTS,2009-06-09 10:20,2009-06-09 15:00
WTS,2009-06-10 12:30,2009-06-10 15:30
WTS,2009-06-11 03:45,2009-06-11 13:00
WTS,2009-06-11 18:15,2009-06-11 19:45
WTS,2009-06-12 09:20,2009-06-12 13:00
WTS,2009-06-13 16:45,2009-06-13 17:45
WTS,2009-06-13 19:55,2009-06-13 22:00
WTS,2009-06-14 00:55,2009-06-14 05:00
WTS,2009-06-14 07:10,2009-06-14 15:30
WTS,2009-06-14 22:05,2009-06-15 06:00
WTS,2009-06-15 07:50,2009-06-15 09:00
WTS,2009-06-15 18:05,2009-06-15 20:15
WTS,2009-06-15 23:10,2009-06-16 09:30
WTS,2009-06-16 10:40,2009-06-16 15:00
WTS,2009-06-19 06:35,2009-06-19 13:45
WTS,2009-06-20 16:20,2009-06-20 18:00
WTS,2009-06-21 04:10,2009-06-21 07:40
WTS,2009-06-22 07:05,2009-06-22 08:30
WTS,2009-06-22 09:00,2009-06-22 15:00
WTS,2009-06-22 16:00,2009-06-22 19:45
WTS,2009-06-23 07:35,2009-06-23 09:00
WTS,2009-06-23 12:30,2009-06-23 18:30
WTS,2009-06-23 22:00,2009-06-24 13:00
WTS,2009-06-25 11:20,2009-06-25 14:00
WTS,2009-06-26 23:55,2009-06-27 06:00
WTS,2009-06-27 10:05,2009-06-27 16:00
WTS,2009-06-27 23:25,2009-06-28 06:00
WTS,2009-06-28 11:20,2009-06-28 20:15
WTS,2009-06-30 03:50,2009-06-30 06:15
WTS,2009-07-03 12:45,2009-07-03 14:00
WTS,2009-07-04 06:30,2009-07-04 16:30
WTS,2009-07-04 18:00,2009-07-05 05:00
WTS,2009-07-05 09:25,2009-07-06 06:00
WTS,2009-07-15 21:40,2009-07-16 00:45
WTS,2009-07-16 14:50,2009-07-16 16:15
WTS,2009-07-18 14:55,2009-07-18 20:00
WTS,2009-07-19 09:10,2009-07-19 15:00
WTS,2009-07-20 00:25,2009-07-20 03:30
WTS,2009-07-25 06:45,2009-07-25 07:45
WTS,2009-07-25 11:35,2009-07-25 12:45
WTS,2009-07-26 13:15,2009-07-26 15:30
WTS,2009-07-27 04:00,2009-07-27 07:00
WTS,2009-07-27 07:50,2009-07-27 13:00
WTS,2009-07-28 03:05,2009-07-28 08:30
WTS,2009-07-29 06:40,2009-07-29 09:15
WTS,2009-07-30 12:10,2009-07-30 13:15
WTS,2009-08-03 15:40,2009-08-03 18:00
WTS,2009-08-05 18:10,2009-08-05 23:30
WTS,2009-08-06 02:35,2009-08-06 07:30
WTS,2009-08-06 11:45,2009-08-06 15:00
WTS,2009-08-10 11:10,2009-08-10 13:00
WTS,2009-08-10 14:15,2009-08-10 18:00
WTS,2009-08-10 23:35,2009-08-11 09:00
WTS,2009-08-11 20:40,2009-08-12 07:00
WTS,2009-08-12 08:10,2009-08-12 14:15
WTS,2009-08-13 00:20,2009-08-13 09:15
WTS,2009-08-13 10:40,2009-08-13 14:00
WTS,2009-08-14 01:50,2009-08-14 10:00
WTS,2009-08-14 12:20,2009-08-14 15:00
WTS,2009-08-15 13:15,2009-08-15 15:00
WTS,2009-08-16 12:30,2009-08-16 13:30
WTS,2009-08-17 00:30,2009-08-17 03:00
WTS,2009-08-17 09:50,2009-08-17 14:00
WTS,2009-08-18 12:45,2009-08-18 15:45
WTS,2009-08-18 16:40,2009-08-18 18:15
WTS,2009-08-19 14:35,2009-08-19 17:00
WTS,2009-08-20 14:20,2009-08-20 15:30
WTS,2009-08-23 15:00,2009-08-23 17:30
WTS,2009-08-24 13:50,2009-08-24 16:00
WTS,2009-08-25 11:00,2009-08-25 13:00
WTS,2009-08-25 23:15,2009-08-26 01:15
WTS,2009-08-26 11:30,2009-08-26 14:00
WTS,2009-08-27 13:20,2009-08-27 15:30
WTS,2009-08-29 01:50,2009-08-29 03:10
WTS,2009-08-29 13:20,2009-08-29 16:00
WTS,2009-08-30 06:20,2009-08-30 10:30
WTS,2009-08-30 11:25,2009-08-30 14:30
WTS,2009-08-30 18:15,2009-08-30 19:30
WTS,2009-08-31 16:20,2009-08-31 21:00
WTS,2009-09-01 03:15,2009-09-01 04:45
WTS,2009-09-01 20:25,2009-09-02 01:45
WTS,2009-09-04 17:15,2009-09-04 18:15
WTS,2009-09-09 04:35,2009-09-09 08:30
WTS,2009-09-11 07:20,2009-09-11 09:30
WTS,2009-09-12 08:09,2009-09-12 09:45
WTS,2009-09-13 17:30,2009-09-13 21:00
WTS,2009-09-13 23:50,2009-09-14 01:00
WTS,2009-09-15 14:05,2009-09-15 15:15
WTS,2009-09-15 16:15,2009-09-15 20:15
WTS,2009-09-16 11:10,2009-09-16 16:15
WTS,2009-09-19 21:50,2009-09-20 02:00
WTS,2009-09-21 13:50,2009-09-21 19:00
WTS,2009-09-28 11:00,2009-09-28 18:00
WTS,2009-09-30 15:55,2009-09-30 20:00
WTS,2010-02-07 02:25,2010-02-07 04:00
WTS,2010-02-07 07:06,2010-02-07 08:30
WTS,2010-02-07 11:40,2010-02-07 15:00
WTS,2010-02-07 17:40,2010-02-07 19:45
WTS,2010-04-02 14:45,2010-04-02 15:45
WTS,2010-04-08 09:40,2010-04-08 11:45
WTS,2010-04-08 12:25,2010-04-08 14:15
WTS,2010-04-15 15:40,2010-04-15 19:45
WTS,2010-04-17 03:40,2010-04-17 06:45
WTS,2010-04-22 12:00,2010-04-22 15:00
WTS,2010-04-29 12:40,2010-04-29 18:45
WTS,2010-05-07 02:35,2010-05-07 09:00
WTS,2010-05-09 21:00,2010-05-10 04:00
WTS,2010-05-10 09:45,2010-05-10 14:00
WTS,2010-05-10 17:25,2010-05-10 19:50
WTS,2010-05-15 03:50,2010-05-15 08:30
WTS,2010-05-19 09:45,2010-05-19 21:45
WTS,2010-05-20 02:55,2010-05-20 09:00
WTS,2010-05-22 07:30,2010-05-22 09:00
WTS,2010-05-22 10:35,2010-05-22 11:40
WTS,2010-05-22 23:40,2010-05-23 01:45
WTS,2010-05-23 03:05,2010-05-23 07:00
WTS,2010-05-29 13:00,2010-05-29 14:15
WTS,2010-05-29 16:50,2010-05-29 21:00
WTS,2010-05-30 11:35,2010-05-30 18:30
WTS,2010-05-31 13:35,2010-05-31 14:45
WTS,2010-06-09 09:00,2010-06-09 12:30
WTS,2010-06-09 15:30,2010-06-09 19:30
WTS,2010-06-10 01:10,2010-06-10 14:30
WTS,2010-06-13 00:05,2010-06-13 07:30
WTS,2010-06-13 12:40,2010-06-13 14:10
WTS,2010-06-14 00:37,2010-06-14 05:15
WTS,2010-06-14 11:40,2010-06-14 12:45
WTS,2010-06-14 16:45,2010-06-14 17:45
WTS,2010-06-16 02:35,2010-06-16 06:30
WTS,2010-06-22 02:20,2010-06-22 03:35
WTS,2010-06-22 10:25,2010-06-22 12:00
WTS,2010-06-23 05:10,2010-06-23 08:15
WTS,2010-06-23 10:45,2010-06-23 12:45
WTS,2010-06-23 16:05,2010-06-23 19:15
WTS,2010-06-24 08:10,2010-06-24 12:15
WTS,2010-06-25 12:10,2010-06-25 14:00
WTS,2010-06-26 02:35,2010-06-26 20:30
WTS,2010-06-27 07:00,2010-06-27 15:00
WTS,2010-06-27 23:45,2010-06-28 01:00
WTS,2010-06-28 10:25,2010-06-28 16:20
WTS,2010-06-29 13:25,2010-06-29 15:30
WTS,2010-07-10 10:38,2010-07-10 11:30
WTS,2010-07-11 03:10,2010-07-11 04:30
WTS,2010-07-12 02:55,2010-07-12 06:00
WTS,2010-07-14 13:40,2010-07-14 15:00
WTS,2010-07-15 01:30,2010-07-15 04:30
WTS,2010-07-15 09:45,2010-07-15 11:45
WTS,2010-07-15 13:00,2010-07-15 17:00
WTS,2010-07-15 22:40,2010-07-16 00:45
WTS,2010-07-16 17:45,2010-07-16 19:15
WTS,2010-07-17 04:45,2010-07-17 07:00
WTS,2010-07-17 10:10,2010-07-17 11:15
WTS,2010-07-17 20:10,2010-07-18 02:00
WTS,2010-07-18 14:15,2010-07-18 15:15
WTS,2010-07-19 14:05,2010-07-19 16:15
WTS,2010-07-21 10:05,2010-07-21 15:45
WTS,2010-07-21 22:15,2010-07-22 00:15
WTS,2010-07-22 09:40,2010-07-23 01:45
WTS,2010-07-23 06:15,2010-07-23 10:30
WTS,2010-07-24 04:25,2010-07-24 07:30
WTS,2010-07-24 13:58,2010-07-24 15:30
WTS,2010-07-26 14:00,2010-07-26 16:00
WTS,2010-07-27 02:10,2010-07-27 04:00
WTS,2010-07-27 08:20,2010-07-27 23:40
WTS,2010-07-28 04:05,2010-07-28 21:30
WTS,2010-07-29 04:25,2010-07-29 06:15
WTS,2010-07-29 09:05,2010-07-29 10:15
WTS,2010-07-29 12:55,2010-07-29 14:00
WTS,2010-07-29 15:30,2010-07-29 16:30
WTS,2010-07-29 18:00,2010-07-29 21:00
WTS,2010-07-30 06:40,2010-07-30 07:25
WTS,2010-08-02 09:40,2010-08-02 11:30
WTS,2010-08-05 17:15,2010-08-05 23:15
WTS,2010-08-06 22:45,2010-08-07 01:45
WTS,2010-08-07 21:55,2010-08-08 02:20
WTS,2010-08-11 11:00,2010-08-11 17:00
WTS,2010-08-12 10:10,2010-08-12 11:30
WTS,2010-08-13 11:55,2010-08-13 13:00
WTS,2010-08-14 08:20,2010-08-14 10:30
WTS,2010-08-14 13:50,2010-08-14 15:15
WTS,2010-08-15 04:45,2010-08-15 06:30
WTS,2010-08-15 09:50,2010-08-15 14:00
WTS,2010-08-16 05:30,2010-08-16 09:30
WTS,2010-08-16 12:15,2010-08-16 15:40
WTS,2010-08-16 18:05,2010-08-16 19:30
WTS,2010-08-17 10:45,2010-08-17 14:00
WTS,2010-08-17 15:00,2010-08-17 17:00
WTS,2010-08-17 18:00,2010-08-18 00:00
WTS,2010-08-18 03:45,2010-08-18 04:45
WTS,2010-08-19 02:55,2010-08-19 04:30
WTS,2010-08-19 06:05,2010-08-19 11:50
WTS,2010-08-19 13:10,2010-08-19 14:15
WTS,2010-08-19 16:05,2010-08-19 19:00
WTS,2010-08-19 23:35,2010-08-20 05:00
WTS,2010-08-20 11:00,2010-08-20 13:00
WTS,2010-08-22 01:40,2010-08-22 03:45
WTS,2010-08-23 01:15,2010-08-23 04:30
WTS,2010-08-23 07:55,2010-08-23 11:00
WTS,2010-08-23 13:15,2010-08-23 15:30
WTS,2010-08-23 20:40,2010-08-24 05:00
WTS,2010-08-24 14:30,2010-08-24 16:30
WTS,2010-08-25 13:40,2010-08-25 14:45
WTS,2010-08-26 12:55,2010-08-26 13:55
WTS,2010-08-28 13:15,2010-08-28 16:30
WTS,2010-08-29 15:50,2010-08-29 21:00
WTS,2010-08-30 19:05,2010-08-30 20:15
WTS,2010-09-02 19:45,2010-09-02 21:45
WTS,2010-09-03 03:10,2010-09-03 14:00
WTS,2010-09-03 16:30,2010-09-04 01:30
WTS,2010-09-05 04:15,2010-09-05 09:30
WTS,2010-09-08 21:30,2010-09-09 04:30
WTS,2010-09-09 16:05,2010-09-09 20:15
WTS,2010-09-09 23:10,2010-09-10 04:45
WTS,2010-09-10 20:40,2010-09-11 13:30
WTS,2010-09-12 07:55,2010-09-12 10:00
WTS,2010-09-12 11:35,2010-09-12 14:30
WTS,2010-09-12 15:45,2010-09-12 20:45
WTS,2010-09-14 12:15,2010-09-14 14:15
WTS,2010-09-14 17:20,2010-09-14 19:15
WTS,2010-09-14 23:35,2010-09-15 01:30
WTS,2010-09-15 13:25,2010-09-15 16:30
WTS,2010-09-18 15:00,2010-09-18 17:15
WTS,2010-09-18 21:45,2010-09-19 01:45
WTS,2010-09-20 13:35,2010-09-20 21:30
WTS,2010-09-21 01:40,2010-09-21 06:00
WTS,2010-09-21 10:25,2010-09-21 19:15
WTS,2010-09-21 20:30,2010-09-21 22:30
WTS,2010-09-22 16:50,2010-09-22 18:15
WTS,2010-09-25 12:50,2010-09-25 14:00
WTS,2010-09-29 23:55,2010-09-30 02:45
WTS,2010-09-30 14:30,2010-09-30 15:15
WTS,2010-10-15 02:45,2010-10-15 08:45
WTS,2011-04-17 14:10,2011-04-17 18:15
WTS,2011-04-17 20:30,2011-04-17 23:30
WTS,2011-05-03 15:40,2011-05-03 18:00
WTS,2011-05-12 16:40,2011-05-12 18:45
WTS,2011-05-13 02:30,2011-05-13 16:00
WTS,2011-05-14 03:40,2011-05-14 06:00
WTS,2011-05-16 11:50,2011-05-16 19:00
WTS,2011-05-21 14:15,2011-05-21 17:15
WTS,2011-05-21 18:15,2011-05-21 21:15
WTS,2011-05-22 07:15,2011-05-22 15:15
WTS,2011-05-22 20:10,2011-05-23 02:30
WTS,2011-06-06 12:25,2011-06-06 13:30
WTS,2011-06-08 14:45,2011-06-08 16:15
WTS,2011-06-09 04:20,2011-06-09 05:30
WTS,2011-06-11 05:10,2011-06-11 10:15
WTS,2011-06-11 13:50,2011-06-11 23:00
WTS,2011-06-12 03:40,2011-06-12 09:45
WTS,2011-06-13 03:55,2011-06-13 05:00
WTS,2011-06-13 06:45,2011-06-13 09:15
WTS,2011-06-13 14:05,2011-06-13 15:15
WTS,2011-06-14 09:45,2011-06-14 14:00
WTS,2011-06-15 10:05,2011-06-15 11:45
WTS,2011-06-16 07:45,2011-06-16 13:45
WTS,2011-06-16 14:20,2011-06-16 18:30
WTS,2011-06-16 19:15,2011-06-16 21:15
WTS,2011-06-17 00:15,2011-06-17 15:00
WTS,2011-06-18 11:40,2011-06-18 12:45
WTS,2011-06-26 00:55,2011-06-26 03:00
WTS,2011-06-26 08:25,2011-06-26 11:30
WTS,2011-06-28 03:40,2011-06-28 09:45
WTS,2011-06-28 12:25,2011-06-28 17:15
WTS,2011-06-28 20:40,2011-06-28 23:45
WTS,2011-06-29 01:34,2011-06-29 05:45
WTS,2011-06-29 09:10,2011-06-29 16:00
WTS,2011-06-29 22:00,2011-06-30 02:00
WTS,2011-06-30 12:45,2011-06-30 16:15
WTS,2011-07-01 07:30,2011-07-01 12:30
WTS,2011-07-09 18:35,2011-07-09 20:10
WTS,2011-07-10 13:40,2011-07-10 16:45
WTS,2011-07-11 09:50,2011-07-11 18:00
WTS,2011-07-11 20:50,2011-07-12 01:30
WTS,2011-07-12 04:20,2011-07-12 14:15
WTS,2011-07-12 23:50,2011-07-13 03:00
WTS,2011-07-13 16:55,2011-07-13 18:00
WTS,2011-07-14 04:45,2011-07-14 06:45
WTS,2011-07-14 13:10,2011-07-14 16:45
WTS,2011-07-15 00:50,2011-07-15 09:30
WTS,2011-07-15 13:50,2011-07-15 15:20
WTS,2011-07-15 20:40,2011-07-16 04:00
WTS,2011-07-16 21:00,2011-07-16 23:00
WTS,2011-07-18 07:30,2011-07-18 09:30
WTS,2011-07-18 10:40,2011-07-18 11:45
WTS,2011-07-18 19:30,2011-07-18 22:30
WTS,2011-07-19 10:45,2011-07-19 13:45
WTS,2011-07-19 16:30,2011-07-19 18:00
WTS,2011-07-20 00:30,2011-07-20 03:30
WTS,2011-07-20 04:45,2011-07-20 11:45
WTS,2011-07-22 04:20,2011-07-22 06:00
WTS,2011-07-28 16:05,2011-07-28 18:00
WTS,2011-07-29 05:45,2011-07-29 08:45
WTS,2011-07-29 13:50,2011-07-29 16:30
WTS,2011-07-29 21:40,2011-07-29 23:00
WTS,2011-08-08 04:00,2011-08-08 06:45
WTS,2011-08-08 12:50,2011-08-08 15:00
WTS,2011-08-09 04:25,2011-08-09 09:15
WTS,2011-08-09 13:40,2011-08-09 17:00
WTS,2011-08-10 07:15,2011-08-10 11:30
WTS,2011-08-10 12:30,2011-08-10 14:30
WTS,2011-08-11 01:40,2011-08-11 07:00
WTS,2011-08-17 11:00,2011-08-17 15:00
WTS,2011-08-20 04:00,2011-08-20 06:00
WTS,2011-08-20 06:25,2011-08-20 07:30
WTS,2011-08-21 06:45,2011-08-21 09:00
WTS,2011-08-21 10:40,2011-08-21 11:30
WTS,2011-08-21 12:15,2011-08-21 14:15
WTS,2011-08-22 12:15,2011-08-22 16:15
WTS,2011-08-23 11:15,2011-08-23 14:15
WTS,2011-08-24 06:35,2011-08-24 08:45
WTS,2011-08-25 04:55,2011-08-25 07:00
WTS,2011-08-25 13:05,2011-08-25 18:15
WTS,2011-08-26 03:35,2011-08-26 05:45
WTS,2011-08-27 04:55,2011-08-27 06:00
WTS,2011-08-28 17:15,2011-08-28 19:15
WTS,2011-08-29 18:25,2011-08-29 21:45
WTS,2011-08-31 18:00,2011-08-31 19:00
WTS,2011-09-02 23:20,2011-09-03 13:00
WTS,2011-09-04 03:10,2011-09-04 04:15
WTS,2011-09-04 12:50,2011-09-04 14:00
WTS,2011-09-04 15:35,2011-09-04 17:10
WTS,2011-09-06 10:45,2011-09-06 11:45
WTS,2011-09-09 15:40,2011-09-09 16:45
WTS,2011-09-10 01:15,2011-09-10 03:15
WTS,2011-09-11 06:45,2011-09-11 09:45
WTS,2011-09-11 12:05,2011-09-11 13:15
WTS,2011-09-11 22:35,2011-09-12 01:00
WTS,2011-09-15 01:20,2011-09-15 06:30
WTS,2011-09-18 04:15,2011-09-18 09:00
WTS,2011-09-19 17:20,2011-09-19 20:00
WTS,2011-09-30 22:00,2011-10-01 00:30
WTS,2011-10-14 02:50,2011-10-14 04:00
WTS,2012-02-28 06:30,2012-02-28 08:40
WTS,2012-04-05 14:05,2012-04-05 18:15
WTS,2012-04-05 22:00,2012-04-06 02:00
WTS,2012-04-09 04:55,2012-04-09 06:30
WTS,2012-04-13 18:30,2012-04-13 20:00
WTS,2012-04-16 15:10,2012-04-17 01:30
WTS,2012-04-17 02:25,2012-04-17 12:00
WTS,2012-04-17 12:55,2012-04-17 15:15
WTS,2012-04-19 10:00,2012-04-19 18:00
WTS,2012-04-20 09:50,2012-04-20 22:00
WTS,2012-04-23 14:10,2012-04-23 15:10
WTS,2012-04-25 20:45,2012-04-26 01:00
WTS,2012-04-27 14:25,2012-04-28 04:50
WTS,2012-04-28 06:30,2012-04-28 07:35
WTS,2012-04-28 08:05,2012-04-28 09:45
WTS,2012-04-29 02:15,2012-04-29 10:15
WTS,2012-04-30 12:00,2012-04-30 13:35
WTS,2012-05-01 05:10,2012-05-01 06:40
WTS,2012-05-01 08:40,2012-05-01 09:45
WTS,2012-05-01 11:15,2012-05-01 12:15
WTS,2012-05-03 07:10,2012-05-03 10:15
WTS,2012-05-03 12:05,2012-05-03 13:30
WTS,2012-05-03 19:15,2012-05-03 20:30
WTS,2012-05-04 02:40,2012-05-04 06:00
WTS,2012-05-04 12:10,2012-05-04 13:15
WTS,2012-05-04 17:15,2012-05-05 06:00
WTS,2012-05-10 19:25,2012-05-11 08:00
WTS,2012-05-12 10:10,2012-05-12 12:15
WTS,2012-05-13 07:20,2012-05-13 11:00
WTS,2012-05-13 14:50,2012-05-13 16:15
WTS,2012-05-14 00:45,2012-05-14 02:45
WTS,2012-05-14 04:10,2012-05-14 07:15
WTS,2012-05-14 10:30,2012-05-14 12:00
WTS,2012-05-15 10:40,2012-05-15 11:45
WTS,2012-05-15 12:30,2012-05-15 16:30
WTS,2012-05-16 07:50,2012-05-16 11:00
WTS,2012-05-17 14:30,2012-05-17 16:20
WTS,2012-05-18 01:30,2012-05-18 14:00
WTS,2012-05-18 23:10,2012-05-19 01:45
WTS,2012-05-19 02:45,2012-05-19 06:15
WTS,2012-05-19 13:30,2012-05-19 17:30
WTS,2012-05-20 13:50,2012-05-20 22:00
WTS,2012-05-26 10:30,2012-05-26 14:30
WTS,2012-05-28 00:15,2012-05-28 06:15
WTS,2012-05-28 10:55,2012-05-28 13:00
WTS,2012-06-02 19:15,2012-06-02 20:30
WTS,2012-06-09 03:45,2012-06-09 05:15
WTS,2012-06-09 10:00,2012-06-09 11:30
WTS,2012-06-10 05:40,2012-06-10 12:15
WTS,2012-06-11 14:30,2012-06-11 16:30
WTS,2012-06-11 17:45,2012-06-11 18:45
WTS,2012-06-12 03:30,2012-06-12 05:30
WTS,2012-06-12 17:45,2012-06-13 00:20
WTS,2012-06-13 03:45,2012-06-13 05:45
WTS,2012-06-13 14:30,2012-06-13 17:30
WTS,2012-06-16 09:15,2012-06-16 10:15
WTS,2012-06-16 11:45,2012-06-16 14:45
WTS,2012-06-21 00:40,2012-06-21 05:45
WTS,2012-06-21 07:50,2012-06-21 10:00
WTS,2012-06-21 10:40,2012-06-21 21:00
WTS,2012-06-21 23:30,2012-06-22 09:30
WTS,2012-06-22 13:05,2012-06-22 14:30
WTS,2012-06-22 22:10,2012-06-22 23:30
WTS,2012-06-23 21:15,2012-06-23 23:15
WTS,2012-06-29 15:35,2012-06-29 17:45
WTS,2012-06-30 03:50,2012-06-30 08:45
WTS,2012-07-05 02:50,2012-07-05 04:00
WTS,2012-07-05 04:25,2012-07-05 06:30
WTS,2012-07-05 07:25,2012-07-05 16:00
WTS,2012-07-08 12:32,2012-07-08 14:45
WTS,2012-07-14 04:55,2012-07-14 06:00
WTS,2012-07-14 07:20,2012-07-14 09:30
WTS,2012-07-16 11:40,2012-07-16 12:45
WTS,2012-07-16 19:00,2012-07-16 22:45
WTS,2012-07-17 06:25,2012-07-17 07:30
WTS,2012-07-18 01:30,2012-07-18 11:00
WTS,2012-07-18 12:45,2012-07-18 14:00
WTS,2012-07-18 19:45,2012-07-18 20:30
WTS,2012-07-19 02:25,2012-07-19 07:45
WTS,2012-07-19 13:55,2012-07-19 15:00
WTS,2012-07-20 07:05,2012-07-20 07:45
WTS,2012-07-20 14:30,2012-07-20 15:30
WTS,2012-07-21 14:45,2012-07-21 19:15
WTS,2012-07-21 21:25,2012-07-22 00:00
WTS,2012-07-22 11:35,2012-07-22 17:00
WTS,2012-07-24 00:15,2012-07-24 05:15
WTS,2012-07-25 04:20,2012-07-25 08:30
WTS,2012-07-25 10:30,2012-07-25 15:30
WTS,2012-07-25 17:55,2012-07-25 20:30
WTS,2012-07-26 08:45,2012-07-26 15:30
WTS,2012-07-27 04:00,2012-07-27 17:00
WTS,2012-07-28 11:00,2012-07-28 13:30
WTS,2012-07-31 16:05,2012-07-31 18:50
WTS,2012-08-01 01:10,2012-08-01 03:15
WTS,2012-08-05 02:25,2012-08-05 10:30
WTS,2012-08-05 22:55,2012-08-05 23:55
WTS,2012-08-06 04:45,2012-08-06 07:00
WTS,2012-08-06 11:45,2012-08-06 13:45
WTS,2012-08-07 16:10,2012-08-07 17:30
WTS,2012-08-07 17:45,2012-08-07 19:30
WTS,2012-08-08 07:50,2012-08-08 09:00
WTS,2012-08-08 14:05,2012-08-08 17:15
WTS,2012-08-09 12:30,2012-08-09 13:30
WTS,2012-08-09 15:25,2012-08-09 19:00
WTS,2012-08-10 06:45,2012-08-10 07:45
WTS,2012-08-10 09:30,2012-08-10 16:40
WTS,2012-08-11 03:20,2012-08-11 10:00
WTS,2012-08-11 12:55,2012-08-11 15:00
WTS,2012-08-12 01:45,2012-08-12 07:45
WTS,2012-08-12 22:00,2012-08-12 23:00
WTS,2012-08-13 03:20,2012-08-13 07:15
WTS,2012-08-13 10:15,2012-08-13 16:00
WTS,2012-08-15 23:20,2012-08-16 01:30
WTS,2012-08-16 03:45,2012-08-16 07:30
WTS,2012-08-16 16:45,2012-08-16 18:00
WTS,2012-08-19 14:15,2012-08-19 18:00
WTS,2012-08-20 12:30,2012-08-20 14:30
WTS,2012-08-21 12:00,2012-08-21 14:00
WTS,2012-08-22 03:25,2012-08-22 04:30
WTS,2012-08-22 08:50,2012-08-22 12:00
WTS,2012-08-23 14:35,2012-08-23 15:20
WTS,2012-08-28 13:25,2012-08-28 14:30
WTS,2012-08-28 23:25,2012-08-29 09:30
WTS,2012-08-30 08:15,2012-08-30 10:30
WTS,2012-08-30 12:40,2012-08-30 14:15
WTS,2012-08-31 07:15,2012-08-31 08:30
WTS,2012-09-01 01:05,2012-09-01 03:00
WTS,2012-09-01 15:05,2012-09-01 16:45
WTS,2012-09-02 05:20,2012-09-02 06:30
WTS,2012-09-03 23:50,2012-09-04 01:00
WTS,2012-09-06 03:50,2012-09-06 05:30
WTS,2012-09-06 18:05,2012-09-06 20:00
WTS,2012-09-07 09:35,2012-09-07 11:00
WTS,2012-09-08 12:35,2012-09-08 15:45
WTS,2012-09-09 12:50,2012-09-09 14:00
WTS,2012-09-12 15:00,2012-09-12 16:00
WTS,2012-09-13 12:30,2012-09-13 15:30
WTS,2012-09-22 02:19,2012-09-22 04:30
WTS,2012-09-23 12:55,2012-09-23 18:00
WTS,2012-09-24 11:05,2012-09-24 15:00
WTS,2012-09-24 18:50,2012-09-25 04:30
WTS,2012-11-23 07:00,2012-11-23 09:30
WTS,2013-03-13 04:00,2013-03-13 06:00
WTS,2013-03-19 14:05,2013-03-19 20:00
WTS,2013-03-19 21:20,2013-03-19 22:30
WTS,2013-03-20 17:05,2013-03-20 18:00
WTS,2013-03-24 12:15,2013-03-24 14:30
WTS,2013-03-26 15:30,2013-03-26 22:00
WTS,2013-03-27 12:00,2013-03-27 14:00
WTS,2013-03-27 15:55,2013-03-27 17:00
WTS,2013-03-28 11:20,2013-03-28 18:15
WTS,2013-03-28 21:25,2013-03-29 04:10
WTS,2013-03-30 14:55,2013-03-30 19:00
WTS,2013-04-02 12:15,2013-04-02 17:15
WTS,2013-04-04 17:40,2013-04-04 19:00
WTS,2013-04-05 01:30,2013-04-05 05:30
WTS,2013-04-05 07:05,2013-04-05 10:30
WTS,2013-04-05 23:20,2013-04-06 03:00
WTS,2013-04-09 07:47,2013-04-09 09:15
WTS,2013-04-09 11:31,2013-04-09 12:45
WTS,2013-04-09 19:30,2013-04-10 06:00
WTS,2013-04-10 16:15,2013-04-10 17:45
WTS,2013-04-12 03:35,2013-04-12 04:30
WTS,2013-04-17 11:15,2013-04-17 17:30
WTS,2013-04-18 14:20,2013-04-18 19:30
WTS,2013-04-19 02:25,2013-04-19 06:00
WTS,2013-04-19 16:15,2013-04-19 21:45
WTS,2013-04-20 22:00,2013-04-21 02:00
WTS,2013-04-25 18:30,2013-04-25 22:00
WTS,2013-04-30 14:00,2013-04-30 18:00
WTS,2013-05-08 16:30,2013-05-09 04:45
WTS,2013-05-10 10:10,2013-05-10 12:00
WTS,2013-05-10 13:20,2013-05-10 18:30
WTS,2013-05-11 17:30,2013-05-11 18:45
WTS,2013-05-12 07:20,2013-05-12 08:50
WTS,2013-05-16 12:20,2013-05-16 16:30
WTS,2013-05-17 06:55,2013-05-17 15:45
WTS,2013-05-18 02:05,2013-05-18 09:30
WTS,2013-05-19 21:00,2013-05-19 22:30
WTS,2013-05-20 03:45,2013-05-20 05:15
WTS,2013-05-20 11:45,2013-05-20 13:15
WTS,2013-05-20 13:50,2013-05-20 16:00
WTS,2013-05-20 18:50,2013-05-20 23:00
WTS,2013-05-21 02:45,2013-05-21 14:00
WTS,2013-05-21 21:00,2013-05-22 14:00
WTS,2013-05-22 15:35,2013-05-22 17:30
WTS,2013-05-25 02:15,2013-05-25 14:25
WTS,2013-05-26 02:35,2013-05-26 13:00
WTS,2013-05-26 21:20,2013-05-27 05:20
WTS,2013-05-27 10:30,2013-05-27 13:15
WTS,2013-05-28 12:00,2013-05-28 16:00
WTS,2013-05-29 01:45,2013-05-29 04:00
WTS,2013-05-29 10:45,2013-05-29 15:00
WTS,2013-05-30 11:35,2013-05-30 13:00
WTS,2013-06-03 12:30,2013-06-03 13:30
WTS,2013-06-03 19:30,2013-06-03 20:30
WTS,2013-06-04 03:07,2013-06-04 11:15
WTS,2013-06-04 19:20,2013-06-04 21:30
WTS,2013-06-05 07:25,2013-06-05 09:50
WTS,2013-06-05 13:05,2013-06-05 16:00
WTS,2013-06-06 03:05,2013-06-06 09:00
WTS,2013-06-08 13:40,2013-06-08 15:15
WTS,2013-06-08 23:00,2013-06-09 06:00
WTS,2013-06-09 12:30,2013-06-09 16:00
WTS,2013-06-10 00:45,2013-06-10 07:30
WTS,2013-06-10 10:15,2013-06-10 14:30
WTS,2013-06-11 00:00,2013-06-11 07:00
WTS,2013-06-11 08:40,2013-06-11 15:30
WTS,2013-06-16 12:50,2013-06-16 14:00
WTS,2013-06-16 15:20,2013-06-16 17:00
WTS,2013-06-17 00:05,2013-06-17 05:00
WTS,2013-06-17 13:15,2013-06-17 18:00
WTS,2013-06-18 07:30,2013-06-18 08:30
WTS,2013-06-18 14:10,2013-06-18 15:15
WTS,2013-06-21 15:35,2013-06-21 18:00
WTS,2013-06-21 22:00,2013-06-21 23:00
WTS,2013-06-22 05:25,2013-06-22 09:30
WTS,2013-06-22 10:45,2013-06-22 13:00
WTS,2013-06-22 21:50,2013-06-23 06:00
WTS,2013-06-24 02:30,2013-06-24 12:00
WTS,2013-06-24 15:55,2013-06-24 18:00
WTS,2013-06-25 04:35,2013-06-25 06:30
WTS,2013-07-01 05:30,2013-07-01 07:00
WTS,2013-07-01 12:10,2013-07-01 19:00
WTS,2013-07-06 15:50,2013-07-06 17:30
WTS,2013-07-07 04:35,2013-07-07 06:30
WTS,2013-07-07 07:35,2013-07-07 08:45
WTS,2013-07-07 14:20,2013-07-07 18:00
WTS,2013-07-08 03:30,2013-07-08 05:30
WTS,2013-07-09 06:15,2013-07-09 09:45
WTS,2013-07-09 13:10,2013-07-09 16:45
WTS,2013-07-09 18:55,2013-07-09 22:30
WTS,2013-07-10 00:30,2013-07-10 12:30
WTS,2013-07-10 13:10,2013-07-10 17:00
WTS,2013-07-10 20:15,2013-07-10 22:30
WTS,2013-07-11 06:05,2013-07-11 07:15
WTS,2013-07-11 13:30,2013-07-11 15:30
WTS,2013-07-12 12:20,2013-07-12 14:00
WTS,2013-07-14 09:20,2013-07-14 12:00
WTS,2013-07-14 19:25,2013-07-15 02:00
WTS,2013-07-15 03:20,2013-07-15 17:00
WTS,2013-07-16 06:45,2013-07-16 14:00
WTS,2013-07-17 11:30,2013-07-17 15:30
WTS,2013-07-17 19:45,2013-07-17 21:45
WTS,2013-07-19 10:00,2013-07-19 12:00
WTS,2013-07-19 19:20,2013-07-19 22:30
WTS,2013-07-20 05:10,2013-07-20 14:30
WTS,2013-07-20 16:10,2013-07-20 17:30
WTS,2013-07-21 10:35,2013-07-21 11:30
WTS,2013-07-21 19:05,2013-07-21 21:00
WTS,2013-07-22 12:30,2013-07-22 13:30
WTS,2013-07-22 16:40,2013-07-22 18:45
WTS,2013-07-23 11:35,2013-07-23 18:30
WTS,2013-07-24 08:05,2013-07-24 14:00
WTS,2013-07-24 17:00,2013-07-24 19:30
WTS,2013-07-25 01:15,2013-07-25 03:00
WTS,2013-07-25 06:45,2013-07-25 07:45
WTS,2013-07-25 10:35,2013-07-25 11:45
WTS,2013-07-25 13:50,2013-07-25 15:30
WTS,2013-07-25 20:55,2013-07-25 22:30
WTS,2013-07-25 23:35,2013-07-26 02:30
WTS,2013-07-26 07:10,2013-07-26 11:30
WTS,2013-07-27 01:15,2013-07-27 04:15
WTS,2013-07-27 13:00,2013-07-27 16:00
WTS,2013-07-28 01:35,2013-07-28 02:45
WTS,2013-07-28 03:10,2013-07-28 05:00
WTS,2013-07-28 17:45,2013-07-28 23:00
WTS,2013-07-29 14:40,2013-07-29 16:15
WTS,2013-08-01 09:15,2013-08-01 20:00
WTS,2013-08-02 12:45,2013-08-02 16:45
WTS,2013-08-02 20:00,2013-08-02 23:30
WTS,2013-08-03 02:05,2013-08-03 12:00
WTS,2013-08-03 17:05,2013-08-03 18:15
WTS,2013-08-07 16:15,2013-08-07 18:15
WTS,2013-08-10 12:30,2013-08-10 14:30
WTS,2013-08-10 15:40,2013-08-10 17:00
WTS,2013-08-11 22:15,2013-08-12 00:45
WTS,2013-08-13 13:05,2013-08-13 15:00
WTS,2013-08-14 07:55,2013-08-14 10:00
WTS,2013-08-14 11:30,2013-08-14 12:30
WTS,2013-08-14 15:30,2013-08-14 17:30
WTS,2013-08-16 13:35,2013-08-16 16:30
WTS,2013-08-17 01:55,2013-08-17 11:00
WTS,2013-08-17 12:40,2013-08-17 14:30
WTS,2013-08-17 20:35,2013-08-17 23:40
WTS,2013-08-18 09:15,2013-08-18 12:00
WTS,2013-08-18 14:50,2013-08-18 16:00
WTS,2013-08-18 23:45,2013-08-19 00:45
WTS,2013-08-19 10:10,2013-08-19 15:00
WTS,2013-08-20 12:10,2013-08-20 14:15
WTS,2013-08-22 01:30,2013-08-22 03:30
WTS,2013-08-22 20:25,2013-08-23 15:00
WTS,2013-08-24 00:00,2013-08-24 01:30
WTS,2013-08-24 05:40,2013-08-24 11:30
WTS,2013-08-25 01:45,2013-08-25 06:00
WTS,2013-08-29 15:35,2013-08-29 17:30
WTS,2013-08-30 00:45,2013-08-30 10:00
WTS,2013-08-31 01:50,2013-08-31 07:00
WTS,2013-08-31 08:25,2013-08-31 11:00
WTS,2013-08-31 14:10,2013-08-31 18:15
WTS,2013-09-02 17:30,2013-09-02 23:30
WTS,2013-09-03 06:50,2013-09-03 08:30
WTS,2013-09-04 03:05,2013-09-04 13:30
WTS,2013-09-05 07:40,2013-09-05 18:45
WTS,2013-09-05 23:25,2013-09-06 01:30
WTS,2013-09-13 12:10,2013-09-13 14:15
WTS,2013-09-15 12:35,2013-09-15 19:30
WTS,2013-09-16 00:25,2013-09-16 03:30
WTS,2013-09-23 06:55,2013-09-23 10:30
WTS,2013-11-24 17:25,2013-11-24 19:30
WTS,2014-03-29 07:06,2014-03-29 13:30
WTS,2014-03-29 14:50,2014-03-29 16:30
WTS,2014-03-30 03:45,2014-03-30 06:00
WTS,2014-03-30 17:20,2014-03-31 04:00
WTS,2014-03-31 07:50,2014-03-31 14:00
WTS,2014-03-31 14:50,2014-04-01 02:00
WTS,2014-04-01 06:34,2014-04-01 12:45
WTS,2014-04-01 18:15,2014-04-01 19:45
WTS,2014-04-01 23:45,2014-04-02 00:45
WTS,2014-04-02 04:30,2014-04-02 09:30
WTS,2014-04-02 10:25,2014-04-02 15:30
WTS,2014-04-02 17:15,2014-04-02 22:35
WTS,2014-04-03 03:25,2014-04-03 07:00
WTS,2014-04-03 09:45,2014-04-03 14:15
WTS,2014-04-08 12:45,2014-04-08 14:30
WTS,2014-05-05 00:20,2014-05-05 04:30
WTS,2014-05-08 14:10,2014-05-10 01:00
WTS,2014-05-10 14:05,2014-05-10 17:00
WTS,2014-05-11 06:30,2014-05-12 07:30
WTS,2014-05-13 03:15,2014-05-13 15:30
WTS,2014-05-14 11:30,2014-05-14 13:30
WTS,2014-05-16 10:45,2014-05-16 19:45
WTS,2014-05-16 22:12,2014-05-17 09:45
WTS,2014-05-18 00:57,2014-05-18 02:00
WTS,2014-05-18 07:35,2014-05-18 10:30
WTS,2014-05-18 11:50,2014-05-18 16:00
WTS,2014-05-19 03:37,2014-05-19 04:45
WTS,2014-05-19 05:45,2014-05-19 10:30
WTS,2014-05-19 19:00,2014-05-19 21:30
WTS,2014-05-20 04:25,2014-05-20 07:00
WTS,2014-05-20 11:30,2014-05-20 18:30
WTS,2014-05-21 01:30,2014-05-21 11:30
WTS,2014-05-22 12:10,2014-05-22 15:30
WTS,2014-05-23 01:00,2014-05-23 15:05
WTS,2014-05-24 15:00,2014-05-24 16:00
WTS,2014-05-24 17:45,2014-05-24 18:45
WTS,2014-05-25 02:50,2014-05-25 05:00
WTS,2014-05-25 07:25,2014-05-25 09:30
WTS,2014-05-25 10:05,2014-05-25 11:15
WTS,2014-05-27 19:30,2014-05-27 20:30
WTS,2014-05-29 10:35,2014-05-29 11:30
WTS,2014-06-03 17:44,2014-06-03 18:45
WTS,2014-06-05 08:42,2014-06-05 09:45
WTS,2014-06-05 11:15,2014-06-05 16:40
WTS,2014-06-06 06:00,2014-06-06 08:30
WTS,2014-06-06 09:25,2014-06-06 14:30
WTS,2014-06-07 12:55,2014-06-07 14:00
WTS,2014-06-08 13:44,2014-06-08 15:15
WTS,2014-06-08 19:46,2014-06-09 03:45
WTS,2014-06-16 02:45,2014-06-16 06:00
WTS,2014-06-17 07:15,2014-06-17 10:15
WTS,2014-06-17 11:35,2014-06-17 13:45
WTS,2014-06-18 03:10,2014-06-18 08:45
WTS,2014-06-19 02:38,2014-06-19 08:45
WTS,2014-06-19 09:10,2014-06-19 11:30
WTS,2014-06-20 02:15,2014-06-20 05:15
WTS,2014-06-20 05:50,2014-06-20 14:30
WTS,2014-06-20 15:05,2014-06-20 16:15
WTS,2014-06-20 18:00,2014-06-20 19:00
WTS,2014-06-20 22:20,2014-06-21 12:00
WTS,2014-06-21 19:25,2014-06-21 22:30
WTS,2014-06-21 23:10,2014-06-22 10:00
WTS,2014-06-23 04:40,2014-06-23 08:00
WTS,2014-06-23 08:45,2014-06-23 12:00
WTS,2014-06-23 21:40,2014-06-24 03:00
WTS,2014-06-24 04:00,2014-06-24 07:30
WTS,2014-06-24 09:00,2014-06-24 14:30
WTS,2014-06-25 03:50,2014-06-25 15:30
WTS,2014-06-25 15:55,2014-06-25 17:00
WTS,2014-06-29 21:39,2014-06-29 23:15
WTS,2014-06-30 11:45,2014-06-30 16:30
WTS,2014-07-01 05:40,2014-07-01 09:30
WTS,2014-07-01 15:25,2014-07-01 20:00
WTS,2014-07-01 21:10,2014-07-01 22:15
WTS,2014-07-02 06:30,2014-07-02 07:30
WTS,2014-07-05 10:55,2014-07-05 12:00
WTS,2014-07-05 17:15,2014-07-05 18:15
WTS,2014-07-06 07:00,2014-07-06 11:00
WTS,2014-07-07 04:00,2014-07-07 08:30
WTS,2014-07-07 11:00,2014-07-07 15:00
WTS,2014-07-08 11:30,2014-07-08 15:00
WTS,2014-07-08 16:50,2014-07-08 18:00
WTS,2014-07-09 12:35,2014-07-09 14:30
WTS,2014-07-10 00:20,2014-07-10 01:55
WTS,2014-07-10 07:30,2014-07-10 12:00
WTS,2014-07-10 14:20,2014-07-10 15:30
WTS,2014-07-11 02:15,2014-07-11 03:00
WTS,2014-07-11 04:25,2014-07-11 07:30
WTS,2014-07-11 10:00,2014-07-11 11:00
WTS,2014-07-11 11:10,2014-07-11 12:15
WTS,2014-07-11 14:00,2014-07-11 15:00
WTS,2014-07-12 06:00,2014-07-12 11:00
WTS,2014-07-12 14:00,2014-07-12 19:30
WTS,2014-07-12 20:40,2014-07-12 22:45
WTS,2014-07-13 08:50,2014-07-13 16:30
WTS,2014-07-14 06:15,2014-07-14 08:45
WTS,2014-07-14 10:00,2014-07-14 11:30
WTS,2014-07-14 12:40,2014-07-14 13:45
WTS,2014-07-15 05:00,2014-07-15 06:00
WTS,2014-07-17 07:20,2014-07-17 09:00
WTS,2014-07-17 11:30,2014-07-17 22:30
WTS,2014-07-17 23:30,2014-07-18 01:30
WTS,2014-07-18 05:25,2014-07-18 06:30
WTS,2014-07-18 09:20,2014-07-18 17:30
WTS,2014-07-19 08:30,2014-07-19 10:30
WTS,2014-07-19 23:05,2014-07-20 00:15
WTS,2014-07-20 02:35,2014-07-20 07:00
WTS,2014-07-21 14:45,2014-07-21 15:45
WTS,2014-07-22 13:55,2014-07-22 17:15
WTS,2014-07-23 06:35,2014-07-23 07:45
WTS,2014-07-24 07:25,2014-07-24 09:30
WTS,2014-07-24 21:45,2014-07-25 00:30
WTS,2014-07-25 10:25,2014-07-25 12:30
WTS,2014-07-26 07:15,2014-07-26 13:15
WTS,2014-07-26 22:25,2014-07-27 00:15
WTS,2014-07-27 02:00,2014-07-27 09:00
WTS,2014-07-27 10:50,2014-07-27 14:30
WTS,2014-08-01 16:40,2014-08-02 00:30
WTS,2014-08-02 23:00,2014-08-03 01:45
WTS,2014-08-03 12:35,2014-08-03 13:45
WTS,2014-08-04 06:50,2014-08-04 10:00
WTS,2014-08-05 03:55,2014-08-05 06:00
WTS,2014-08-05 10:40,2014-08-05 11:30
WTS,2014-08-06 00:05,2014-08-06 04:10
WTS,2014-08-06 08:05,2014-08-06 09:05
WTS,2014-08-06 09:55,2014-08-06 12:25
WTS,2014-08-06 21:45,2014-08-06 22:45
WTS,2014-08-07 03:20,2014-08-07 04:30
WTS,2014-08-07 04:45,2014-08-07 09:45
WTS,2014-08-07 12:50,2014-08-07 15:30
WTS,2014-08-08 12:50,2014-08-08 14:00
WTS,2014-08-11 11:20,2014-08-11 15:00
WTS,2014-08-12 12:40,2014-08-12 21:15
WTS,2014-08-13 02:50,2014-08-13 22:30
WTS,2014-08-14 11:00,2014-08-14 14:00
WTS,2014-08-14 15:35,2014-08-14 16:30
WTS,2014-08-19 05:00,2014-08-19 07:30
WTS,2014-08-19 13:45,2014-08-19 19:50
WTS,2014-08-20 02:10,2014-08-20 04:15
WTS,2014-08-20 04:45,2014-08-20 08:45
WTS,2014-08-20 14:00,2014-08-20 15:00
WTS,2014-08-20 17:10,2014-08-20 19:00
WTS,2014-08-21 05:30,2014-08-21 07:30
WTS,2014-08-22 10:40,2014-08-22 11:45
WTS,2014-08-27 08:35,2014-08-27 09:45
WTS,2014-08-27 16:55,2014-08-27 20:00
WTS,2014-08-31 00:15,2014-08-31 01:15
WTS,2014-08-31 02:10,2014-08-31 03:15
WTS,2014-08-31 12:15,2014-08-31 19:15
WTS,2014-09-04 12:50,2014-09-04 16:30
WTS,2014-09-05 00:45,2014-09-05 01:45
WTS,2014-09-05 03:30,2014-09-05 10:30
WTS,2014-09-05 13:55,2014-09-05 15:00
WTS,2014-09-06 16:30,2014-09-06 17:45
WTS,2014-09-07 15:55,2014-09-07 20:30
WTS,2014-09-08 12:10,2014-09-08 13:15
WTS,2014-09-12 04:20,2014-09-12 05:30
WTS,2014-09-12 10:55,2014-09-12 14:00
WTS,2014-09-12 15:55,2014-09-12 18:00
WTS,2014-09-13 01:45,2014-09-13 04:45
WTS,2014-09-14 16:25,2014-09-14 17:50
WTS,2014-09-15 17:35,2014-09-15 22:00
WTS,2014-09-16 00:45,2014-09-16 01:45
WTS,2014-09-16 09:40,2014-09-16 13:45
WTS,2014-09-16 19:55,2014-09-16 22:00
WTS,2014-09-17 03:55,2014-09-17 05:00
WTS,2014-09-19 14:20,2014-09-19 17:00
WTS,2014-09-30 14:00,2014-09-30 15:00
WTS,2014-09-30 18:00,2014-09-30 20:00
WTS,2014-10-01 00:30,2014-10-01 04:00
WTS,2014-10-02 00:15,2014-10-02 02:15
WTS,2014-10-02 16:15,2014-10-02 17:35
WTS,2014-10-03 06:50,2014-10-03 08:30
WTS,2014-10-03 11:20,2014-10-03 16:00
WTS,2014-10-03 18:35,2014-10-03 22:45
WTS,2014-10-03 23:30,2014-10-04 10:30
WTS,2015-04-08 17:05,2015-04-08 18:30
WTS,2015-04-20 19:35,2015-04-20 20:45
WTS,2015-05-09 14:08,2015-05-09 20:15
WTS,2015-05-10 09:35,2015-05-10 11:00
WTS,2015-05-10 19:00,2015-05-11 04:55
WTS,2015-05-11 10:40,2015-05-11 22:45
WTS,2015-05-16 05:30,2015-05-16 10:30
WTS,2015-05-16 12:05,2015-05-16 13:00
WTS,2015-05-16 13:55,2015-05-16 18:00
WTS,2015-05-16 21:20,2015-05-16 22:30
WTS,2015-05-17 09:00,2015-05-17 10:30
WTS,2015-05-17 13:20,2015-05-17 16:05
WTS,2015-05-19 08:25,2015-05-19 17:30
WTS,2015-05-20 01:16,2015-05-20 02:15
WTS,2015-05-20 05:00,2015-05-20 06:30
WTS,2015-05-20 11:00,2015-05-21 03:00
WTS,2015-05-22 21:35,2015-05-23 21:30
WTS,2015-05-24 01:30,2015-05-24 03:50
WTS,2015-05-24 15:50,2015-05-24 18:30
WTS,2015-05-25 19:35,2015-05-26 00:00
WTS,2015-05-26 07:55,2015-05-26 14:30
WTS,2015-05-26 15:25,2015-05-26 16:30
WTS,2015-05-26 16:50,2015-05-26 18:30
WTS,2015-05-27 05:30,2015-05-27 12:30
WTS,2015-05-28 14:30,2015-05-28 15:30
WTS,2015-05-30 18:35,2015-05-30 22:00
WTS,2015-05-31 05:30,2015-05-31 11:00
WTS,2015-05-31 17:45,2015-05-31 18:45
WTS,2015-05-31 20:10,2015-05-31 21:30
WTS,2015-06-01 04:05,2015-06-01 06:45
WTS,2015-06-01 11:45,2015-06-01 14:00
WTS,2015-06-02 03:10,2015-06-02 04:00
WTS,2015-06-02 19:40,2015-06-02 20:45
WTS,2015-06-03 11:28,2015-06-03 12:30
WTS,2015-06-05 12:50,2015-06-05 15:00
WTS,2015-06-05 19:35,2015-06-05 22:00
WTS,2015-06-06 12:25,2015-06-06 13:25
WTS,2015-06-10 11:25,2015-06-10 15:30
WTS,2015-06-11 05:47,2015-06-11 06:30
WTS,2015-06-11 22:10,2015-06-12 05:30
WTS,2015-06-12 11:50,2015-06-12 14:30
WTS,2015-06-14 08:20,2015-06-14 11:30
WTS,2015-06-14 21:10,2015-06-14 22:15
WTS,2015-06-15 07:05,2015-06-15 08:45
WTS,2015-06-21 14:00,2015-06-22 07:30
WTS,2015-06-22 08:40,2015-06-22 13:00
WTS,2015-06-22 15:00,2015-06-22 17:15
WTS,2015-06-22 23:18,2015-06-23 11:30
WTS,2015-06-23 13:30,2015-06-23 15:00
WTS,2015-06-23 19:55,2015-06-23 21:30
WTS,2015-06-24 03:35,2015-06-24 10:00
WTS,2015-06-25 01:30,2015-06-25 13:30
WTS,2015-06-26 07:33,2015-06-26 08:45
WTS,2015-07-10 03:55,2015-07-10 08:30
WTS,2015-07-16 05:15,2015-07-16 06:15
WTS,2015-07-16 12:25,2015-07-16 14:00
WTS,2015-07-16 20:30,2015-07-16 22:15
WTS,2015-07-16 23:50,2015-07-17 10:00
WTS,2015-07-17 16:55,2015-07-17 18:05
WTS,2015-07-18 04:15,2015-07-18 07:00
WTS,2015-07-18 08:05,2015-07-18 09:15
WTS,2015-07-20 02:10,2015-07-20 04:25
WTS,2015-07-20 08:25,2015-07-20 15:25
WTS,2015-07-20 22:20,2015-07-21 02:00
WTS,2015-07-21 06:10,2015-07-21 10:30
WTS,2015-07-22 02:10,2015-07-22 17:00
WTS,2015-07-22 20:50,2015-07-23 01:00
WTS,2015-07-23 09:00,2015-07-23 17:00
WTS,2015-07-23 23:40,2015-07-24 01:30
WTS,2015-07-24 06:10,2015-07-24 16:30
WTS,2015-07-25 08:40,2015-07-25 11:30
WTS,2015-07-25 14:10,2015-07-25 15:30
WTS,2015-07-26 01:50,2015-07-26 08:15
WTS,2015-07-26 10:25,2015-07-26 11:30
WTS,2015-07-26 22:20,2015-07-27 00:30
WTS,2015-07-27 01:05,2015-07-27 03:00
WTS,2015-07-27 04:55,2015-07-27 06:00
WTS,2015-07-27 11:15,2015-07-27 13:00
WTS,2015-07-28 13:05,2015-07-28 13:45
WTS,2015-07-29 10:45,2015-07-29 15:45
WTS,2015-07-30 08:55,2015-07-30 10:00
WTS,2015-07-30 12:25,2015-07-30 16:30
WTS,2015-08-09 18:40,2015-08-09 22:30
WTS,2015-08-09 23:20,2015-08-10 04:30
WTS,2015-08-10 12:50,2015-08-10 15:10
WTS,2015-08-10 22:45,2015-08-11 05:30
WTS,2015-08-11 14:35,2015-08-11 16:00
WTS,2015-08-12 11:20,2015-08-12 14:00
WTS,2015-08-13 06:00,2015-08-13 12:30
WTS,2015-08-13 15:55,2015-08-13 18:20
WTS,2015-08-13 23:50,2015-08-14 14:30
WTS,2015-08-14 16:50,2015-08-14 19:30
WTS,2015-08-15 04:15,2015-08-15 13:55
WTS,2015-08-15 17:00,2015-08-15 18:30
WTS,2015-08-16 12:30,2015-08-16 14:30
WTS,2015-08-16 16:00,2015-08-16 17:00
WTS,2015-08-20 09:45,2015-08-20 13:00
WTS,2015-08-21 17:35,2015-08-21 19:45
WTS,2015-08-26 12:30,2015-08-26 14:30
WTS,2015-08-27 14:05,2015-08-27 15:15
WTS,2015-08-29 02:40,2015-08-29 06:30
WTS,2015-08-29 11:20,2015-08-29 14:15
WTS,2015-08-30 07:20,2015-08-30 09:30
WTS,2015-08-31 12:30,2015-08-31 14:30
WTS,2015-09-01 03:55,2015-09-01 08:30
WTS,2015-09-02 01:30,2015-09-02 04:00
WTS,2015-09-02 05:05,2015-09-02 07:00
WTS,2015-09-02 07:55,2015-09-02 14:00
WTS,2015-09-04 13:25,2015-09-04 14:30
WTS,2015-09-07 07:50,2015-09-07 12:30
WTS,2015-09-16 22:25,2015-09-17 01:00
WTS,2015-09-21 03:35,2015-09-21 09:45
WTS,2015-09-26 12:20,2015-09-26 17:00
WTS,2015-09-26 17:20,2015-09-26 19:30
WTS,2015-09-30 23:45,2015-10-01 01:00
WTS,2015-10-01 07:20,2015-10-01 10:30
WTS,2015-10-01 14:50,2015-10-01 19:00
WTS,2015-10-01 19:25,2015-10-01 20:30
WTS,2015-10-01 23:55,2015-10-02 01:30
WTS,2015-10-02 18:10,2015-10-02 19:15
WTS,2015-10-03 18:40,2015-10-05 11:30
WTS,2015-10-05 14:10,2015-10-06 01:00
WTS,2015-10-06 05:05,2015-10-06 07:30
WTS,2015-10-06 08:55,2015-10-06 10:00
WTS,2015-10-06 10:40,2015-10-06 14:00
WTS,2015-10-06 14:20,2015-10-06 19:30
WTS,2015-10-07 06:10,2015-10-07 10:45
WTS,2015-10-07 11:30,2015-10-07 15:30
WTS,2016-01-05 13:38,2016-01-05 15:00
WTS,2016-01-28 08:20,2016-01-28 12:00
WTS,2016-01-28 22:00,2016-01-29 12:00
WTS,2016-03-09 00:30,2016-03-09 05:00
WTS,2016-03-09 06:55,2016-03-09 08:00
WTS,2016-03-09 12:55,2016-03-09 15:30
WTS,2016-03-19 18:25,2016-03-19 20:00
WTS,2016-03-21 05:45,2016-03-21 11:00
WTS,2016-03-21 15:50,2016-03-22 02:00
WTS,2016-03-22 21:10,2016-03-23 00:15
WTS,2016-03-23 13:50,2016-03-23 15:30
WTS,2016-03-23 23:00,2016-03-24 04:00
WTS,2016-04-04 16:15,2016-04-04 22:15
WTS,2016-04-10 08:15,2016-04-10 15:30
WTS,2016-04-11 06:50,2016-04-11 10:35
WTS,2016-04-12 11:50,2016-04-12 13:00
WTS,2016-04-12 14:15,2016-04-12 16:30
WTS,2016-04-12 17:45,2016-04-12 20:00
WTS,2016-04-13 06:00,2016-04-13 13:00
WTS,2016-04-18 06:20,2016-04-18 10:30
WTS,2016-04-22 07:40,2016-04-22 10:45
WTS,2016-04-22 13:00,2016-04-22 15:30
WTS,2016-04-23 13:30,2016-04-23 16:00
WTS,2016-04-24 08:20,2016-04-24 11:30
WTS,2016-04-24 12:55,2016-04-24 15:35
WTS,2016-04-24 16:15,2016-04-24 20:15
WTS,2016-04-25 14:00,2016-04-25 17:30
WTS,2016-04-26 01:25,2016-04-26 02:30
WTS,2016-04-26 19:20,2016-04-26 20:30
WTS,2016-04-27 00:45,2016-04-27 02:15
WTS,2016-04-27 03:35,2016-04-27 07:30
WTS,2016-04-27 09:00,2016-04-27 10:00
WTS,2016-05-03 15:05,2016-05-03 22:00
WTS,2016-05-04 12:10,2016-05-04 13:30
WTS,2016-05-06 21:07,2016-05-06 22:30
WTS,2016-05-10 05:40,2016-05-10 13:45
WTS,2016-05-12 17:10,2016-05-12 18:15
WTS,2016-05-15 18:20,2016-05-15 22:00
WTS,2016-05-20 11:30,2016-05-21 07:00
WTS,2016-05-28 13:15,2016-05-28 19:30
WTS,2016-05-29 02:30,2016-05-29 03:30
WTS,2016-05-30 10:00,2016-05-30 11:00
WTS,2016-06-04 07:00,2016-06-04 08:15
WTS,2016-06-04 14:05,2016-06-04 17:00
WTS,2016-06-05 01:30,2016-06-05 03:00
WTS,2016-06-05 04:05,2016-06-05 10:00
WTS,2016-06-05 14:25,2016-06-05 18:30
WTS,2016-06-06 06:40,2016-06-06 16:00
WTS,2016-06-07 14:05,2016-06-07 16:30
WTS,2016-06-08 00:25,2016-06-08 08:30
WTS,2016-06-08 11:05,2016-06-08 12:15
WTS,2016-06-08 13:43,2016-06-08 16:10
WTS,2016-06-09 11:10,2016-06-09 14:30
WTS,2016-06-10 12:10,2016-06-10 17:30
WTS,2016-06-10 17:55,2016-06-10 20:00
WTS,2016-06-10 20:35,2016-06-10 21:45
WTS,2016-06-11 03:00,2016-06-11 14:10
WTS,2016-06-12 00:10,2016-06-12 14:00
WTS,2016-06-12 16:30,2016-06-12 17:30
WTS,2016-06-13 09:00,2016-06-13 12:00
WTS,2016-06-14 11:43,2016-06-14 12:45
WTS,2016-06-15 12:53,2016-06-15 15:00
WTS,2016-06-16 11:40,2016-06-16 17:00
WTS,2016-06-17 03:00,2016-06-17 05:30
WTS,2016-06-17 06:45,2016-06-17 08:45
WTS,2016-06-17 14:25,2016-06-17 15:30
WTS,2016-06-17 23:00,2016-06-18 01:00
WTS,2016-06-18 10:05,2016-06-18 14:45
WTS,2016-06-18 16:40,2016-06-18 17:45
WTS,2016-06-22 12:10,2016-06-22 13:15
WTS,2016-06-24 14:55,2016-06-24 15:45
WTS,2016-06-25 07:50,2016-06-25 10:00
WTS,2016-06-25 10:10,2016-06-25 10:45
WTS,2016-06-26 12:05,2016-06-26 13:15
WTS,2016-06-26 23:50,2016-06-27 02:00
WTS,2016-06-27 13:55,2016-06-27 15:00
WTS,2016-06-28 05:35,2016-06-28 10:00
WTS,2016-06-28 11:30,2016-06-28 13:30
WTS,2016-06-29 06:15,2016-06-29 08:15
WTS,2016-06-29 11:55,2016-06-29 13:00
WTS,2016-06-29 14:50,2016-06-29 17:15
WTS,2016-06-29 20:15,2016-06-29 21:15
WTS,2016-06-29 22:15,2016-06-30 00:15
WTS,2016-06-30 14:30,2016-06-30 15:30
WTS,2016-06-30 21:00,2016-06-30 23:00
WTS,2016-07-01 01:00,2016-07-01 03:00
WTS,2016-07-01 08:05,2016-07-01 09:00
WTS,2016-07-02 06:05,2016-07-02 07:15
WTS,2016-07-02 09:30,2016-07-02 10:05
WTS,2016-07-02 11:00,2016-07-02 13:30
WTS,2016-07-02 15:50,2016-07-02 18:00
WTS,2016-07-02 21:15,2016-07-02 22:15
WTS,2016-07-03 12:15,2016-07-03 15:15
WTS,2016-07-04 08:32,2016-07-04 10:45
WTS,2016-07-04 17:10,2016-07-04 18:15
WTS,2016-07-05 04:25,2016-07-05 06:00
WTS,2016-07-05 10:30,2016-07-05 17:30
WTS,2016-07-06 01:24,2016-07-06 02:30
WTS,2016-07-06 04:40,2016-07-06 13:30
WTS,2016-07-07 02:40,2016-07-07 03:30
WTS,2016-07-08 02:45,2016-07-08 03:45
WTS,2016-07-09 18:45,2016-07-10 06:45
WTS,2016-07-11 04:00,2016-07-11 10:30
WTS,2016-07-11 12:55,2016-07-11 14:30
WTS,2016-07-11 18:00,2016-07-11 19:35
WTS,2016-07-13 06:05,2016-07-13 10:00
WTS,2016-07-13 14:55,2016-07-13 18:00
WTS,2016-07-14 04:45,2016-07-14 07:30
WTS,2016-07-14 09:05,2016-07-14 13:30
WTS,2016-07-19 05:20,2016-07-19 06:00
WTS,2016-07-19 14:10,2016-07-19 15:15
WTS,2016-07-19 23:40,2016-07-20 03:15
WTS,2016-07-26 06:30,2016-07-26 15:30
WTS,2016-07-26 17:40,2016-07-26 18:45
WTS,2016-07-26 19:45,2016-07-26 22:30
WTS,2016-07-27 02:05,2016-07-27 03:15
WTS,2016-07-30 12:40,2016-07-30 16:30
WTS,2016-07-31 22:30,2016-07-31 23:55
WTS,2016-08-02 15:15,2016-08-02 16:15
WTS,2016-08-03 03:30,2016-08-03 05:30
WTS,2016-08-03 08:05,2016-08-03 09:15
WTS,2016-08-03 09:30,2016-08-03 16:00
WTS,2016-08-04 11:55,2016-08-04 18:00
WTS,2016-08-07 12:00,2016-08-07 14:00
WTS,2016-08-07 15:30,2016-08-07 17:30
WTS,2016-08-08 15:15,2016-08-08 18:15
WTS,2016-08-09 11:00,2016-08-09 15:30
WTS,2016-08-09 19:30,2016-08-09 20:15
WTS,2016-08-10 04:45,2016-08-10 12:30
WTS,2016-08-13 11:45,2016-08-13 14:45
WTS,2016-08-13 16:15,2016-08-13 18:00
WTS,2016-08-14 01:35,2016-08-14 03:15
WTS,2016-08-15 15:25,2016-08-15 19:30
WTS,2016-08-19 19:30,2016-08-19 21:30
WTS,2016-08-20 13:20,2016-08-20 17:30
WTS,2016-08-20 20:05,2016-08-20 21:15
WTS,2016-08-21 01:10,2016-08-21 12:00
WTS,2016-08-26 18:35,2016-08-26 20:45
WTS,2016-08-27 15:30,2016-08-27 16:00
WTS,2016-08-27 17:55,2016-08-27 20:30
WTS,2016-08-27 22:55,2016-08-28 04:00
WTS,2016-09-01 01:05,2016-09-01 16:00
WTS,2016-09-02 03:40,2016-09-02 04:45
WTS,2016-09-02 07:15,2016-09-02 09:15
WTS,2016-09-02 12:20,2016-09-02 15:30
WTS,2016-09-02 21:30,2016-09-03 00:30
WTS,2016-09-03 02:30,2016-09-03 04:00
WTS,2016-09-03 14:05,2016-09-03 15:15
WTS,2016-09-05 12:40,2016-09-05 20:15
WTS,2016-09-06 00:05,2016-09-06 03:00
WTS,2016-09-08 07:40,2016-09-08 09:45
WTS,2016-09-09 09:15,2016-09-09 14:00
WTS,2016-09-10 07:55,2016-09-10 15:00
WTS,2016-09-11 08:55,2016-09-11 11:00
WTS,2016-09-11 18:05,2016-09-11 20:15
WTS,2016-09-11 21:05,2016-09-11 22:15
WTS,2016-09-13 02:45,2016-09-13 03:45
WTS,2016-10-01 03:25,2016-10-01 10:15
WTS,2016-10-01 14:10,2016-10-01 14:45
WTS,2016-10-04 09:40,2016-10-04 11:15
WTS,2016-10-04 16:15,2016-10-04 17:15
WTS,2016-10-06 22:25,2016-10-07 01:30
WTS,2016-10-19 10:30,2016-10-19 18:30
WTS,2017-02-22 00:45,2017-02-22 04:15
WTS,2017-03-19 07:05,2017-03-19 09:30
WTS,2017-03-31 08:45,2017-03-31 17:00
WTS,2017-04-12 14:50,2017-04-12 18:00
WTS,2017-04-20 12:50,2017-04-20 15:35
WTS,2017-04-21 15:00,2017-04-21 19:00
WTS,2017-04-22 11:10,2017-04-22 13:30
WTS,2017-04-25 15:10,2017-04-25 20:00
WTS,2017-04-26 12:40,2017-04-26 14:30
WTS,2017-05-04 08:50,2017-05-04 15:45
WTS,2017-05-08 22:00,2017-05-09 00:30
WTS,2017-05-09 01:45,2017-05-09 03:15
WTS,2017-05-10 14:13,2017-05-10 16:50
WTS,2017-05-15 04:40,2017-05-15 16:15
WTS,2017-05-16 02:15,2017-05-16 06:15
WTS,2017-05-24 04:40,2017-05-24 16:00
WTS,2017-06-06 05:25,2017-06-06 06:30
WTS,2017-06-06 09:15,2017-06-06 10:15
WTS,2017-06-07 04:20,2017-06-07 06:30
WTS,2017-06-09 08:10,2017-06-09 09:15
WTS,2017-06-12 23:10,2017-06-13 16:30
WTS,2017-06-13 22:25,2017-06-14 00:30
WTS,2017-06-14 07:55,2017-06-14 09:30
WTS,2017-06-15 06:35,2017-06-15 08:30
WTS,2017-06-15 10:30,2017-06-15 13:00
WTS,2017-06-15 13:45,2017-06-15 15:00
WTS,2017-06-16 00:05,2017-06-16 14:30
WTS,2017-06-16 22:05,2017-06-17 06:30
WTS,2017-06-17 12:35,2017-06-17 16:45
WTS,2017-06-17 20:00,2017-06-17 23:30
WTS,2017-06-18 08:40,2017-06-18 14:45
WTS,2017-06-18 19:30,2017-06-18 21:30
WTS,2017-06-19 05:30,2017-06-19 11:00
WTS,2017-06-19 15:40,2017-06-19 18:00
WTS,2017-06-20 09:00,2017-06-20 10:30
WTS,2017-06-20 11:50,2017-06-20 14:30
WTS,2017-06-20 20:00,2017-06-20 20:55
WTS,2017-06-20 22:15,2017-06-21 14:30
WTS,2017-06-21 16:45,2017-06-21 19:45
WTS,2017-06-23 13:30,2017-06-23 14:30
WTS,2017-06-24 11:45,2017-06-24 14:15
WTS,2017-06-26 13:00,2017-06-26 14:00
WTS,2017-06-27 12:40,2017-06-27 13:45
WTS,2017-06-30 10:20,2017-06-30 11:30
WTS,2017-07-01 19:20,2017-07-01 21:30
WTS,2017-07-01 23:35,2017-07-02 04:55
WTS,2017-07-02 08:15,2017-07-02 15:15
WTS,2017-07-02 17:35,2017-07-02 19:30
WTS,2017-07-02 21:03,2017-07-03 02:15
WTS,2017-07-03 03:15,2017-07-03 15:00
WTS,2017-07-04 02:35,2017-07-04 16:45
WTS,2017-07-05 00:25,2017-07-05 03:00
WTS,2017-07-05 11:15,2017-07-05 12:15
WTS,2017-07-05 16:10,2017-07-05 20:00
WTS,2017-07-05 21:45,2017-07-06 06:10
WTS,2017-07-06 08:00,2017-07-06 11:30
WTS,2017-07-06 13:05,2017-07-06 18:00
WTS,2017-07-07 01:40,2017-07-07 04:10
WTS,2017-07-07 13:20,2017-07-07 14:30
WTS,2017-07-07 22:00,2017-07-08 00:15
WTS,2017-07-08 00:50,2017-07-08 11:00
WTS,2017-07-08 14:30,2017-07-08 21:30
WTS,2017-07-09 04:35,2017-07-09 06:15
WTS,2017-07-11 04:35,2017-07-11 05:15
WTS,2017-07-12 05:45,2017-07-12 11:00
WTS,2017-07-12 13:55,2017-07-12 15:00
WTS,2017-07-13 10:00,2017-07-13 12:00
WTS,2017-07-13 19:10,2017-07-13 20:15
WTS,2017-07-14 11:35,2017-07-14 12:45
WTS,2017-07-14 13:50,2017-07-14 17:00
WTS,2017-07-15 01:15,2017-07-15 01:45
WTS,2017-07-15 13:10,2017-07-15 15:30
WTS,2017-07-15 17:40,2017-07-15 19:30
WTS,2017-07-15 20:05,2017-07-15 23:00
WTS,2017-07-16 01:25,2017-07-16 18:00
WTS,2017-07-16 20:30,2017-07-17 01:30
WTS,2017-07-17 04:40,2017-07-18 02:30
WTS,2017-07-18 06:10,2017-07-18 12:15
WTS,2017-07-18 14:20,2017-07-19 02:00
WTS,2017-07-20 13:20,2017-07-20 16:30
WTS,2017-07-22 02:15,2017-07-22 06:30
WTS,2017-07-23 07:25,2017-07-23 13:30
WTS,2017-07-23 21:35,2017-07-24 03:45
WTS,2017-07-24 15:35,2017-07-24 16:15
WTS,2017-07-27 08:00,2017-07-27 12:20
WTS,2017-07-31 19:40,2017-07-31 20:45
WTS,2017-08-01 06:30,2017-08-01 10:00
WTS,2017-08-02 02:50,2017-08-02 14:00
WTS,2017-08-03 00:30,2017-08-03 01:30
WTS,2017-08-03 03:25,2017-08-03 08:15
WTS,2017-08-03 15:55,2017-08-03 17:00
WTS,2017-08-04 05:15,2017-08-04 11:15
WTS,2017-08-06 12:10,2017-08-06 12:45
WTS,2017-08-07 07:15,2017-08-07 08:30
WTS,2017-08-09 07:50,2017-08-09 10:00
WTS,2017-08-09 12:15,2017-08-09 14:00
WTS,2017-08-10 03:05,2017-08-10 03:40
WTS,2017-08-10 05:55,2017-08-10 12:30
WTS,2017-08-10 13:55,2017-08-10 15:15
WTS,2017-08-12 03:45,2017-08-12 04:30
WTS,2017-08-16 10:35,2017-08-16 13:40
WTS,2017-08-18 14:15,2017-08-18 15:00
WTS,2017-08-22 12:35,2017-08-22 18:45
WTS,2017-08-23 07:00,2017-08-23 15:00
WTS,2017-08-25 12:35,2017-08-25 15:00
WTS,2017-08-26 02:25,2017-08-26 03:30
WTS,2017-08-26 18:50,2017-08-26 20:00
WTS,2017-08-26 21:20,2017-08-26 23:30
WTS,2017-08-27 11:55,2017-08-27 20:00
WTS,2017-08-27 23:00,2017-08-28 17:30
WTS,2017-08-30 15:50,2017-08-30 17:00
WTS,2017-08-30 18:25,2017-08-30 20:45
WTS,2017-08-31 17:30,2017-08-31 21:00
WTS,2017-09-01 15:10,2017-09-01 20:00
WTS,2017-09-02 17:15,2017-09-02 19:15
WTS,2017-09-02 20:40,2017-09-02 22:45
WTS,2017-09-03 06:40,2017-09-03 07:30
WTS,2017-09-03 15:45,2017-09-03 23:45
WTS,2017-09-04 02:25,2017-09-04 07:30
WTS,2017-09-05 03:55,2017-09-05 05:30
WTS,2017-09-07 12:40,2017-09-07 15:20
WTS,2017-09-08 10:20,2017-09-08 12:00
WTS,2017-09-09 09:25,2017-09-09 10:30
WTS,2017-09-09 12:15,2017-09-09 21:45
WTS,2017-09-10 04:15,2017-09-10 07:15
WTS,2017-09-10 08:15,2017-09-10 09:15
WTS,2017-09-10 13:25,2017-09-10 15:00
WTS,2017-09-12 14:40,2017-09-12 19:30
WTS,2017-09-13 18:30,2017-09-13 19:30
WTS,2017-09-20 13:10,2017-09-20 14:15
WTS,2017-09-21 09:20,2017-09-21 11:30
WTS,2017-09-21 14:25,2017-09-21 15:30
WTS,2017-09-22 06:05,2017-09-22 09:00
WTS,2017-09-23 04:30,2017-09-23 09:00
WTS,2017-09-24 04:55,2017-09-24 06:30
WTS,2017-09-24 09:20,2017-09-24 12:05
WTS,2017-09-30 04:45,2017-09-30 11:30
WTS,2017-09-30 22:30,2017-09-30 23:35
WTS,2017-10-01 09:25,2017-10-01 13:00
WTS,2017-10-01 15:30,2017-10-01 17:00
WTS,2017-10-02 00:50,2017-10-02 02:15
WTS,2017-10-02 15:35,2017-10-02 16:15
WTS,2017-10-04 10:35,2017-10-04 15:00
WTS,2018-03-04 08:40,2018-03-04 11:40
WTS,2018-03-19 18:00,2018-03-19 20:00
WTS,2018-04-15 09:10,2018-04-15 13:00
WTS,2018-04-24 09:15,2018-04-24 13:00
WTS,2018-05-06 06:35,2018-05-06 08:30
WTS,2018-05-07 08:10,2018-05-07 12:00
WTS,2018-05-07 22:30,2018-05-08 11:30
WTS,2018-05-08 15:07,2018-05-08 17:00
WTS,2018-05-09 04:20,2018-05-09 13:30
WTS,2018-05-26 02:05,2018-05-26 03:25
WTS,2018-05-27 03:00,2018-05-27 04:30
WTS,2018-05-27 12:30,2018-05-27 13:30
WTS,2018-05-27 16:00,2018-05-27 17:00
WTS,2018-06-01 13:00,2018-06-01 14:30
WTS,2018-06-01 21:15,2018-06-01 22:30
WTS,2018-06-01 23:35,2018-06-02 00:45
WTS,2018-06-04 11:00,2018-06-04 12:30
WTS,2018-06-04 17:45,2018-06-04 19:00
WTS,2018-06-05 00:00,2018-06-05 05:00
WTS,2018-06-05 05:30,2018-06-05 07:00
WTS,2018-06-05 12:20,2018-06-05 16:30
WTS,2018-06-05 19:30,2018-06-05 21:30
WTS,2018-06-06 01:55,2018-06-06 18:00
WTS,2018-06-06 22:00,2018-06-08 15:00
WTS,2018-06-09 01:10,2018-06-09 06:00
WTS,2018-06-12 07:45,2018-06-12 16:00
WTS,2018-06-13 01:35,2018-06-13 06:00
WTS,2018-06-13 07:05,2018-06-13 08:30
WTS,2018-06-13 10:50,2018-06-13 12:00
WTS,2018-06-13 13:10,2018-06-13 19:30
WTS,2018-06-19 13:15,2018-06-19 16:00
WTS,2018-06-20 18:00,2018-06-20 18:30
WTS,2018-06-21 09:05,2018-06-21 10:00
WTS,2018-06-21 10:25,2018-06-21 11:30
WTS,2018-06-21 12:25,2018-06-21 13:30
WTS,2018-06-21 16:15,2018-06-21 19:35
WTS,2018-06-22 04:55,2018-06-22 06:30
WTS,2018-06-22 10:40,2018-06-22 18:00
WTS,2018-06-23 02:00,2018-06-23 04:00
WTS,2018-06-23 07:20,2018-06-23 16:45
WTS,2018-06-24 20:45,2018-06-25 01:30
WTS,2018-06-25 02:05,2018-06-25 04:30
WTS,2018-06-25 07:20,2018-06-25 14:00
WTS,2018-06-25 14:45,2018-06-25 16:30
WTS,2018-06-25 22:10,2018-06-26 00:45
WTS,2018-06-26 02:45,2018-06-26 06:00
WTS,2018-06-27 13:05,2018-06-27 15:15
WTS,2018-06-30 13:25,2018-06-30 14:30
WTS,2018-06-30 16:24,2018-06-30 17:00
WTS,2018-07-01 13:50,2018-07-01 16:00
WTS,2018-07-02 02:03,2018-07-02 03:15
WTS,2018-07-02 10:48,2018-07-02 16:15
WTS,2018-07-03 07:25,2018-07-03 15:00
WTS,2018-07-04 00:50,2018-07-04 03:00
WTS,2018-07-05 09:52,2018-07-05 15:00
WTS,2018-07-06 15:12,2018-07-06 16:15
WTS,2018-07-07 09:22,2018-07-07 14:00
WTS,2018-07-07 14:55,2018-07-07 15:30
WTS,2018-07-08 14:50,2018-07-08 17:30
WTS,2018-07-08 22:55,2018-07-09 01:00
WTS,2018-07-09 17:55,2018-07-09 19:45
WTS,2018-07-13 03:50,2018-07-13 12:00
WTS,2018-07-14 02:45,2018-07-14 10:30
WTS,2018-07-14 11:40,2018-07-14 22:30
WTS,2018-07-15 12:20,2018-07-15 15:30
WTS,2018-07-15 15:57,2018-07-15 21:00
WTS,2018-07-17 19:45,2018-07-18 15:15
WTS,2018-07-19 10:05,2018-07-19 12:30
WTS,2018-07-19 14:25,2018-07-19 16:30
WTS,2018-07-21 15:20,2018-07-21 17:30
WTS,2018-07-22 14:00,2018-07-22 15:10
WTS,2018-07-23 13:55,2018-07-24 07:00
WTS,2018-07-24 10:00,2018-07-24 14:00
WTS,2018-07-24 20:05,2018-07-24 22:00
WTS,2018-07-25 13:00,2018-07-25 14:00
WTS,2018-07-25 20:50,2018-07-25 23:00
WTS,2018-07-26 05:35,2018-07-26 09:00
WTS,2018-07-26 11:40,2018-07-26 15:00
WTS,2018-07-26 16:27,2018-07-26 17:30
WTS,2018-07-27 13:05,2018-07-27 14:30
WTS,2018-08-01 09:37,2018-08-01 12:30
WTS,2018-08-02 05:00,2018-08-02 07:00
WTS,2018-08-02 07:20,2018-08-02 08:30
WTS,2018-08-03 10:25,2018-08-03 13:30
WTS,2018-08-03 18:55,2018-08-03 20:25
WTS,2018-08-04 06:20,2018-08-04 09:45
WTS,2018-08-04 16:50,2018-08-04 18:00
WTS,2018-08-05 06:25,2018-08-05 08:30
WTS,2018-08-05 12:10,2018-08-05 14:00
WTS,2018-08-05 14:46,2018-08-05 17:00
WTS,2018-08-06 09:35,2018-08-06 11:00
WTS,2018-08-06 12:35,2018-08-06 16:00
WTS,2018-08-07 04:24,2018-08-07 07:30
WTS,2018-08-07 10:45,2018-08-07 14:30
WTS,2018-08-08 02:40,2018-08-08 05:20
WTS,2018-08-10 04:10,2018-08-10 07:10
WTS,2018-08-10 12:45,2018-08-10 14:45
WTS,2018-08-10 15:30,2018-08-11 00:00
WTS,2018-08-11 05:15,2018-08-11 17:00
WTS,2018-08-12 01:40,2018-08-12 10:00
WTS,2018-08-12 10:23,2018-08-12 17:30
WTS,2018-08-14 01:45,2018-08-14 08:30
WTS,2018-08-14 09:25,2018-08-14 12:30
WTS,2018-08-14 13:45,2018-08-14 17:00
WTS,2018-08-16 17:25,2018-08-16 19:00
WTS,2018-08-17 00:45,2018-08-17 02:45
WTS,2018-08-17 03:30,2018-08-17 04:30
WTS,2018-08-17 07:20,2018-08-17 14:45
WTS,2018-08-17 23:35,2018-08-18 05:00
WTS,2018-08-18 05:15,2018-08-18 09:00
WTS,2018-08-19 04:05,2018-08-19 10:45
WTS,2018-08-19 17:45,2018-08-19 20:00
WTS,2018-08-20 01:35,2018-08-20 09:00
WTS,2018-08-20 17:10,2018-08-21 00:00
WTS,2018-08-21 12:25,2018-08-21 18:00
WTS,2018-08-22 12:30,2018-08-22 13:45
WTS,2018-08-22 16:25,2018-08-22 21:00
WTS,2018-08-22 22:10,2018-08-23 00:30
WTS,2018-08-23 10:15,2018-08-23 11:30
WTS,2018-08-23 19:15,2018-08-23 23:45
WTS,2018-08-26 03:05,2018-08-26 04:45
WTS,2018-08-26 20:18,2018-08-27 04:00
WTS,2018-08-27 20:40,2018-08-28 04:00
WTS,2018-08-28 11:45,2018-08-28 19:00
WTS,2018-08-29 03:25,2018-08-29 05:30
WTS,2018-08-29 08:05,2018-08-29 10:00
WTS,2018-08-29 11:05,2018-08-30 14:00
WTS,2018-08-31 03:15,2018-08-31 10:30
WTS,2018-08-31 14:53,2018-08-31 23:15
WTS,2018-09-01 07:55,2018-09-01 19:00
WTS,2018-09-02 06:45,2018-09-02 11:00
WTS,2018-09-03 10:55,2018-09-03 12:15
WTS,2018-09-05 16:55,2018-09-05 19:45
WTS,2018-09-06 12:40,2018-09-06 14:30
WTS,2018-09-07 05:20,2018-09-07 08:00
WTS,2018-09-07 11:55,2018-09-07 13:30
WTS,2018-09-07 22:25,2018-09-08 07:15
WTS,2018-09-08 13:40,2018-09-08 15:00
WTS,2018-09-14 17:20,2018-09-14 18:30
WTS,2018-09-17 04:30,2018-09-17 06:30
WTS,2018-09-23 15:45,2018-09-23 18:45
WTS,2018-09-24 07:05,2018-09-24 13:30
WTS,2018-09-24 20:05,2018-09-24 23:40
WTS,2018-10-10 12:57,2018-10-10 16:00
WTS,2019-02-18 14:00,2019-02-18 16:00
WTS,2019-02-19 06:15,2019-02-19 12:30
WTS,2019-03-03 07:10,2019-03-03 09:30
WTS,2019-03-04 22:30,2019-03-05 03:30
WTS,2019-03-06 09:45,2019-03-06 16:30
WTS,2019-03-29 17:30,2019-03-29 19:30
WTS,2019-04-11 21:20,2019-04-12 02:10
WTS,2019-04-12 11:05,2019-04-12 16:00
WTS,2019-04-14 13:10,2019-04-14 16:45
WTS,2019-04-16 10:10,2019-04-16 14:00
WTS,2019-04-18 17:05,2019-04-19 08:15
WTS,2019-04-19 11:05,2019-04-19 20:00
WTS,2019-04-20 12:45,2019-04-20 18:00
WTS,2019-04-27 00:55,2019-04-27 01:40
WTS,2019-04-27 14:30,2019-04-27 19:30
WTS,2019-04-30 10:00,2019-04-30 14:00
WTS,2019-05-06 19:37,2019-05-07 03:00
WTS,2019-05-07 07:10,2019-05-07 08:20
WTS,2019-05-07 16:05,2019-05-07 19:30
WTS,2019-05-08 14:00,2019-05-08 18:15
WTS,2019-05-20 11:40,2019-05-20 17:00
WTS,2019-05-20 21:10,2019-05-21 01:00
WTS,2019-05-21 19:45,2019-05-22 00:45
WTS,2019-05-23 07:00,2019-05-23 09:00
WTS,2019-05-23 10:50,2019-05-23 14:30
WTS,2019-05-23 16:25,2019-05-23 18:30
WTS,2019-05-26 03:50,2019-05-26 05:00
WTS,2019-05-26 09:35,2019-05-26 13:00
WTS,2019-05-27 01:45,2019-05-27 16:00
WTS,2019-05-28 04:30,2019-05-28 13:00
WTS,2019-05-31 12:30,2019-05-31 15:30
WTS,2019-06-01 00:45,2019-06-01 05:00
WTS,2019-06-01 21:05,2019-06-01 23:45
WTS,2019-06-02 13:50,2019-06-02 17:45
WTS,2019-06-03 03:40,2019-06-03 09:30
WTS,2019-06-04 03:35,2019-06-04 13:30
WTS,2019-06-04 14:20,2019-06-04 19:00
WTS,2019-06-08 07:00,2019-06-08 07:30
WTS,2019-06-08 08:45,2019-06-08 09:15
WTS,2019-06-09 02:00,2019-06-09 03:30
WTS,2019-06-09 10:20,2019-06-09 12:30
WTS,2019-06-10 07:45,2019-06-10 08:55
WTS,2019-06-10 11:30,2019-06-10 13:00
WTS,2019-06-10 17:20,2019-06-10 20:00
WTS,2019-06-11 01:22,2019-06-11 08:05
WTS,2019-06-11 09:25,2019-06-11 14:00
WTS,2019-06-11 16:30,2019-06-11 20:35
WTS,2019-06-12 12:05,2019-06-12 14:30
WTS,2019-06-12 15:10,2019-06-12 20:00
WTS,2019-06-13 00:10,2019-06-13 06:30
WTS,2019-06-13 07:30,2019-06-13 11:30
WTS,2019-06-13 14:00,2019-06-13 19:00
WTS,2019-06-13 23:25,2019-06-14 03:30
WTS,2019-06-17 11:55,2019-06-17 13:00
WTS,2019-06-18 08:55,2019-06-18 10:15
WTS,2019-06-18 12:15,2019-06-18 15:15
WTS,2019-06-24 03:30,2019-06-24 08:30
WTS,2019-06-24 09:45,2019-06-24 19:45
WTS,2019-06-24 21:40,2019-06-25 00:15
WTS,2019-06-25 13:05,2019-06-25 20:30
WTS,2019-06-26 00:30,2019-06-26 01:40
WTS,2019-06-26 05:25,2019-06-26 07:00
WTS,2019-06-28 12:55,2019-06-28 15:00
WTS,2019-06-29 08:40,2019-06-29 12:00
WTS,2019-06-30 02:40,2019-06-30 07:00
WTS,2019-06-30 14:01,2019-06-30 18:00
WTS,2019-07-01 02:25,2019-07-01 06:00
WTS,2019-07-01 09:40,2019-07-01 10:45
WTS,2019-07-01 12:45,2019-07-01 13:45
WTS,2019-07-02 02:45,2019-07-02 04:15
WTS,2019-07-02 10:23,2019-07-02 11:20
WTS,2019-07-02 21:10,2019-07-03 17:45
WTS,2019-07-04 00:50,2019-07-04 03:00
WTS,2019-07-04 03:25,2019-07-04 06:40
WTS,2019-07-10 02:15,2019-07-10 04:15
WTS,2019-07-10 09:10,2019-07-10 11:15
WTS,2019-07-10 11:55,2019-07-10 18:00
WTS,2019-07-11 06:15,2019-07-11 07:15
WTS,2019-07-11 14:25,2019-07-11 21:30
WTS,2019-07-18 14:05,2019-07-18 16:00
WTS,2019-07-18 17:35,2019-07-18 20:45
WTS,2019-07-19 12:20,2019-07-19 16:00
WTS,2019-07-19 17:55,2019-07-19 20:40
WTS,2019-07-20 10:35,2019-07-20 15:00
WTS,2019-07-20 15:45,2019-07-20 19:30
WTS,2019-07-21 09:05,2019-07-21 13:45
WTS,2019-07-22 10:15,2019-07-22 15:00
WTS,2019-07-22 17:38,2019-07-23 00:20
WTS,2019-07-23 04:20,2019-07-23 07:35
WTS,2019-07-28 07:15,2019-07-28 11:00
WTS,2019-07-28 13:30,2019-07-28 16:00
WTS,2019-07-29 05:00,2019-07-29 10:30
WTS,2019-07-29 14:20,2019-07-29 15:00
WTS,2019-07-29 17:25,2019-07-29 18:30
WTS,2019-07-30 05:25,2019-07-30 11:15
WTS,2019-07-30 19:25,2019-07-30 20:30
WTS,2019-07-30 21:25,2019-07-31 02:00
WTS,2019-07-31 03:45,2019-07-31 15:00
WTS,2019-07-31 18:45,2019-07-31 22:45
WTS,2019-08-01 06:15,2019-08-02 05:30
WTS,2019-08-02 06:25,2019-08-02 09:30
WTS,2019-08-03 06:30,2019-08-03 09:45
WTS,2019-08-06 12:45,2019-08-06 14:45
WTS,2019-08-08 20:50,2019-08-08 23:00
WTS,2019-08-10 01:55,2019-08-10 05:00
WTS,2019-08-10 16:45,2019-08-10 18:25
WTS,2019-08-11 03:10,2019-08-11 05:15
WTS,2019-08-12 04:20,2019-08-12 06:30
WTS,2019-08-12 13:15,2019-08-12 14:30
WTS,2019-08-12 15:50,2019-08-12 19:00
WTS,2019-08-14 04:15,2019-08-14 06:15
WTS,2019-08-14 18:00,2019-08-14 19:15
WTS,2019-08-15 06:38,2019-08-15 07:30
WTS,2019-08-15 14:30,2019-08-15 15:50
WTS,2019-08-16 03:25,2019-08-16 06:45
WTS,2019-08-16 11:25,2019-08-16 17:30
WTS,2019-08-16 19:10,2019-08-16 20:15
WTS,2019-08-16 21:10,2019-08-17 01:00
WTS,2019-08-17 05:35,2019-08-17 14:00
WTS,2019-08-17 14:50,2019-08-17 17:00
WTS,2019-08-18 11:05,2019-08-18 18:30
WTS,2019-08-19 12:45,2019-08-19 13:45
WTS,2019-08-19 16:45,2019-08-19 19:45
WTS,2019-08-23 07:00,2019-08-23 14:30
WTS,2019-08-23 15:20,2019-08-23 17:00
WTS,2019-08-24 23:55,2019-08-25 02:45
WTS,2019-08-25 10:55,2019-08-25 15:00
WTS,2019-08-25 21:40,2019-08-26 15:30
WTS,2019-08-27 00:50,2019-08-27 02:00
WTS,2019-08-29 03:15,2019-08-29 07:30
WTS,2019-08-29 10:55,2019-08-29 16:30
WTS,2019-08-30 05:35,2019-08-30 10:30
WTS,2019-08-31 01:30,2019-08-31 06:00
WTS,2019-08-31 14:55,2019-08-31 19:45
WTS,2019-09-01 09:45,2019-09-01 10:45
WTS,2019-09-01 13:45,2019-09-01 21:00
WTS,2019-09-01 23:20,2019-09-02 03:00
WTS,2019-09-02 04:35,2019-09-02 19:30
WTS,2019-09-02 20:25,2019-09-02 22:30
WTS,2019-09-03 05:47,2019-09-03 07:15
WTS,2019-09-03 22:55,2019-09-04 19:00
WTS,2019-09-05 02:15,2019-09-05 07:00
WTS,2019-09-07 15:35,2019-09-07 17:20
WTS,2019-09-08 13:30,2019-09-08 15:00
WTS,2019-09-09 13:50,2019-09-09 15:00
WTS,2019-09-14 14:05,2019-09-14 15:45
WTS,2019-09-14 17:55,2019-09-14 19:00
WTS,2019-09-14 21:10,2019-09-14 23:00
WTS,2019-09-15 05:25,2019-09-15 09:30
WTS,2019-09-16 01:15,2019-09-16 07:00
WTS,2019-09-16 17:25,2019-09-16 18:45
WTS,2019-09-17 02:45,2019-09-17 03:45
WTS,2019-09-17 13:05,2019-09-17 20:00
WTS,2019-09-18 20:30,2019-09-19 03:00
WTS,2019-10-06 00:20,2019-10-06 04:30
WTS,2019-10-06 13:30,2019-10-06 17:00
WTS,2019-10-06 20:15,2019-10-07 01:20
WTS,2019-10-07 02:35,2019-10-07 09:30
WTS,2019-10-12 12:55,2019-10-12 17:15
WTS,2019-10-13 02:25,2019-10-13 07:30
WTS,2019-10-13 18:00,2019-10-14 11:30
WTS,2020-01-26 00:32,2020-01-26 03:30
WTS,2020-02-13 08:50,2020-02-13 12:00
WTS,2020-02-13 13:20,2020-02-13 15:30
WTS,2020-02-14 03:30,2020-02-14 12:00
WTS,2020-03-18 10:05,2020-03-18 16:00
WTS,2020-03-26 05:50,2020-03-26 07:30
WTS,2020-03-27 22:15,2020-03-28 01:45
WTS,2020-04-04 00:50,2020-04-04 02:30
WTS,2020-04-11 21:55,2020-04-12 01:00
WTS,2020-04-22 19:45,2020-04-22 23:10
WTS,2020-05-10 16:20,2020-05-10 20:15
WTS,2020-05-11 09:58,2020-05-11 11:00
WTS,2020-05-11 12:09,2020-05-11 13:15
WTS,2020-05-11 21:10,2020-05-12 00:30
WTS,2020-05-13 05:35,2020-05-13 07:00
WTS,2020-05-18 00:40,2020-05-18 18:30
WTS,2020-05-19 03:00,2020-05-19 05:15
WTS,2020-05-19 15:30,2020-05-19 17:30
WTS,2020-05-20 10:15,2020-05-20 11:30
WTS,2020-05-20 22:40,2020-05-21 07:00
WTS,2020-05-21 10:05,2020-05-21 11:00
WTS,2020-05-21 13:07,2020-05-21 18:15
WTS,2020-05-22 02:00,2020-05-22 12:00
WTS,2020-05-25 09:40,2020-05-25 15:35
WTS,2020-05-26 02:25,2020-05-26 03:50
WTS,2020-05-26 10:35,2020-05-26 19:00
WTS,2020-05-27 11:05,2020-05-27 13:50
WTS,2020-05-27 14:20,2020-05-27 17:30
WTS,2020-05-28 10:57,2020-05-28 12:00
WTS,2020-05-28 13:35,2020-05-28 16:00
WTS,2020-05-29 06:40,2020-05-29 07:40
WTS,2020-05-29 15:25,2020-05-29 17:00
WTS,2020-05-30 01:20,2020-05-30 16:30
WTS,2020-05-30 17:20,2020-05-30 23:25
WTS,2020-05-31 01:40,2020-05-31 03:20
WTS,2020-05-31 10:25,2020-05-31 11:30
WTS,2020-06-02 00:25,2020-06-02 03:15
WTS,2020-06-02 06:27,2020-06-02 07:45
WTS,2020-06-02 09:40,2020-06-02 17:15
WTS,2020-06-02 18:35,2020-06-02 19:20
WTS,2020-06-03 05:10,2020-06-03 06:15
WTS,2020-06-04 16:35,2020-06-04 18:30
WTS,2020-06-05 10:00,2020-06-05 11:30
WTS,2020-06-05 23:25,2020-06-06 10:55
WTS,2020-06-06 12:11,2020-06-06 13:30
WTS,2020-06-06 15:55,2020-06-06 20:00
WTS,2020-06-07 02:20,2020-06-07 15:00
WTS,2020-06-07 15:10,2020-06-07 18:00
WTS,2020-06-08 03:40,2020-06-08 17:00
WTS,2020-06-09 10:30,2020-06-09 12:30
WTS,2020-06-13 03:26,2020-06-13 06:00
WTS,2020-06-13 09:35,2020-06-13 11:30
WTS,2020-06-13 16:10,2020-06-13 18:45
WTS,2020-06-14 17:00,2020-06-14 19:00
WTS,2020-06-14 22:10,2020-06-14 23:30
WTS,2020-06-26 09:37,2020-06-26 10:45
WTS,2020-06-26 11:45,2020-06-26 14:00
WTS,2020-06-27 12:08,2020-06-27 13:20
WTS,2020-07-01 11:15,2020-07-01 12:30
WTS,2020-07-02 13:35,2020-07-02 16:00
WTS,2020-07-03 08:10,2020-07-03 12:00
WTS,2020-07-03 16:20,2020-07-03 17:15
WTS,2020-07-03 18:30,2020-07-03 20:15
WTS,2020-07-17 02:22,2020-07-17 04:30
WTS,2020-07-21 12:30,2020-07-21 14:00
WTS,2020-07-22 02:45,2020-07-22 03:45
WTS,2020-07-22 07:00,2020-07-22 10:00
WTS,2020-07-27 07:05,2020-07-27 09:45
WTS,2020-07-27 13:53,2020-07-27 15:00
WTS,2020-07-28 06:45,2020-07-28 08:00
WTS,2020-07-29 11:40,2020-07-29 16:30
WTS,2020-07-30 04:35,2020-07-30 07:30
WTS,2020-07-30 16:40,2020-07-30 18:00
WTS,2020-07-31 05:50,2020-07-31 09:45
WTS,2020-07-31 17:40,2020-07-31 20:00
WTS,2020-07-31 21:50,2020-08-01 09:15
WTS,2020-08-02 04:00,2020-08-02 08:30
WTS,2020-08-03 13:00,2020-08-03 14:30
WTS,2020-08-04 12:20,2020-08-04 14:30
WTS,2020-08-04 21:00,2020-08-04 22:30
WTS,2020-08-05 05:35,2020-08-05 06:45
WTS,2020-08-05 09:55,2020-08-05 13:00
WTS,2020-08-05 15:10,2020-08-06 00:40
WTS,2020-08-07 05:05,2020-08-07 05:45
WTS,2020-08-11 07:50,2020-08-11 09:00
WTS,2020-08-11 10:07,2020-08-11 13:30
WTS,2020-08-11 20:40,2020-08-12 16:15
WTS,2020-08-12 20:00,2020-08-12 22:30
WTS,2020-08-13 00:05,2020-08-13 05:00
WTS,2020-08-13 10:15,2020-08-13 15:00
WTS,2020-08-15 12:25,2020-08-15 16:30
WTS,2020-08-16 04:05,2020-08-16 07:30
WTS,2020-08-16 13:35,2020-08-16 16:15
WTS,2020-08-17 04:25,2020-08-17 17:00
WTS,2020-08-18 09:55,2020-08-19 01:00
WTS,2020-08-19 02:30,2020-08-19 15:00
WTS,2020-08-20 12:50,2020-08-20 14:45
WTS,2020-08-21 16:17,2020-08-21 18:00
WTS,2020-08-22 14:25,2020-08-22 17:00
WTS,2020-08-26 04:00,2020-08-26 05:00
WTS,2020-08-26 12:15,2020-08-26 16:00
WTS,2020-08-26 19:55,2020-08-27 05:00
WTS,2020-08-27 13:50,2020-08-27 18:00
WTS,2020-08-28 14:55,2020-08-28 16:15
WTS,2020-08-29 12:50,2020-08-29 14:30
WTS,2020-08-31 12:05,2020-08-31 17:00
WTS,2020-08-31 21:15,2020-09-01 02:00
WTS,2020-09-01 14:55,2020-09-01 21:00
WTS,2020-09-02 13:05,2020-09-02 17:45
WTS,2020-09-03 12:40,2020-09-03 16:45
WTS,2020-09-04 11:20,2020-09-04 14:00
WTS,2020-09-04 23:50,2020-09-05 01:20
WTS,2020-09-05 06:52,2020-09-05 13:00
WTS,2020-09-06 05:25,2020-09-06 12:00
WTS,2020-09-06 13:25,2020-09-06 17:15
WTS,2020-09-07 06:05,2020-09-07 10:00
WTS,2020-09-07 18:55,2020-09-07 21:00
WTS,2020-09-07 23:05,2020-09-08 11:30
WTS,2020-09-08 12:55,2020-09-08 14:00
WTS,2020-09-09 03:45,2020-09-09 11:30
WTS,2020-09-09 11:50,2020-09-09 15:00
WTS,2020-09-10 05:40,2020-09-10 11:00
WTS,2020-09-10 15:37,2020-09-10 19:15
WTS,2020-09-11 07:10,2020-09-11 13:30
WTS,2020-09-12 04:45,2020-09-12 08:30
WTS,2020-09-12 12:50,2020-09-13 00:00
WTS,2020-09-13 14:00,2020-09-13 14:40
WTS,2020-09-13 22:30,2020-09-14 06:00
WTS,2020-09-14 10:00,2020-09-14 15:45
WTS,2020-09-15 03:00,2020-09-16 00:45
WTS,2020-09-17 05:55,2020-09-17 16:00
WTS,2020-09-17 17:30,2020-09-17 20:30
WTS,2020-09-17 21:20,2020-09-18 05:00
WTS,2020-09-18 11:05,2020-09-18 12:30
WTS,2020-09-18 13:00,2020-09-18 22:30
WTS,2020-09-19 01:10,2020-09-19 02:30
WTS,2020-09-19 02:45,2020-09-19 09:00
WTS,2020-09-19 11:45,2020-09-19 22:30
WTS,2020-09-20 08:55,2020-09-20 11:00
WTS,2020-09-21 06:00,2020-09-21 07:00
WTS,2020-09-21 08:00,2020-09-22 05:20
WTS,2020-09-23 20:25,2020-09-23 22:30
WTS,2020-09-24 01:40,2020-09-24 07:30
WTS,2020-09-28 16:50,2020-09-28 19:45
WTS,2020-09-29 11:15,2020-09-29 15:30
WTS,2020-09-30 00:00,2020-09-30 02:00
WTS,2020-09-30 13:00,2020-10-01 01:30
WTS,2020-10-05 06:32,2020-10-05 09:45
WTS,2021-03-06 08:15,2021-03-06 09:00
WTS,2021-03-06 12:05,2021-03-06 13:00
WTS,2021-03-06 17:10,2021-03-06 19:00
WTS,2021-05-02 13:45,2021-05-02 15:30
WTS,2021-05-04 19:05,2021-05-04 23:30
WTS,2021-05-13 09:32,2021-05-13 10:45
WTS,2021-05-14 07:10,2021-05-14 14:00
WTS,2021-05-18 03:25,2021-05-18 05:00
WTS,2021-05-18 05:45,2021-05-18 06:20
WTS,2021-05-18 07:48,2021-05-18 09:00
WTS,2021-05-19 13:25,2021-05-19 14:25
WTS,2021-05-24 09:38,2021-05-24 15:00
WTS,2021-05-25 06:50,2021-05-25 14:00
WTS,2021-05-26 09:51,2021-05-26 14:30
WTS,2021-05-29 11:55,2021-05-29 12:55
WTS,2021-05-30 12:20,2021-05-30 14:00
WTS,2021-05-31 00:40,2021-05-31 05:45
WTS,2021-05-31 11:45,2021-05-31 16:00
WTS,2021-05-31 18:02,2021-06-01 00:10
WTS,2021-06-01 01:10,2021-06-01 11:30
WTS,2021-06-01 12:15,2021-06-01 23:00
WTS,2021-06-04 08:05,2021-06-04 14:00
WTS,2021-06-09 03:49,2021-06-09 13:45
WTS,2021-06-11 15:25,2021-06-11 16:45
WTS,2021-06-11 18:35,2021-06-12 11:30
WTS,2021-06-12 16:55,2021-06-12 18:30
WTS,2021-06-13 00:00,2021-06-13 02:00
WTS,2021-06-14 12:32,2021-06-14 13:30
WTS,2021-06-15 04:35,2021-06-15 08:30
WTS,2021-06-15 10:35,2021-06-15 12:30
WTS,2021-06-21 08:40,2021-06-21 12:00
WTS,2021-06-21 13:25,2021-06-21 15:50
WTS,2021-06-21 22:40,2021-06-21 23:55
WTS,2021-06-22 02:45,2021-06-22 05:00
WTS,2021-06-22 06:20,2021-06-22 10:30
WTS,2021-06-22 19:15,2021-06-22 21:00
WTS,2021-06-23 12:15,2021-06-23 16:00
WTS,2021-06-24 06:25,2021-06-24 15:30
WTS,2021-06-26 05:30,2021-06-26 10:30
WTS,2021-06-26 11:50,2021-06-26 14:35
WTS,2021-06-26 19:13,2021-06-26 21:00
WTS,2021-06-27 10:43,2021-06-27 14:00
WTS,2021-06-28 04:25,2021-06-28 14:30
WTS,2021-06-29 09:45,2021-06-29 15:30
WTS,2021-07-05 11:00,2021-07-05 12:30
WTS,2021-07-05 13:50,2021-07-05 15:30
WTS,2021-07-06 13:52,2021-07-06 19:30
WTS,2021-07-06 23:00,2021-07-07 09:00
WTS,2021-07-14 13:22,2021-07-14 16:00
WTS,2021-07-16 07:35,2021-07-16 18:00
WTS,2021-07-17 05:20,2021-07-17 13:00
WTS,2021-07-18 03:15,2021-07-18 17:00
WTS,2021-07-18 20:55,2021-07-19 19:00
WTS,2021-07-20 02:15,2021-07-20 16:40
WTS,2021-07-21 02:55,2021-07-21 07:30
WTS,2021-07-21 09:55,2021-07-21 12:00
WTS,2021-07-21 13:40,2021-07-21 16:30
WTS,2021-07-23 16:25,2021-07-23 18:00
WTS,2021-07-23 22:50,2021-07-24 04:00
WTS,2021-07-24 04:40,2021-07-24 08:30
WTS,2021-07-24 13:25,2021-07-24 19:30
WTS,2021-07-24 21:40,2021-07-25 04:30
WTS,2021-07-25 15:25,2021-07-25 18:00
WTS,2021-07-26 13:50,2021-07-26 17:30
WTS,2021-07-27 13:55,2021-07-27 17:30
WTS,2021-07-27 19:20,2021-07-27 23:30
WTS,2021-07-28 06:15,2021-07-28 07:15
WTS,2021-07-28 10:15,2021-07-28 20:00
WTS,2021-07-29 07:35,2021-07-29 09:45
WTS,2021-07-29 10:30,2021-07-29 16:30
WTS,2021-07-30 01:25,2021-07-30 10:30
WTS,2021-07-31 00:10,2021-07-31 09:30
WTS,2021-07-31 14:45,2021-07-31 17:15
WTS,2021-07-31 23:45,2021-08-01 03:30
WTS,2021-08-01 13:30,2021-08-01 16:35
WTS,2021-08-02 11:26,2021-08-02 13:30
WTS,2021-08-02 17:24,2021-08-02 21:40
WTS,2021-08-03 04:35,2021-08-03 08:30
WTS,2021-08-04 03:55,2021-08-04 05:00
WTS,2021-08-04 14:18,2021-08-05 01:45
WTS,2021-08-05 03:25,2021-08-05 04:55
WTS,2021-08-05 07:15,2021-08-05 08:30
WTS,2021-08-05 12:55,2021-08-06 06:00
WTS,2021-08-06 13:30,2021-08-06 15:30
WTS,2021-08-06 20:10,2021-08-06 21:20
WTS,2021-08-07 01:35,2021-08-07 07:30
WTS,2021-08-07 12:50,2021-08-07 16:00
WTS,2021-08-08 15:15,2021-08-08 18:30
WTS,2021-08-08 23:05,2021-08-09 08:30
WTS,2021-08-09 16:05,2021-08-09 20:25
WTS,2021-08-10 07:05,2021-08-10 08:30
WTS,2021-08-10 09:35,2021-08-10 12:45
WTS,2021-08-11 03:20,2021-08-11 07:00
WTS,2021-08-11 13:00,2021-08-11 15:00
WTS,2021-08-11 19:40,2021-08-11 21:30
WTS,2021-08-12 01:00,2021-08-12 03:15
WTS,2021-08-13 08:40,2021-08-13 13:00
WTS,2021-08-14 06:00,2021-08-14 11:00
WTS,2021-08-14 12:00,2021-08-14 15:15
WTS,2021-08-15 14:25,2021-08-15 15:55
WTS,2021-08-15 16:55,2021-08-15 19:00
WTS,2021-08-15 23:25,2021-08-16 03:30
WTS,2021-08-16 09:00,2021-08-16 15:00
WTS,2021-08-18 13:45,2021-08-18 17:00
WTS,2021-08-19 05:20,2021-08-19 07:30
WTS,2021-08-19 09:20,2021-08-19 15:00
WTS,2021-08-19 15:40,2021-08-19 17:00
WTS,2021-08-24 09:32,2021-08-24 11:00
WTS,2021-08-25 14:03,2021-08-25 17:30
WTS,2021-08-27 04:10,2021-08-27 19:00
WTS,2021-08-28 04:15,2021-08-28 05:50
WTS,2021-08-28 11:15,2021-08-28 14:30
WTS,2021-08-29 07:05,2021-08-29 13:30
WTS,2021-08-30 08:28,2021-08-30 09:50
WTS,2021-08-30 14:20,2021-08-30 16:30
WTS,2021-08-31 10:10,2021-08-31 15:15
WTS,2021-09-01 04:45,2021-09-01 06:00
WTS,2021-09-01 08:40,2021-09-01 12:00
WTS,2021-09-01 13:38,2021-09-01 16:00
WTS,2021-09-01 18:45,2021-09-01 21:35
WTS,2021-09-04 07:25,2021-09-04 11:30
WTS,2021-09-05 12:30,2021-09-05 14:00
WTS,2021-09-05 15:10,2021-09-05 16:15
WTS,2021-09-06 12:50,2021-09-06 15:00
WTS,2021-09-07 13:25,2021-09-07 14:30
WTS,2021-09-09 14:45,2021-09-09 16:15
WTS,2021-09-12 13:55,2021-09-12 16:00
WTS,2021-09-13 11:10,2021-09-13 14:00
WTS,2021-09-14 09:35,2021-09-14 16:00
WTS,2021-09-15 17:30,2021-09-15 18:45
WTS,2021-09-15 21:27,2021-09-15 22:30
WTS,2021-09-16 11:56,2021-09-16 21:00
WTS,2021-09-17 12:06,2021-09-17 15:30
WTS,2021-09-18 06:14,2021-09-18 08:50
WTS,2021-09-19 11:20,2021-09-19 18:00
WTS,2021-09-19 18:48,2021-09-19 21:00
WTS,2021-09-20 09:05,2021-09-20 16:30
WTS,2021-09-21 12:11,2021-09-21 16:00
WTS,2021-09-22 13:18,2021-09-22 15:30
WTS,2021-09-23 00:30,2021-09-23 05:30
WTS,2021-09-23 05:55,2021-09-23 23:00
WTS,2021-09-24 02:35,2021-09-24 08:30
WTS,2021-09-24 09:15,2021-09-24 11:00
WTS,2021-09-25 02:55,2021-09-25 04:30
WTS,2021-09-29 14:35,2021-09-29 17:30
WTS,2021-09-30 12:35,2021-09-30 16:30
WTS,2021-10-01 11:40,2021-10-01 17:00
WTS,2021-10-03 03:10,2021-10-03 12:00
WTS,2021-10-07 18:31,2021-10-08 08:30
WTS,2021-10-08 10:16,2021-10-08 19:00
WTS,2021-10-10 01:44,2021-10-10 05:45
WTS,2021-10-10 07:51,2021-10-10 09:20
WTS,2021-10-10 10:55,2021-10-10 16:15
WTS,2021-10-13 07:46,2021-10-13 11:00
WTS,2021-10-13 13:28,2021-10-13 19:00
WTS,2022-03-20 11:25,2022-03-20 14:00
WTS,2022-03-23 02:17,2022-03-23 06:25
WTS,2022-03-23 08:10,2022-03-23 10:00
WTS,2022-03-25 13:55,2022-03-25 15:00
WTS,2022-03-27 23:15,2022-03-28 08:30
WTS,2022-04-23 00:55,2022-04-23 02:30
WTS,2022-05-10 17:55,2022-05-10 19:30
WTS,2022-05-10 23:00,2022-05-13 00:45
WTS,2022-05-13 02:10,2022-05-13 09:00
WTS,2022-05-13 15:00,2022-05-14 01:00
WTS,2022-05-14 03:40,2022-05-14 05:00
WTS,2022-05-15 00:20,2022-05-15 06:30
WTS,2022-05-15 21:00,2022-05-15 22:30
WTS,2022-05-26 12:15,2022-05-26 13:30
WTS,2022-05-27 05:50,2022-05-27 17:00
WTS,2022-05-29 12:45,2022-05-29 14:00
WTS,2022-05-30 08:30,2022-05-30 10:30
WTS,2022-05-31 10:15,2022-05-31 13:30
WTS,2022-05-31 19:45,2022-05-31 21:00
WTS,2022-06-01 04:58,2022-06-01 06:30
WTS,2022-06-01 12:00,2022-06-01 15:00
WTS,2022-06-02 01:45,2022-06-02 05:30
WTS,2022-06-02 15:40,2022-06-02 17:00
WTS,2022-06-03 02:03,2022-06-03 17:30
WTS,2022-06-06 08:37,2022-06-06 15:55
WTS,2022-06-06 17:50,2022-06-06 20:00
WTS,2022-06-06 22:17,2022-06-07 08:50
WTS,2022-06-07 09:45,2022-06-07 16:00
WTS,2022-06-07 17:55,2022-06-07 22:00
WTS,2022-06-08 08:20,2022-06-08 21:00
WTS,2022-06-09 09:05,2022-06-09 17:45
WTS,2022-06-09 19:05,2022-06-09 20:30
WTS,2022-06-09 22:20,2022-06-10 00:30
WTS,2022-06-10 07:45,2022-06-10 12:25
WTS,2022-06-11 00:50,2022-06-11 02:30
WTS,2022-06-11 04:10,2022-06-11 08:30
WTS,2022-06-11 11:40,2022-06-11 16:00
WTS,2022-06-12 03:20,2022-06-12 06:50
WTS,2022-06-14 09:20,2022-06-14 22:00
WTS,2022-06-15 03:45,2022-06-15 06:00
WTS,2022-06-15 10:25,2022-06-16 00:00
WTS,2022-06-16 01:30,2022-06-16 04:00
WTS,2022-06-16 09:35,2022-06-16 12:25
WTS,2022-06-16 13:05,2022-06-16 13:45
WTS,2022-06-17 03:15,2022-06-17 04:15
WTS,2022-06-17 10:10,2022-06-17 11:15
WTS,2022-06-18 09:05,2022-06-18 10:00
WTS,2022-06-20 02:45,2022-06-20 05:00
WTS,2022-06-25 12:42,2022-06-25 15:00
WTS,2022-06-29 12:25,2022-06-29 16:00
WTS,2022-06-30 02:35,2022-06-30 06:30
WTS,2022-06-30 07:10,2022-06-30 20:00
WTS,2022-07-01 00:47,2022-07-01 01:50
WTS,2022-07-01 12:25,2022-07-01 16:30
WTS,2022-07-02 02:05,2022-07-02 07:30
WTS,2022-07-02 11:52,2022-07-02 14:00
WTS,2022-07-02 18:15,2022-07-02 23:30
WTS,2022-07-03 00:15,2022-07-03 06:00
WTS,2022-07-05 13:20,2022-07-05 18:30
WTS,2022-07-06 04:20,2022-07-06 05:45
WTS,2022-07-06 08:20,2022-07-06 10:30
WTS,2022-07-06 10:50,2022-07-06 13:00
WTS,2022-07-07 04:20,2022-07-07 07:15
WTS,2022-07-07 12:26,2022-07-07 16:30
WTS,2022-07-07 16:47,2022-07-07 18:00
WTS,2022-07-16 09:02,2022-07-16 10:00
WTS,2022-07-29 13:18,2022-07-29 17:30
WTS,2022-07-29 20:15,2022-07-29 20:45
WTS,2022-07-30 01:45,2022-07-30 14:00
WTS,2022-07-31 06:20,2022-07-31 08:30
WTS,2022-07-31 11:33,2022-07-31 14:30
WTS,2022-08-02 12:32,2022-08-02 13:45
WTS,2022-08-02 17:50,2022-08-03 00:00
WTS,2022-08-03 04:27,2022-08-03 10:30
WTS,2022-08-03 12:55,2022-08-03 20:00
WTS,2022-08-04 08:40,2022-08-04 10:00
WTS,2022-08-04 13:37,2022-08-04 17:00
WTS,2022-08-05 03:25,2022-08-05 09:30
WTS,2022-08-05 10:32,2022-08-05 18:00
WTS,2022-08-06 10:00,2022-08-06 11:00
WTS,2022-08-06 11:35,2022-08-06 17:00
WTS,2022-08-07 12:07,2022-08-07 13:30
WTS,2022-08-07 20:21,2022-08-07 21:30
WTS,2022-08-07 22:00,2022-08-07 23:00
WTS,2022-08-08 01:01,2022-08-08 03:45
WTS,2022-08-08 06:05,2022-08-08 16:45
WTS,2022-08-08 17:40,2022-08-09 03:45
WTS,2022-08-09 06:30,2022-08-09 21:30
WTS,2022-08-10 04:30,2022-08-10 06:30
WTS,2022-08-10 17:04,2022-08-10 23:30
WTS,2022-08-11 10:15,2022-08-11 18:00
WTS,2022-08-12 04:04,2022-08-12 05:15
WTS,2022-08-12 07:32,2022-08-12 13:00
WTS,2022-08-13 14:40,2022-08-13 15:40
WTS,2022-08-16 06:12,2022-08-16 07:15
WTS,2022-08-17 01:43,2022-08-17 06:15
WTS,2022-08-17 15:31,2022-08-17 19:30
WTS,2022-08-20 13:10,2022-08-20 15:50
WTS,2022-08-21 02:32,2022-08-21 06:00
WTS,2022-08-21 18:25,2022-08-21 20:00
WTS,2022-08-23 20:00,2022-08-23 22:00
WTS,2022-08-25 16:50,2022-08-25 21:00
WTS,2022-08-28 13:18,2022-08-28 15:30
WTS,2022-08-29 13:16,2022-08-29 16:00
WTS,2022-08-30 13:50,2022-08-30 16:45
WTS,2022-08-31 11:14,2022-08-31 17:30
WTS,2022-09-01 14:00,2022-09-01 19:30
WTS,2022-09-07 02:35,2022-09-07 10:15
WTS,2022-09-10 15:23,2022-09-10 16:30
WTS,2022-09-16 14:34,2022-09-16 15:55
WTS,2022-09-17 15:50,2022-09-17 17:00
WTS,2022-09-18 14:45,2022-09-18 20:45
WTS,2022-09-18 21:23,2022-09-19 09:30
WTS,2022-09-19 14:30,2022-09-19 19:30
WTS,2022-09-20 10:15,2022-09-20 13:30
WTS,2022-09-23 15:40,2022-09-23 18:30
WTS,2022-09-23 21:45,2022-09-23 23:45
WTS,2022-09-24 00:40,2022-09-24 03:00
WTS,2022-09-29 06:30,2022-09-29 12:45
WTS,2022-09-29 23:05,2022-09-30 05:00
WTS,2022-09-30 08:20,2022-09-30 21:45
WTS,2022-10-01 13:29,2022-10-01 14:30
WTS,2022-10-01 15:25,2022-10-01 17:10
WTS,2022-10-07 20:55,2022-10-08 00:00
WTS,2022-12-17 03:29,2022-12-17 05:00
WTS,2023-03-25 11:35,2023-03-26 04:40
WTS,2023-03-26 06:30,2023-03-26 09:00
WTS,2023-03-27 01:50,2023-03-27 05:45
WTS,2023-04-02 07:00,2023-04-02 09:25
WTS,2023-04-19 09:45,2023-04-19 14:30
WTS,2023-04-19 16:35,2023-04-19 18:45
WTS,2023-04-19 19:12,2023-04-20 08:30
WTS,2023-04-20 16:22,2023-04-20 18:00
WTS,2023-04-20 19:15,2023-04-21 12:00
WTS,2023-04-21 13:20,2023-04-21 22:45
WTS,2023-04-22 21:17,2023-04-22 23:00
WTS,2023-04-24 15:15,2023-04-24 18:30
WTS,2023-05-07 11:40,2023-05-07 18:30
WTS,2023-05-08 06:24,2023-05-08 14:45
WTS,2023-05-17 10:09,2023-05-17 14:30
WTS,2023-05-23 03:30,2023-05-23 10:00
WTS,2023-05-23 12:40,2023-05-23 14:45
WTS,2023-05-24 07:50,2023-05-24 09:50
WTS,2023-05-24 15:45,2023-05-24 18:15
WTS,2023-05-30 15:14,2023-05-30 16:45
WTS,2023-05-31 13:30,2023-05-31 17:05
WTS,2023-05-31 18:20,2023-05-31 19:20
WTS,2023-06-01 03:15,2023-06-01 09:55
WTS,2023-06-02 14:20,2023-06-02 15:00
WTS,2023-06-03 14:45,2023-06-03 18:15
WTS,2023-06-03 20:40,2023-06-03 23:00
WTS,2023-06-04 02:50,2023-06-04 08:30
WTS,2023-06-04 09:35,2023-06-04 12:30
WTS,2023-06-05 04:02,2023-06-05 09:45
WTS,2023-06-06 07:16,2023-06-06 18:30
WTS,2023-06-07 00:10,2023-06-07 03:10
WTS,2023-06-07 09:40,2023-06-07 19:00
WTS,2023-06-08 05:08,2023-06-08 07:00
WTS,2023-06-08 08:20,2023-06-08 11:00
WTS,2023-06-08 15:15,2023-06-08 16:15
WTS,2023-06-08 16:56,2023-06-08 19:00
WTS,2023-06-08 23:40,2023-06-09 15:00
WTS,2023-06-10 05:05,2023-06-10 11:50
WTS,2023-06-10 17:26,2023-06-11 00:30
WTS,2023-06-11 02:40,2023-06-11 13:15
WTS,2023-06-11 16:45,2023-06-11 17:45
WTS,2023-06-12 14:00,2023-06-12 16:45
WTS,2023-06-13 10:30,2023-06-14 08:20
WTS,2023-06-14 14:45,2023-06-14 16:45
WTS,2023-06-14 21:15,2023-06-15 07:00
WTS,2023-06-15 13:10,2023-06-15 18:30
WTS,2023-06-15 21:00,2023-06-16 03:00
WTS,2023-06-16 07:50,2023-06-16 18:00
WTS,2023-06-17 06:20,2023-06-17 08:30
WTS,2023-06-17 09:20,2023-06-17 18:00
WTS,2023-06-18 03:38,2023-06-18 06:00
WTS,2023-06-18 06:23,2023-06-18 13:30
WTS,2023-06-18 16:38,2023-06-18 18:45
WTS,2023-06-19 02:40,2023-06-19 09:15
WTS,2023-06-19 10:05,2023-06-19 11:30
WTS,2023-06-20 01:55,2023-06-20 04:00
WTS,2023-06-20 13:45,2023-06-20 14:45
WTS,2023-06-23 09:15,2023-06-23 18:00
WTS,2023-06-23 18:26,2023-06-23 19:30
WTS,2023-06-24 03:40,2023-06-24 19:30
WTS,2023-06-24 19:53,2023-06-25 05:00
WTS,2023-06-25 07:25,2023-06-25 08:45
WTS,2023-06-25 14:51,2023-06-25 16:00
WTS,2023-06-26 06:09,2023-06-26 08:45
WTS,2023-06-26 14:15,2023-06-26 15:15
WTS,2023-06-28 06:18,2023-06-28 15:00
WTS,2023-06-28 21:08,2023-06-29 01:00
WTS,2023-06-29 20:35,2023-06-29 21:30
WTS,2023-06-30 07:20,2023-06-30 15:00
WTS,2023-07-01 11:45,2023-07-01 14:30
WTS,2023-07-01 21:55,2023-07-01 23:15
WTS,2023-07-02 07:15,2023-07-02 17:00
WTS,2023-07-03 13:58,2023-07-03 15:30
WTS,2023-07-04 03:57,2023-07-04 05:00
WTS,2023-07-04 13:40,2023-07-04 16:00
WTS,2023-07-05 06:01,2023-07-05 07:00
WTS,2023-07-12 14:29,2023-07-12 15:30
WTS,2023-07-14 05:43,2023-07-14 06:45
WTS,2023-07-15 13:00,2023-07-15 15:45
WTS,2023-07-15 17:00,2023-07-15 19:45
WTS,2023-07-15 22:40,2023-07-16 02:00
WTS,2023-07-16 12:40,2023-07-16 21:30
WTS,2023-07-17 16:36,2023-07-17 18:45
WTS,2023-07-18 01:28,2023-07-18 03:30
WTS,2023-07-18 23:30,2023-07-19 00:30
WTS,2023-07-20 03:25,2023-07-20 05:30
WTS,2023-07-21 12:02,2023-07-21 15:30
WTS,2023-07-26 15:10,2023-07-26 16:45
WTS,2023-07-27 17:46,2023-07-28 00:00
WTS,2023-07-29 04:35,2023-07-29 13:45
WTS,2023-07-29 18:40,2023-07-30 18:00
WTS,2023-07-30 19:50,2023-07-31 04:30
WTS,2023-07-31 11:55,2023-07-31 16:20
WTS,2023-08-01 10:48,2023-08-01 13:30
WTS,2023-08-04 07:30,2023-08-04 10:00
WTS,2023-08-05 05:00,2023-08-05 10:30
WTS,2023-08-06 09:05,2023-08-06 12:00
WTS,2023-08-09 12:22,2023-08-09 19:00
WTS,2023-08-10 05:30,2023-08-10 07:30
WTS,2023-08-10 09:17,2023-08-10 16:15
WTS,2023-08-10 22:00,2023-08-11 06:10
WTS,2023-08-11 09:30,2023-08-11 11:30
WTS,2023-08-11 15:45,2023-08-11 16:45
WTS,2023-08-12 00:40,2023-08-12 05:00
WTS,2023-08-12 14:35,2023-08-12 16:30
WTS,2023-08-13 08:40,2023-08-13 13:00
WTS,2023-08-13 13:57,2023-08-13 15:00
WTS,2023-08-13 22:35,2023-08-14 04:15
WTS,2023-08-14 08:40,2023-08-14 14:30
WTS,2023-08-15 11:40,2023-08-15 15:10
WTS,2023-08-17 01:55,2023-08-17 03:15
WTS,2023-08-17 12:15,2023-08-17 15:30
WTS,2023-08-18 08:40,2023-08-18 13:30
WTS,2023-08-18 17:45,2023-08-18 18:40
WTS,2023-08-19 02:12,2023-08-19 14:30
WTS,2023-08-20 06:40,2023-08-20 08:30
WTS,2023-08-20 21:21,2023-08-21 00:00
WTS,2023-08-21 09:56,2023-08-21 15:00
WTS,2023-08-22 03:45,2023-08-22 05:00
WTS,2023-08-22 13:03,2023-08-22 14:30
WTS,2023-08-24 01:17,2023-08-24 09:30
WTS,2023-08-24 11:30,2023-08-24 13:30
WTS,2023-08-24 13:42,2023-08-24 16:00
WTS,2023-08-25 10:52,2023-08-25 17:00
WTS,2023-08-26 09:45,2023-08-26 12:30
WTS,2023-08-26 14:36,2023-08-26 15:30
WTS,2023-08-27 05:15,2023-08-27 07:00
WTS,2023-08-27 12:55,2023-08-27 15:30
WTS,2023-08-28 01:15,2023-08-28 02:45
WTS,2023-08-28 03:48,2023-08-28 11:30
WTS,2023-08-28 14:05,2023-08-28 15:30
WTS,2023-08-28 23:17,2023-08-29 02:00
WTS,2023-08-29 10:55,2023-08-29 18:00
WTS,2023-09-01 18:10,2023-09-01 23:30
WTS,2023-09-02 08:50,2023-09-02 11:00
WTS,2023-09-03 19:03,2023-09-03 19:40
WTS,2023-09-04 15:34,2023-09-04 16:30
WTS,2023-09-04 19:37,2023-09-04 22:00
WTS,2023-09-06 18:17,2023-09-06 21:00
WTS,2023-09-06 21:29,2023-09-06 22:30
WTS,2023-09-07 02:18,2023-09-07 06:30
WTS,2023-09-07 08:33,2023-09-07 11:45
WTS,2023-09-07 14:30,2023-09-08 17:00
WTS,2023-09-09 13:50,2023-09-09 15:15
WTS,2023-09-10 05:15,2023-09-10 09:00
WTS,2023-09-10 12:25,2023-09-10 14:30
WTS,2023-09-11 07:55,2023-09-11 15:30
WTS,2023-09-12 13:28,2023-09-12 17:00
WTS,2023-09-13 23:55,2023-09-14 12:30
WTS,2023-09-14 17:35,2023-09-15 02:00
WTS,2023-09-15 13:45,2023-09-16 02:00
WTS,2023-09-16 12:45,2023-09-16 15:45
WTS,2023-09-17 12:38,2023-09-17 16:30
WTS,2023-09-22 13:23,2023-09-22 17:00
WTS,2023-09-24 05:20,2023-09-24 10:25
WTS,2023-09-25 06:13,2023-09-25 08:30
WTS,2023-09-30 13:20,2023-09-30 17:00
WTS,2023-10-01 07:15,2023-10-01 10:00
WTS,2023-10-09 00:35,2023-10-09 18:30
WTS,2024-04-05 14:04,2024-04-05 15:15
WTS,2024-04-06 10:19,2024-04-06 15:30
WTS,2024-04-07 14:00,2024-04-07 16:30
WTS,2024-04-18 07:26,2024-04-18 15:30
WTS,2024-04-19 02:57,2024-04-19 04:00
WTS,2024-04-19 12:00,2024-04-19 15:00
WTS,2024-04-19 20:05,2024-04-19 22:30
WTS,2024-04-20 15:15,2024-04-21 00:15
WTS,2024-04-21 08:40,2024-04-21 22:30
WTS,2024-04-22 08:15,2024-04-22 09:05
WTS,2024-04-22 12:30,2024-04-22 16:30
WTS,2024-04-22 20:25,2024-04-22 23:15
WTS,2024-04-23 04:45,2024-04-23 15:30
WTS,2024-04-24 21:00,2024-04-24 23:30
WTS,2024-04-25 01:20,2024-04-25 07:00
WTS,2024-04-25 08:15,2024-04-25 13:30
WTS,2024-04-25 15:45,2024-04-25 16:45
WTS,2024-04-26 01:50,2024-04-26 03:15
WTS,2024-04-26 05:30,2024-04-26 15:30
WTS,2024-04-26 19:25,2024-04-26 22:00
WTS,2024-04-27 11:37,2024-04-27 13:00
WTS,2024-04-27 22:10,2024-04-28 09:30
WTS,2024-04-28 10:40,2024-04-28 15:30
WTS,2024-04-30 16:35,2024-04-30 18:45
WTS,2024-04-30 19:17,2024-05-01 13:00
WTS,2024-05-04 05:00,2024-05-04 22:30
WTS,2024-05-05 04:00,2024-05-05 07:00
WTS,2024-05-07 13:36,2024-05-07 14:50
WTS,2024-05-12 15:15,2024-05-12 18:30
WTS,2024-05-19 18:40,2024-05-20 02:50
WTS,2024-05-21 06:55,2024-05-21 18:30
WTS,2024-05-23 16:00,2024-05-23 17:55
WTS,2024-05-24 09:35,2024-05-24 14:30
WTS,2024-05-24 15:35,2024-05-24 19:00
WTS,2024-05-25 01:00,2024-05-25 08:30
WTS,2024-05-27 07:00,2024-05-27 10:30
WTS,2024-05-27 23:05,2024-05-28 04:45
WTS,2024-05-28 15:00,2024-05-28 16:30
WTS,2024-05-31 02:55,2024-05-31 04:00
WTS,2024-05-31 13:15,2024-05-31 17:00
WTS,2024-06-01 03:25,2024-06-01 06:30
WTS,2024-06-01 09:45,2024-06-01 12:45
WTS,2024-06-03 07:25,2024-06-03 13:50
WTS,2024-06-04 12:30,2024-06-04 16:30
WTS,2024-06-08 06:06,2024-06-08 08:30
WTS,2024-06-08 15:00,2024-06-08 17:00
WTS,2024-06-09 05:00,2024-06-09 13:30
WTS,2024-06-10 03:03,2024-06-10 05:00
WTS,2024-06-10 12:52,2024-06-10 15:00
WTS,2024-06-11 06:35,2024-06-11 09:00
WTS,2024-06-11 10:58,2024-06-11 14:00
WTS,2024-06-12 03:35,2024-06-12 04:30
WTS,2024-06-12 14:00,2024-06-12 18:15
WTS,2024-06-13 07:05,2024-06-13 11:30
WTS,2024-06-13 13:18,2024-06-13 14:30
WTS,2024-06-14 07:50,2024-06-14 14:30
WTS,2024-06-15 05:45,2024-06-15 21:30
WTS,2024-06-16 06:55,2024-06-16 15:00
WTS,2024-06-16 15:30,2024-06-16 16:30
WTS,2024-06-18 01:00,2024-06-18 05:00
WTS,2024-06-18 10:20,2024-06-18 11:30
WTS,2024-06-18 12:06,2024-06-18 13:30
WTS,2024-06-19 07:08,2024-06-19 08:30
WTS,2024-06-19 10:44,2024-06-19 15:30
WTS,2024-06-19 23:05,2024-06-20 01:30
WTS,2024-06-20 06:25,2024-06-20 09:00
WTS,2024-06-23 00:00,2024-06-23 03:00
WTS,2024-06-23 03:49,2024-06-23 05:00
WTS,2024-06-23 21:46,2024-06-23 23:15
WTS,2024-06-24 02:42,2024-06-24 04:30
WTS,2024-06-24 06:05,2024-06-24 08:15
WTS,2024-06-24 10:58,2024-06-24 12:30
WTS,2024-06-25 04:10,2024-06-25 06:30
WTS,2024-06-25 17:20,2024-06-25 18:25
WTS,2024-06-25 19:55,2024-06-26 01:00
WTS,2024-06-26 23:09,2024-06-27 00:10
WTS,2024-06-27 04:00,2024-06-27 05:00
WTS,2024-06-27 08:38,2024-06-27 10:00
WTS,2024-06-27 19:52,2024-06-27 21:00
WTS,2024-06-28 21:30,2024-06-28 23:00
WTS,2024-06-29 02:56,2024-06-29 08:30
WTS,2024-06-29 13:10,2024-06-29 17:30
WTS,2024-06-30 00:40,2024-06-30 10:30
WTS,2024-06-30 14:15,2024-06-30 16:00
WTS,2024-07-01 01:45,2024-07-01 03:45
WTS,2024-07-04 06:11,2024-07-04 11:20
WTS,2024-07-04 12:20,2024-07-04 15:30
WTS,2024-07-06 12:40,2024-07-06 14:00
WTS,2024-07-07 14:40,2024-07-07 15:15
WTS,2024-07-08 11:50,2024-07-08 14:30
WTS,2024-07-09 14:50,2024-07-09 16:15
WTS,2024-07-10 02:48,2024-07-10 07:30
WTS,2024-07-11 13:00,2024-07-11 14:00
WTS,2024-07-11 15:20,2024-07-11 16:30
WTS,2024-07-12 04:55,2024-07-12 07:00
WTS,2024-07-12 07:50,2024-07-12 14:30
WTS,2024-07-13 06:00,2024-07-13 08:30
WTS,2024-07-13 12:40,2024-07-13 14:00
WTS,2024-07-14 16:20,2024-07-15 01:30
WTS,2024-07-15 02:20,2024-07-15 04:00
WTS,2024-07-15 05:15,2024-07-15 10:30
WTS,2024-07-15 15:00,2024-07-15 19:30
WTS,2024-07-15 19:52,2024-07-16 00:45
WTS,2024-07-16 04:40,2024-07-16 13:00
WTS,2024-07-16 15:06,2024-07-16 17:30
WTS,2024-07-16 18:38,2024-07-16 19:45
WTS,2024-07-17 04:05,2024-07-17 07:45
WTS,2024-07-17 16:10,2024-07-17 18:30
WTS,2024-07-18 04:37,2024-07-18 06:15
WTS,2024-07-18 09:14,2024-07-18 17:00
WTS,2024-07-18 17:45,2024-07-18 18:20
WTS,2024-07-19 06:30,2024-07-19 14:30
WTS,2024-07-20 09:10,2024-07-20 12:30
WTS,2024-07-20 16:35,2024-07-20 18:00
WTS,2024-07-21 10:44,2024-07-21 13:00
WTS,2024-07-21 21:43,2024-07-21 23:00
WTS,2024-07-22 17:51,2024-07-22 19:00
WTS,2024-07-25 19:28,2024-07-26 10:30
WTS,2024-07-26 17:50,2024-07-26 19:30
WTS,2024-07-27 07:50,2024-07-27 20:00
WTS,2024-07-27 22:05,2024-07-28 12:30
WTS,2024-07-28 18:35,2024-07-28 19:20
WTS,2024-07-29 01:40,2024-07-29 04:30
WTS,2024-07-29 11:10,2024-07-29 16:30
WTS,2024-07-29 21:14,2024-07-29 22:00
WTS,2024-07-30 01:10,2024-07-30 06:30
WTS,2024-07-31 01:15,2024-07-31 02:45
WTS,2024-07-31 06:40,2024-07-31 16:30
WTS,2024-08-01 04:15,2024-08-01 06:45
WTS,2024-08-02 15:01,2024-08-02 16:15
WTS,2024-08-05 13:40,2024-08-05 18:30
WTS,2024-08-06 11:55,2024-08-06 16:30
WTS,2024-08-07 12:46,2024-08-07 16:00
WTS,2024-08-07 16:24,2024-08-07 17:45
WTS,2024-08-10 13:45,2024-08-10 15:45
WTS,2024-08-11 11:10,2024-08-11 13:00
WTS,2024-08-12 02:23,2024-08-12 05:20
WTS,2024-08-12 06:20,2024-08-12 10:45
WTS,2024-08-13 00:40,2024-08-13 06:00
WTS,2024-08-13 11:30,2024-08-13 17:30
WTS,2024-08-14 04:55,2024-08-14 07:00
WTS,2024-08-14 08:20,2024-08-14 12:30
WTS,2024-08-15 09:50,2024-08-15 16:45
WTS,2024-08-16 10:10,2024-08-16 16:30
WTS,2024-08-17 01:35,2024-08-17 03:00
WTS,2024-08-17 04:45,2024-08-17 11:00
WTS,2024-08-17 22:40,2024-08-18 01:45
WTS,2024-08-18 04:40,2024-08-18 11:30
WTS,2024-08-18 17:25,2024-08-18 23:00
WTS,2024-08-19 04:30,2024-08-19 11:30
WTS,2024-08-19 12:25,2024-08-19 16:30
WTS,2024-08-20 04:55,2024-08-20 10:30
WTS,2024-08-20 14:50,2024-08-20 18:00
WTS,2024-08-21 03:06,2024-08-21 12:00
WTS,2024-08-22 13:40,2024-08-22 14:45
WTS,2024-08-25 14:05,2024-08-25 15:10
WTS,2024-08-26 13:02,2024-08-26 14:30
WTS,2024-08-28 14:45,2024-08-28 20:00
WTS,2024-08-29 14:48,2024-08-29 17:00
WTS,2024-08-29 19:09,2024-08-29 21:30
WTS,2024-08-30 12:45,2024-08-30 15:30
WTS,2024-08-30 23:40,2024-08-31 07:00
WTS,2024-08-31 08:40,2024-08-31 17:00
WTS,2024-09-02 13:06,2024-09-02 17:00
WTS,2024-09-03 21:20,2024-09-04 00:30
WTS,2024-09-04 17:10,2024-09-04 20:00
WTS,2024-09-05 18:50,2024-09-06 14:00
WTS,2024-09-06 15:53,2024-09-07 03:30
WTS,2024-09-07 08:59,2024-09-07 11:30
WTS,2024-09-07 22:56,2024-09-08 13:00
WTS,2024-09-09 11:45,2024-09-09 14:20
WTS,2024-09-10 02:50,2024-09-10 05:45
WTS,2024-09-12 14:58,2024-09-12 16:15
WTS,2024-09-13 16:55,2024-09-13 21:00
WTS,2024-09-14 12:00,2024-09-14 16:45
WTS,2024-09-15 20:48,2024-09-15 22:00
WTS,2024-09-16 01:21,2024-09-16 03:00
WTS,2024-09-17 17:13,2024-09-17 18:00
WTS,2024-09-17 18:55,2024-09-18 01:30
WTS,2024-09-20 18:00,2024-09-20 22:00
WTS,2024-09-21 10:55,2024-09-21 19:30
WTS,2024-09-22 01:08,2024-09-22 02:00
WTS,2024-09-22 13:25,2024-09-22 17:00
WTS,2024-09-24 04:30,2024-09-24 06:30
WTS,2024-09-24 07:15,2024-09-24 15:00
WTS,2024-09-25 08:08,2024-09-25 11:30
WTS,2024-09-28 01:15,2024-09-28 03:00
WTS,2024-09-28 11:05,2024-09-28 18:00
WTS,2024-10-07 03:30,2024-10-07 05:45
WTS,2025-03-15 14:30,2025-03-15 17:00
WTS,2025-04-12 14:27,2025-04-12 19:00
WTS,2025-04-24 18:50,2025-04-24 21:30
WTS,2025-04-25 01:37,2025-04-25 07:00
WTS,2025-04-25 07:27,2025-04-25 15:40
WTS,2025-04-25 23:18,2025-04-26 01:15
WTS,2025-04-28 07:05,2025-04-28 11:10
WTS,2025-05-01 14:35,2025-05-01 16:00
WTS,2025-05-04 14:45,2025-05-04 16:00
WTS,2025-05-05 21:59,2025-05-06 00:30
WTS,2025-05-06 10:45,2025-05-06 18:30
WTS,2025-05-06 20:10,2025-05-06 22:30
WTS,2025-05-07 08:35,2025-05-07 21:00
WTS,2025-05-09 10:10,2025-05-09 13:15
WTS,2025-05-10 20:30,2025-05-10 22:30
WTS,2025-05-19 16:20,2025-05-19 18:00
WTS,2025-05-20 10:26,2025-05-20 12:00
WTS,2025-05-23 18:15,2025-05-24 00:30
WTS,2025-05-24 11:21,2025-05-24 16:15
WTS,2025-05-28 23:15,2025-05-29 02:15
WTS,2025-05-29 09:20,2025-05-29 19:00
WTS,2025-06-03 07:25,2025-06-03 09:30
WTS,2025-06-04 15:43,2025-06-04 20:30
WTS,2025-06-11 02:25,2025-06-11 03:45
WTS,2025-06-11 12:25,2025-06-11 17:30
WTS,2025-06-12 00:20,2025-06-12 03:30
WTS,2025-06-12 19:40,2025-06-13 05:35
WTS,2025-06-13 07:42,2025-06-13 10:30
WTS,2025-06-13 11:10,2025-06-13 12:30
WTS,2025-06-13 14:15,2025-06-13 16:30
WTS,2025-06-13 18:55,2025-06-14 07:00
WTS,2025-06-14 11:15,2025-06-14 16:00
WTS,2025-06-15 08:45,2025-06-15 11:00
WTS,2025-06-15 13:13,2025-06-15 15:30
WTS,2025-06-16 09:02,2025-06-16 10:00
WTS,2025-06-16 14:40,2025-06-16 16:15
WTS,2025-06-16 18:00,2025-06-16 22:30
WTS,2025-06-17 02:30,2025-06-17 11:30
WTS,2025-06-17 17:42,2025-06-17 23:30
WTS,2025-06-19 09:14,2025-06-19 10:15
WTS,2025-06-20 12:50,2025-06-20 14:00
WTS,2025-06-20 16:36,2025-06-20 17:30
WTS,2025-06-21 02:11,2025-06-21 05:00
WTS,2025-06-21 16:30,2025-06-21 18:00
WTS,2025-06-22 14:42,2025-06-22 16:00
WTS,2025-06-23 04:27,2025-06-23 06:00
WTS,2025-06-26 06:12,2025-06-26 12:00
WTS,2025-06-26 16:30,2025-06-26 21:30
WTS,2025-06-27 00:25,2025-06-27 07:00
WTS,2025-06-27 11:55,2025-06-27 14:30
WTS,2025-06-27 15:36,2025-06-27 18:30
WTS,2025-06-27 23:20,2025-06-28 03:30
WTS,2025-06-28 07:06,2025-06-28 09:30
WTS,2025-06-28 17:49,2025-06-29 01:00
WTS,2025-06-29 06:45,2025-06-29 12:00
WTS,2025-06-30 04:40,2025-06-30 13:40
WTS,2025-06-30 20:45,2025-07-01 04:00
WTS,2025-07-01 05:55,2025-07-01 18:00
WTS,2025-07-02 01:00,2025-07-02 03:50
WTS,2025-07-02 11:09,2025-07-02 13:30
WTS,2025-07-03 03:43,2025-07-03 05:15
WTS,2025-07-05 13:47,2025-07-05 19:00
WTS,2025-07-07 05:07,2025-07-07 07:15
WTS,2025-07-08 10:37,2025-07-08 14:00
WTS,2025-07-08 23:47,2025-07-09 01:00
WTS,2025-07-09 02:46,2025-07-09 04:00
WTS,2025-07-09 06:58,2025-07-09 11:30
WTS,2025-07-09 18:10,2025-07-09 19:30
WTS,2025-07-09 22:00,2025-07-10 20:45
WTS,2025-07-11 06:00,2025-07-11 08:30
WTS,2025-07-11 23:50,2025-07-12 17:00
WTS,2025-07-14 06:48,2025-07-14 10:30
WTS,2025-07-15 07:00,2025-07-15 08:30
WTS,2025-07-15 12:09,2025-07-15 14:00
WTS,2025-07-15 15:24,2025-07-15 16:30
WTS,2025-07-18 03:40,2025-07-18 07:30
WTS,2025-07-18 10:00,2025-07-18 17:00
WTS,2025-07-19 18:30,2025-07-19 23:00
WTS,2025-07-20 01:00,2025-07-20 05:00
WTS,2025-07-20 06:20,2025-07-20 22:00
WTS,2025-07-21 08:03,2025-07-21 19:30
WTS,2025-07-22 15:16,2025-07-22 17:00
WTS,2025-07-22 20:55,2025-07-23 00:30
WTS,2025-07-23 04:30,2025-07-23 06:30
WTS,2025-07-23 17:10,2025-07-23 18:30
WTS,2025-07-24 13:11,2025-07-24 20:00
WTS,2025-07-25 13:40,2025-07-25 22:30
WTS,2025-07-28 15:44,2025-07-28 22:00
WTS,2025-07-29 01:20,2025-07-29 15:30
WTS,2025-07-30 18:05,2025-07-30 19:40
WTS,2025-07-31 01:15,2025-07-31 06:10
WTS,2025-07-31 09:50,2025-07-31 15:55
WTS,2025-08-01 14:15,2025-08-01 16:30
WTS,2025-08-02 00:30,2025-08-02 02:30
WTS,2025-08-02 04:00,2025-08-02 17:00
WTS,2025-08-02 18:58,2025-08-03 14:30
WTS,2025-08-03 16:13,2025-08-03 19:30
WTS,2025-08-03 22:31,2025-08-04 17:45
WTS,2025-08-04 19:55,2025-08-06 14:00
WTS,2025-08-11 04:10,2025-08-11 10:30
WTS,2025-08-11 11:35,2025-08-11 13:00
WTS,2025-08-12 04:36,2025-08-12 08:30
WTS,2025-08-14 04:10,2025-08-14 18:30
WTS,2025-08-14 19:12,2025-08-15 01:45
WTS,2025-08-15 06:00,2025-08-15 15:00
WTS,2025-08-16 23:50,2025-08-17 09:00
WTS,2025-08-17 12:25,2025-08-19 13:30
WTS,2025-08-23 19:10,2025-08-24 00:05
WTS,2025-08-25 17:05,2025-08-25 18:15
WTS,2025-08-26 15:03,2025-08-26 17:00
WTS,2025-08-27 11:50,2025-08-27 14:30
WTS,2025-08-27 15:15,2025-08-27 17:00
WTS,2025-08-28 00:25,2025-08-28 04:30
WTS,2025-08-30 08:40,2025-08-30 14:30
WTS,2025-09-02 12:49,2025-09-02 14:30
WTS,2025-09-03 12:03,2025-09-03 17:00
WTS,2025-09-04 12:58,2025-09-04 15:00
WTS,2025-09-07 03:50,2025-09-07 05:10
WTS,2025-09-07 09:53,2025-09-08 12:00
WTS,2025-09-09 08:52,2025-09-09 14:00
WTS,2025-09-10 14:00,2025-09-10 17:30
WTS,2025-09-15 07:00,2025-09-15 08:30
WTS,2025-09-15 13:14,2025-09-15 15:00
WTS,2025-09-16 03:15,2025-09-16 05:00
WTS,2025-09-17 05:00,2025-09-17 07:00
WTS,2025-09-17 16:20,2025-09-17 18:30
WTS,2025-09-18 12:35,2025-09-18 22:00
WTS,2025-09-20 03:15,2025-09-20 18:00
WTS,2025-09-20 23:15,2025-09-21 21:00
WTS,2025-09-25 01:15,2025-09-25 05:00
WTS,2025-09-25 11:31,2025-09-25 14:55
WTS,2025-09-28 11:13,2025-09-28 12:30
WTS,2025-10-04 14:55,2025-10-04 18:15
WTS,2025-10-04 19:21,2025-10-04 21:30
WTS,2025-10-04 23:40,2025-10-05 06:30
WTS,2025-10-05 08:10,2025-10-05 12:00
WTS,2025-10-12 09:25,2025-10-12 18:30
WTS,2025-10-13 09:57,2025-10-13 14:00
WTS,2025-10-13 23:40,2025-10-14 01:00
WTS,2025-10-14 03:24,2025-10-14 05:00
WTS,2026-03-02 19:25,2026-03-03 00:30
WTS,2026-03-03 22:05,2026-03-04 06:00
WTS,2026-03-27 15:20,2026-03-27 18:45
WTS,2026-03-28 12:32,2026-03-28 13:50
WTS,2026-03-29 18:18,2026-03-29 20:45
WTS,2026-03-30 09:25,2026-03-30 11:30
WTS,2026-03-30 13:15,2026-03-30 14:35
WTS,2026-03-31 20:00,2026-03-31 22:00
WTS,2026-04-03 16:15,2026-04-03 17:30
WTS,2026-04-04 09:50,2026-04-04 16:00
WTS,2026-04-05 10:20,2026-04-05 12:30
WTS,2026-04-05 13:05,2026-04-05 18:30
WTS,2026-04-17 15:40,2026-04-17 20:15
WTS,2026-04-20 12:15,2026-04-20 16:30
WTS,2026-04-21 04:10,2026-04-21 08:30
WTS,2026-04-23 17:20,2026-04-23 19:30
WTS,2026-04-24 01:25,2026-04-24 05:30
WTS,2026-04-24 06:05,2026-04-24 10:00
WTS,2026-04-24 12:25,2026-04-24 14:30
WTS,2026-04-28 14:02,2026-04-28 16:30
WTS,2026-04-29 01:20,2026-04-29 06:30
WTS,2026-04-29 09:20,2026-04-29 14:10
WTS,2026-04-29 16:38,2026-04-29 19:00
WTS,2026-05-03 12:35,2026-05-04 00:00
WTS,2026-05-08 23:40,2026-05-09 04:45
WTS,2026-05-14 11:25,2026-05-14 18:30
WTS,2026-05-15 07:00,2026-05-15 16:30
WTS,2026-05-19 09:00,2026-05-19 14:30
WTS,2026-05-20 05:45,2026-05-20 10:30
WTS,2026-05-20 19:45,2026-05-21 14:00
WTS,2026-05-21 22:40,2026-05-22 01:45
WTS,2026-05-29 14:52,2026-05-29 18:00
WTS,2026-05-29 20:35,2026-05-30 00:10
WTS,2026-05-31 04:45,2026-05-31 09:30
WTS,2026-05-31 12:35,2026-05-31 15:30
WTS,2026-06-05 11:50,2026-06-05 19:30
WTS,2026-06-05 20:45,2026-06-06 06:00
WTS,2026-06-06 09:10,2026-06-06 12:30
WTS,2026-06-06 13:45,2026-06-06 15:30
WTS,2026-06-06 18:20,2026-06-06 22:30
WTS,2026-06-07 12:30,2026-06-07 16:30
WTS,2026-06-07 21:15,2026-06-07 23:30
WTS,2026-06-08 00:00,2026-06-08 06:30
WTS,2026-06-08 09:00,2026-06-08 13:15
WTS,2026-06-08 14:45,2026-06-08 18:10
WTS,2026-06-08 18:45,2026-06-09 03:00
WTS,2026-06-13 03:50,2026-06-13 11:00
WTS,2026-06-13 13:30,2026-06-13 17:00
WTS,2026-06-13 18:00,2026-06-13 19:05
WTS,2026-06-14 07:45,2026-06-14 16:00
WTS,2026-06-14 17:27,2026-06-14 18:30
WTS,2026-06-14 19:25,2026-06-16 23:00
WTS,2026-06-17 04:00,2026-06-17 06:00
WTS,2026-06-17 07:00,2026-06-17 10:45
WTS,2026-06-17 15:15,2026-06-17 18:30
WTS,2026-06-18 01:30,2026-06-18 23:30
WTS,2026-06-25 02:45,2026-06-25 05:00
WTS,2026-06-25 10:40,2026-06-25 16:45
WTS,2026-06-25 21:30,2026-06-26 04:00
WTS,2026-06-26 10:20,2026-06-26 14:30
WTS,2026-06-26 14:52,2026-06-26 17:00
WTS,2026-06-26 18:15,2026-06-26 21:30
WTS,2026-06-27 05:20,2026-06-27 09:00
WTS,2026-06-28 04:31,2026-06-28 06:00
WTS,2026-06-28 08:35,2026-06-28 17:30
WTS,2026-06-29 01:35,2026-06-29 10:45
WTS,2026-06-29 14:58,2026-06-29 16:00
WTS,2026-06-29 23:50,2026-06-30 07:00
WTS,2026-06-30 16:35,2026-06-30 20:30
WTS,2026-07-02 13:20,2026-07-02 14:15
WTS,2026-07-02 20:40,2026-07-03 03:00
WTS,2026-07-03 07:29,2026-07-03 19:30
WTS,2026-07-03 20:15,2026-07-04 03:00
WTS,2026-07-04 06:00,2026-07-04 08:30
WTS,2026-07-04 10:18,2026-07-04 19:00
WTS,2026-07-04 20:45,2026-07-05 00:30
WTS,2026-07-05 05:05,2026-07-05 12:15
WTS,2026-07-05 22:40,2026-07-06 12:00
WTS,2026-07-06 16:30,2026-07-06 23:15
WTS,2026-07-07 02:45,2026-07-07 13:20
WTS,2026-07-07 16:15,2026-07-08 02:00
WTS,2026-07-08 03:25,2026-07-08 09:30
WTS,2026-07-08 10:15,2026-07-08 11:45
WTS,2026-07-08 14:15,2026-07-08 19:00
WTS,2026-07-09 03:55,2026-07-09 07:30
WTS,2026-07-09 10:13,2026-07-09 11:15
WTS,2026-07-09 13:10,2026-07-09 16:15
WTS,2026-07-10 06:15,2026-07-10 08:50
WTS,2026-07-14 03:45,2026-07-14 11:30
WTS,2026-07-15 08:50,2026-07-15 19:00
WTS,2026-07-16 05:19,2026-07-16 15:50
WTS,2026-07-16 21:00,2026-07-17 03:30
WTS,2026-07-17 03:42,2026-07-17 17:00
WTS,2026-07-18 02:35,2026-07-18 07:00
WTS,2026-07-18 08:55,2026-07-18 13:15
WTS,2026-07-18 14:20,2026-07-18 17:10
WTS,2026-07-19 09:25,2026-07-19 12:00
WTS,2026-07-19 16:21,2026-07-19 18:00
WTS,2026-07-20 05:10,2026-07-20 16:00
WTS,2026-07-21 10:30,2026-07-21 14:45
WTS,2026-07-22 19:10,2026-07-22 20:30
WTS,2026-07-25 14:25,2026-07-25 18:30
WTS,2026-07-26 11:15,2026-07-26 20:15
WTS,2026-07-26 21:15,2026-07-26 22:15
WTS,2026-07-26 23:30,2026-07-27 11:30
WTS,2026-07-28 05:10,2026-07-28 15:30
WTS,2026-07-29 05:06,2026-07-29 07:30
WTS,2026-07-29 17:00,2026-07-29 18:00
WTS,2026-07-30 09:50,2026-07-30 16:30
WTS,2026-07-31 06:00,2026-07-31 17:00
WTS,2026-07-31 22:00,2026-08-01 04:15
WTS,2026-08-01 06:45,2026-08-01 09:00
WTS,2026-08-01 10:20,2026-08-01 15:35
WTS,2026-08-01 17:30,2026-08-01 20:00
WTS,2026-08-02 05:05,2026-08-02 15:00
WTS,2026-08-02 19:00,2026-08-03 10:00
